id,title,filtered_words,label
R129,New Report on Election,"['wall', 'require', 'old', 'let', 'surface.', 'experts', 'discuss', 'ongoing', 'developments', 'election.']",REAL
R227,New Report on Climate Change,"['late', 'already', 'place', 'offer', 'it.', 'majority', 'dog', 'manager', 'particularly.', 'first', 'turn', 'woman', 'large.', 'experts', 'discuss', 'ongoing', 'developments', 'climate', 'change.']",REAL
F231,Aliens Confirmed by Sources,"['indicate', 'field', 'contain', 'throw', 'foot', 'would.', 'film', 'campaign', 'chair', 'future', 'cut', 'car', 'fly.', '—', 'shocking', 'claims', 'aliens', 'surface', 'internet.']",FAKE
R066,New Report on Policy,"['lot', 'authority', 'fact', 'hard', 'staff', 'congress.', 'least', 'way', 'base', 'now.', 'husband', 'power.', 'experts', 'discuss', 'ongoing', 'developments', 'policy.']",REAL
F095,Mind Control Confirmed by Sources,"['fast', 'happy', 'realize', 'money', 'rock', 'piece', 'third.', 'bag', 'follow', 'mind', 'member', 'success', 'enjoy.', '—', 'shocking', 'claims', 'mind', 'control', 'surface', 'internet.']",FAKE
R174,New Report on Policy,"['cover', 'doctor.', 'occur', 'take', 'edge.', 'service', 'lay', 'worker', 'build.', 'experts', 'discuss', 'ongoing', 'developments', 'policy.']",REAL
R201,New Report on Public Health,"['real', 'everyone', 'term', 'relate', 'actually.', 'experts', 'discuss', 'ongoing', 'developments', 'public', 'health.']",REAL
R072,New Report on Education,"['church', 'candidate', 'dinner', 'south.', 'simply', 'minute', 'idea.', 'experts', 'discuss', 'ongoing', 'developments', 'education.']",REAL
R064,New Report on Research,"['north', 'goal', 'evening', 'yeah', 'tell', 'responsibility.', 'especially', 'across', 'treatment', 'important', 'attack', 'represent', 'return.', 'dog', 'tax', 'cultural', 'scene', 'agent', 'model', 'hit', 'spend.', 'experts', 'discuss', 'ongoing', 'developments', 'research.']",REAL
F037,Miracle Drug Confirmed by Sources,"['grow', 'door', 'involve', 'across', 'outside.', 'kid', 'pay', 'ten', 'kid.', 'provide', 'institution', 'maybe', 'social', 'even', 'yeah', 'act.', '—', 'shocking', 'claims', 'miracle', 'drug', 'surface', 'internet.']",FAKE
R170,New Report on Technology Breakthrough,"['morning', 'meeting', 'choice', 'system', 'ahead', 'begin.', 'tv', 'anything', 'carry', 'rock.', 'structure', 'image', 'east', 'ahead', 'mind', 'left', 'hard', 'wall.', 'experts', 'discuss', 'ongoing', 'developments', 'technology', 'breakthrough.']",REAL
F110,Celebrity Scandal Confirmed by Sources,"['sort', 'third', 'direction', 'particularly', 'senior.', 'world', 'three', 'less', 'good', 'head.', '—', 'shocking', 'claims', 'celebrity', 'scandal', 'surface', 'internet.']",FAKE
F048,Secret Cure Confirmed by Sources,"['enough', 'serve', 'sell', 'might', 'sport.', '—', 'shocking', 'claims', 'secret', 'cure', 'surface', 'internet.']",FAKE
F082,Hoax Confirmed by Sources,"['much', 'loss', 'evidence', 'specific', 'behavior.', 'believe', 'century', 'despite', 'similar', 'program.', 'deal', 'miss', 'necessary.', '—', 'shocking', 'claims', 'hoax', 'surface', 'internet.']",FAKE
F187,Miracle Drug Confirmed by Sources,"['marriage', 'factor', 'sure', 'through.', 'mr', 'away', 'learn', 'true', 'method', 'five.', 'author', 'change', 'glass', 'beautiful.', '—', 'shocking', 'claims', 'miracle', 'drug', 'surface', 'internet.']",FAKE
F027,Miracle Drug Confirmed by Sources,"['language', 'election', 'president', 'partner', 'firm', 'become', 'sister', 'then.', 'board', 'decade', 'kind.', 'fact', 'mouth', 'catch', 'bed', 'care', 'house', 'will.', '—', 'shocking', 'claims', 'miracle', 'drug', 'surface', 'internet.']",FAKE
F202,Hoax Confirmed by Sources,"['staff', 'put', 'indeed', 'seem', 'scene.', 'add', 'especially', 'black', 'hot', 'beat', 'music.', '—', 'shocking', 'claims', 'hoax', 'surface', 'internet.']",REAL
F197,Secret Cure Confirmed by Sources,"['age', 'peace', 'difference', 'book', 'food', 'point.', 'another', 'without', 'party.', '—', 'shocking', 'claims', 'secret', 'cure', 'surface', 'internet.']",FAKE
R128,New Report on Climate Change,"['production', 'still', 'understand.', 'fall', 'bring', 'get', 'prevent', 'full', 'example.', 'movie', 'type', 'century', 'own.', 'experts', 'discuss', 'ongoing', 'developments', 'climate', 'change.']",REAL
F157,Government Cover-Up Confirmed by Sources,"['write', 'computer', 'really', 'including', 'option.', 'training', 'large', 'movie', 'let', 'loss', 'partner', 'hotel.', '—', 'shocking', 'claims', 'government', 'cover-up', 'surface', 'internet.']",FAKE
F117,Hoax Confirmed by Sources,"['skill', 'long', 'free', 'stand', 'pass.', '—', 'shocking', 'claims', 'hoax', 'surface', 'internet.']",FAKE
F173,Secret Cure Confirmed by Sources,"['power', 'message', 'debate', 'fast.', 'college', 'happy', 'wonder', 'low', 'others', 'heavy', 'laugh.', 'serve', 'affect', 'establish', 'real', 'congress', 'let.', '—', 'shocking', 'claims', 'secret', 'cure', 'surface', 'internet.']",FAKE
F024,Aliens Confirmed by Sources,"['join', 'anyone', 'current', 'product', 'theory', 'movement.', 'music', 'kitchen', 'training', 'account', 'leader', 'scientist', 'different.', '—', 'shocking', 'claims', 'aliens', 'surface', 'internet.']",FAKE
F096,Celebrity Scandal Confirmed by Sources,"['let', 'board', 'general', 'response', 'somebody', 'south.', 'political', 'focus', 'care', 'major', 'friend.', '—', 'shocking', 'claims', 'celebrity', 'scandal', 'surface', 'internet.']",FAKE
R247,New Report on Public Health,"['minute', 'nice', 'order.', 'north', 'rule', 'back.', 'quite', 'door', 'structure.', 'experts', 'discuss', 'ongoing', 'developments', 'public', 'health.']",REAL
F226,Government Cover-Up Confirmed by Sources,"['exactly', 'environment', 'lead', 'need', 'society', 'artist.', 'let', 'player', 'system', 'day', 'million', 'business', 'program.', 'piece.', '—', 'shocking', 'claims', 'government', 'cover-up', 'surface', 'internet.']",FAKE
F100,Flat Earth Confirmed by Sources,"['friend', 'house', 'capital', 'industry.', 'recognize', 'especially', 'foot', 'better', 'price', 'audience', 'or.', '—', 'shocking', 'claims', 'flat', 'earth', 'surface', 'internet.']",FAKE
F246,Government Cover-Up Confirmed by Sources,"['gas', 'test', 'conference.', 'individual', 'hard', 'part', 'until.', 'show', 'citizen', 'large', 'worker.', 'talk', 'build', 'certain', 'institution', 'wrong', 'yeah.', '—', 'shocking', 'claims', 'government', 'cover-up', 'surface', 'internet.']",REAL
F183,Aliens Confirmed by Sources,"['though', 'mother', 'brother', 'those.', 'mr', 'loss', 'rule', 'color', 'respond.', '—', 'shocking', 'claims', 'aliens', 'surface', 'internet.']",FAKE
R063,New Report on Policy,"['positive', 'source', 'learn', 'air.', 'apply', 'situation', 'action', 'floor', 'another.', 'stuff', 'subject', 'discuss', 'firm', 'agreement', 'understand', 'trip.', 'experts', 'discuss', 'ongoing', 'developments', 'policy.']",FAKE
R005,New Report on Election,"['indicate', 'age', 'travel', 'mother', 'across.', 'surface', 'together', 'sure', 'know', 'since', 'history', 'range.', 'notice', 'defense', 'of.', 'experts', 'discuss', 'ongoing', 'developments', 'election.']",REAL
R084,New Report on Election,"['important', 'modern', 'rich', 'agency', 'rate', 'book.', 'open', 'away', 'ready', 'three.', 'west', 'draw', 'better', 'however', 'middle', 'nation', 'available', 'mr.', 'experts', 'discuss', 'ongoing', 'developments', 'election.']",REAL
R124,New Report on Education,"['pull', 'budget', 'spend', 'report', 'suddenly.', 'strategy', 'without', 'cold.', 'cell', 'east', 'network', 'system.', 'experts', 'discuss', 'ongoing', 'developments', 'education.']",REAL
R118,New Report on Research,"['point', 'rule', 'floor', 'station', 'process', 'chair.', 'type', 'agency', 'pattern', 'event', 'simple.', 'experts', 'discuss', 'ongoing', 'developments', 'research.']",REAL
F001,Aliens Confirmed by Sources,"['style', 'shake', 'environmental', 'finally', 'trial.', 'final', 'thing', 'what.', '—', 'shocking', 'claims', 'aliens', 'surface', 'internet.']",FAKE
F007,Immortal Jellyfish Confirmed by Sources,"['though', 'position', 'control', 'poor', 'coach.', 'mother', 'collection', 'edge.', 'open', 'also', 'fight', 'add.', '—', 'shocking', 'claims', 'immortal', 'jellyfish', 'surface', 'internet.']",FAKE
F046,Mind Control Confirmed by Sources,"['education', 'detail', 'environmental', 'create.', 'break', 'full', 'evidence', 'population', 'reach.', '—', 'shocking', 'claims', 'mind', 'control', 'surface', 'internet.']",FAKE
R103,New Report on Research,"['total', 'page', 'prepare.', 'actually', 'animal', 'various', 'special', 'billion.', 'allow', 'course', 'level', 'question', 'hot', 'piece', 'one.', 'experts', 'discuss', 'ongoing', 'developments', 'research.']",REAL
R037,New Report on Budget Report,"['list', 'common', 'democrat', 'economy', 'ok.', 'support', 'control', 'almost', 'meet', 'right', 'president', 'right', 'school.', 'yes', 'government', 'hospital', 'happen', 'necessary', 'resource.', 'argue', 'series', 'free', 'near', 'black.', 'experts', 'discuss', 'ongoing', 'developments', 'budget', 'report.']",REAL
F193,Secret Cure Confirmed by Sources,"['thing', 'social', 'statement', 'stage.', 'drug', 'sign', 'long', 'on.', 'alone', 'movement', 'system', 'true', 'maintain.', '—', 'shocking', 'claims', 'secret', 'cure', 'surface', 'internet.']",FAKE
R166,New Report on Election,"['international', 'amount', 'concern', 'owner', 'director', 'production.', 'reality', 'doctor', 'training', 'successful', 'yard.', 'book', 'require', 'newspaper.', 'experts', 'discuss', 'ongoing', 'developments', 'election.']",REAL
F017,Immortal Jellyfish Confirmed by Sources,"['plant', 'million', 'trade', 'hope', 'top.', 'bed', 'effect', 'republican', 'stand', 'site', 'where.', 'five', 'success', 'cultural', 'modern', 'service.', '—', 'shocking', 'claims', 'immortal', 'jellyfish', 'surface', 'internet.']",FAKE
R008,New Report on Economic Growth,"['ability', 'gas', 'method', 'relationship', 'allow', 'short.', 'weight', 'assume', 'listen', 'choose', 'ever', 'south.', 'set', 'natural', 'eat.', 'share', 'everyone.', 'experts', 'discuss', 'ongoing', 'developments', 'economic', 'growth.']",REAL
F071,Celebrity Scandal Confirmed by Sources,"['raise', 'bad', 'central', 'go.', 'follow', 'start', 'business', 'agency', 'cause.', 'support', 'develop', 'outside', 'voice', 'clearly', 'service', 'follow.', '—', 'shocking', 'claims', 'celebrity', 'scandal', 'surface', 'internet.']",FAKE
F028,Mind Control Confirmed by Sources,"['street', 'city', 'science', 'run.', 'good', 'perhaps', 'reduce', 'easy', 'day', 'price', 'win.', '—', 'shocking', 'claims', 'mind', 'control', 'surface', 'internet.']",FAKE
F227,Immortal Jellyfish Confirmed by Sources,"['market', 'capital.', '—', 'shocking', 'claims', 'immortal', 'jellyfish', 'surface', 'internet.']",FAKE
R200,New Report on Public Health,"['consumer', 'trip', 'center', 'reveal.', 'wind', 'matter', 'way', 'major.', 'might', 'next', 'turn', 'state', 'city.', 'experts', 'discuss', 'ongoing', 'developments', 'public', 'health.']",REAL
R225,New Report on Climate Change,"['laugh', 'red', 'model', 'thousand', 'tree.', 'focus', 'even', 'work', 'civil', 'laugh.', 'group', 'design', 'responsibility', 'condition', 'arrive', 'computer.', 'chance', 'consumer', 'account', 'major', 'argue.', 'experts', 'discuss', 'ongoing', 'developments', 'climate', 'change.']",REAL
R062,New Report on Budget Report,"['far', 'stock', 'media', 'foot', 'shake.', 'hold', 'side', 'represent.', 'improve', 'five', 'thought', 'start', 'agency', 'war', 'around.', 'experts', 'discuss', 'ongoing', 'developments', 'budget', 'report.']",REAL
F033,Hoax Confirmed by Sources,"['message', 'whatever', 'law', 'anyone', 'rule', 'whatever', 'international.', '—', 'shocking', 'claims', 'hoax', 'surface', 'internet.']",FAKE
F012,Hoax Confirmed by Sources,"['foreign', 'development', 'drive', 'idea.', 'class', 'role', 'first', 'price', 'pick', 'later', 'sign.', 'religious', 'different', 'effect', 'year.', '—', 'shocking', 'claims', 'hoax', 'surface', 'internet.']",FAKE
R121,New Report on Research,"['nature', 'civil', 'image', 'similar.', 'bring', 'idea', 'apply', 'chair', 'close', 'but.', 'television', 'today', 'indicate', 'reality.', 'experts', 'discuss', 'ongoing', 'developments', 'research.']",REAL
F210,Aliens Confirmed by Sources,"['natural', 'tend', 'assume', 'glass', 'rest.', 'think', 'issue', 'other.', '—', 'shocking', 'claims', 'aliens', 'surface', 'internet.']",FAKE
F151,Hoax Confirmed by Sources,"['seven', 'pressure', 'leader.', 'speech', 'smile', 'hold', 'miss.', '—', 'shocking', 'claims', 'hoax', 'surface', 'internet.']",FAKE
F099,Secret Cure Confirmed by Sources,"['tv', 'worry', 'firm', 'mrs', 'fear', 'per.', 'win', 'recognize', 'board', 'letter', 'audience', 'world', 'light.', 'treat', 'meeting', 'foreign', 'room', 'upon', 'decade', 'worry.', '—', 'shocking', 'claims', 'secret', 'cure', 'surface', 'internet.']",FAKE
R090,New Report on Technology Breakthrough,"['send', 'skin', 'yeah.', 'fund', 'development', 'start', 'compare', 'water', 'growth', 'group.', 'experts', 'discuss', 'ongoing', 'developments', 'technology', 'breakthrough.']",REAL
R125,New Report on Budget Report,"['figure', 'ahead', 'place', 'tv', 'health.', 'leg', 'simply', 'east', 'sea', 'visit', 'agree', 'like.', 'task', 'home', 'student', 'body.', 'experts', 'discuss', 'ongoing', 'developments', 'budget', 'report.']",REAL
R091,New Report on Climate Change,"['plant', 'environment', 'budget', 'prevent', 'style.', 'let', 'floor', 'agreement.', 'experts', 'discuss', 'ongoing', 'developments', 'climate', 'change.']",REAL
R157,New Report on Climate Change,"['many', 'run', 'bed', 'look', 'soldier.', 'trade', 'us', 'fear', 'produce', 'glass.', 'experts', 'discuss', 'ongoing', 'developments', 'climate', 'change.']",REAL
F098,Miracle Drug Confirmed by Sources,"['suffer', 'even', 'section', 'happy', 'movie', 'follow.', 'power', 'decision', 'talk', 'suggest', 'century', 'ten.', 'take', 'instead', 'control', 'blood.', '—', 'shocking', 'claims', 'miracle', 'drug', 'surface', 'internet.']",FAKE
F164,Immortal Jellyfish Confirmed by Sources,"['full', 'dark', 'sense', 'final', 'town', 'its.', 'air', 'next', 'yet', 'always', 'tax', 'true.', '—', 'shocking', 'claims', 'immortal', 'jellyfish', 'surface', 'internet.']",FAKE
R050,New Report on Economic Growth,"['surface', 'call', 'force', 'hair', 'democratic.', 'back', 'work', 'pressure', 'present.', 'call', 'involve', 'event', 'artist.', 'modern', 'team', 'history', 'environmental', 'cultural', 'experience', 'mrs.', 'experts', 'discuss', 'ongoing', 'developments', 'economic', 'growth.']",REAL
R249,New Report on Climate Change,"['none', 'change', 'go', 'expect.', 'industry', 'billion', 'security.', 'experts', 'discuss', 'ongoing', 'developments', 'climate', 'change.']",REAL
R093,New Report on Election,"['whole', 'movement', 'pick', 'read.', 'season', 'budget', 'way', 'protect', 'develop', 'rise', 'color.', 'camera', 'idea', 'interview', 'prevent', 'yard', 'mean', 'easy.', 'ok', 'cell', 'purpose', 'push.', 'experts', 'discuss', 'ongoing', 'developments', 'election.']",REAL
R131,New Report on Education,"['minute', 'record', 'pm.', 'need', 'recent', 'world', 'relate.', 'experts', 'discuss', 'ongoing', 'developments', 'education.']",REAL
F107,Flat Earth Confirmed by Sources,"['program', 'quickly', 'catch', 'miss.', 'involve', 'quickly', 'ready', 'rich.', 'sure', 'building', 'send', 'end.', '—', 'shocking', 'claims', 'flat', 'earth', 'surface', 'internet.']",FAKE
F153,Hoax Confirmed by Sources,"['theory', 'military', 'religious', 'almost', 'mission', 'exactly', 'second.', 'phone', 'office', 'magazine', 'travel', 'decision.', '—', 'shocking', 'claims', 'hoax', 'surface', 'internet.']",FAKE
F091,Flat Earth Confirmed by Sources,"['account', 'camera', 'fill', 'democratic.', 'couple', 'people', 'message', 'run', 'road', 'true.', '—', 'shocking', 'claims', 'flat', 'earth', 'surface', 'internet.']",FAKE
R246,New Report on Economic Growth,"['community', 'wall', 'close', 'others.', 'marriage', 'able', 'customer', 'ability', 'spring.', 'memory', 'environmental', 'also', 'continue.', 'experts', 'discuss', 'ongoing', 'developments', 'economic', 'growth.']",REAL
F004,Secret Cure Confirmed by Sources,"['way', 'find', 'heavy', 'add', 'couple.', 'concern', 'spring', 'general', 'collection', 'opportunity.', '—', 'shocking', 'claims', 'secret', 'cure', 'surface', 'internet.']",FAKE
F220,Celebrity Scandal Confirmed by Sources,"['stay', 'alone', 'thank', 'total.', 'state', 'member', 'improve.', '—', 'shocking', 'claims', 'celebrity', 'scandal', 'surface', 'internet.']",FAKE
F121,Hoax Confirmed by Sources,"['certain', 'cultural', 'growth.', 'environmental', 'stand', 'moment', 'thousand', 'clear', 'home.', '—', 'shocking', 'claims', 'hoax', 'surface', 'internet.']",FAKE
F245,Mind Control Confirmed by Sources,"['management', 'use', 'partner', 'race', 'plan', 'her.', 'represent', 'discussion', 'cup', 'group', 'exactly.', 'happy', 'oil', 'visit', 'agreement', 'hard.', '—', 'shocking', 'claims', 'mind', 'control', 'surface', 'internet.']",FAKE
R035,New Report on Climate Change,"['really', 'high', 'west', 'degree', 'majority.', 'subject', 'participant', 'different', 'state.', 'carry', 'culture', 'address', 'machine', 'deal', 'fast', 'training', 'every.', 'experts', 'discuss', 'ongoing', 'developments', 'climate', 'change.']",REAL
R024,New Report on Education,"['give', 'war', 'city.', 'pass', 'exist', 'part', 'receive', 'suggest.', 'experts', 'discuss', 'ongoing', 'developments', 'education.']",REAL
F079,Miracle Drug Confirmed by Sources,"['rather', 'son', 'group', 'laugh', 'station', 'site', 'live.', 'mrs', 'water', 'a.', 'service', 'per', 'back', 'physical', 'expect', 'mrs', 'enjoy', 'state.', 'wide', 'let', 'law.', '—', 'shocking', 'claims', 'miracle', 'drug', 'surface', 'internet.']",FAKE
R094,New Report on Policy,"['indeed', 'local', 'almost', 'head.', 'station', 'check', 'six', 'religious', 'nature.', 'experts', 'discuss', 'ongoing', 'developments', 'policy.']",FAKE
R040,New Report on Policy,"['product', 'human', 'specific', 'son', 'quickly.', 'experts', 'discuss', 'ongoing', 'developments', 'policy.']",REAL
F170,Immortal Jellyfish Confirmed by Sources,"['field', 'back', 'culture', 'sound.', 'keep', 'talk', 'field', 'standard.', 'start', 'subject', 'behind', 'professor', 'bar', 'treatment.', '—', 'shocking', 'claims', 'immortal', 'jellyfish', 'surface', 'internet.']",FAKE
F130,Immortal Jellyfish Confirmed by Sources,"['truth', 'even', 'central', 'hard', 'billion.', 'education', 'performance', 'throughout', 'join.', 'rule', 'gas', 'word', 'than.', '—', 'shocking', 'claims', 'immortal', 'jellyfish', 'surface', 'internet.']",FAKE
R085,New Report on Economic Growth,"['international', 'month', 'individual', 'food.', 'dinner', 'modern', 'example', 'half', 'offer', 'pick.', 'experts', 'discuss', 'ongoing', 'developments', 'economic', 'growth.']",REAL
R054,New Report on Budget Report,"['everybody', 'thank', 'issue.', 'style', 'rock', 'cost', 'federal', 'break.', 'pm', 'indicate', 'tell', 'health.', 'throw', 'community', 'lay', 'number', 'field.', 'experts', 'discuss', 'ongoing', 'developments', 'budget', 'report.']",REAL
R047,New Report on Technology Breakthrough,"['technology', 'drop', 'need.', 'best', 'conference', 'according', 'listen', 'other.', 'experts', 'discuss', 'ongoing', 'developments', 'technology', 'breakthrough.']",REAL
R199,New Report on Economic Growth,"['inside', 'ground', 'change', 'save', 'unit.', 'trial', 'treatment', 'more.', 'experts', 'discuss', 'ongoing', 'developments', 'economic', 'growth.']",FAKE
F062,Miracle Drug Confirmed by Sources,"['actually', 'already', 'plan', 'arm', 'activity', 'television.', 'staff', 'crime', 'need', 'citizen', 'main.', '—', 'shocking', 'claims', 'miracle', 'drug', 'surface', 'internet.']",REAL
R244,New Report on Technology Breakthrough,"['time', 'pick', 'source', 'road.', 'coach', 'along', 'left', 'might', 'special.', 'standard', 'decision', 'account', 'wind', 'himself.', 'experts', 'discuss', 'ongoing', 'developments', 'technology', 'breakthrough.']",FAKE
R107,New Report on Election,"['manager', 'indeed', 'street.', 'tree', 'attack', 'entire', 'go', 'local', 'tree', 'news.', 'affect', 'account', 'air', 'people', 'notice', 'great.', 'experts', 'discuss', 'ongoing', 'developments', 'election.']",REAL
F148,Aliens Confirmed by Sources,"['give', 'body', 'cell', 'cost', 'film', 'outside', 'join', 'five.', '—', 'shocking', 'claims', 'aliens', 'surface', 'internet.']",FAKE
F023,Mind Control Confirmed by Sources,"['develop', 'course', 'glass', 'glass', 'rate', 'tv.', '—', 'shocking', 'claims', 'mind', 'control', 'surface', 'internet.']",FAKE
R075,New Report on Budget Report,"['institution', 'pick', 'full', 'draw', 'the.', 'maintain', 'worker', 'like', 'citizen.', 'federal', 'explain', 'staff', 'fire', 'sense', 'special', 'why.', 'experts', 'discuss', 'ongoing', 'developments', 'budget', 'report.']",REAL
R220,New Report on Public Health,"['control', 'truth', 'recognize', 'hard', 'police', 'policy', 'statement.', 'several', 'prepare', 'meet', 'just.', 'economic', 'heavy', 'expert', 'generation.', 'experts', 'discuss', 'ongoing', 'developments', 'public', 'health.']",REAL
R099,New Report on Economic Growth,"['trip', 'notice', 'politics', 'loss', 'especially.', 'design', 'easy', 'think', 'bed', 'blue', 'image', 'home.', 'experts', 'discuss', 'ongoing', 'developments', 'economic', 'growth.']",REAL
F066,Flat Earth Confirmed by Sources,"['provide', 'agent', 'decision.', 'send', 'professional', 'debate', 'couple', 'item', 'speech', 'you.', 'school', 'future', 'cause', 'protect.', '—', 'shocking', 'claims', 'flat', 'earth', 'surface', 'internet.']",FAKE
F060,Flat Earth Confirmed by Sources,"['sister', 'network', 'consumer', 'owner', 'young.', 'minute', 'paper', 'forward', 'meeting.', 'watch', 'carry', 'staff', 'allow', 'since', 'but.', '—', 'shocking', 'claims', 'flat', 'earth', 'surface', 'internet.']",FAKE
F022,Government Cover-Up Confirmed by Sources,"['station', 'care', 'sell', 'past', 'democrat', 'clear', 'western.', '—', 'shocking', 'claims', 'government', 'cover-up', 'surface', 'internet.']",FAKE
F127,Mind Control Confirmed by Sources,"['sign', 'indeed', 'stock', 'so.', 'student', 'skin', 'window', 'stuff', 'police.', 'market', 'office', 'party', 'either.', '—', 'shocking', 'claims', 'mind', 'control', 'surface', 'internet.']",FAKE
R212,New Report on Education,"['paper', 'real', 'type', 'big', 'her.', 'authority', 'discussion', 'director', 'father.', 'woman', 'finally', 'art', 'find', 'feel.', 'experts', 'discuss', 'ongoing', 'developments', 'education.']",REAL
F119,Mind Control Confirmed by Sources,"['trial', 'pass', 'according', 'thousand', 'choice', 'pm.', 'recognize', 'head', 'finish', 'lot', 'which.', '—', 'shocking', 'claims', 'mind', 'control', 'surface', 'internet.']",FAKE
F103,Hoax Confirmed by Sources,"['political', 'present', 'short', 'break.', 'president', 'billion', 'in.', 'interview', 'color', 'forward', 'later', 'gas', 'system.', '—', 'shocking', 'claims', 'hoax', 'surface', 'internet.']",FAKE
F191,Mind Control Confirmed by Sources,"['member', 'late', 'call', 'general', 'wind.', 'author', 'though', 'positive', 'property', 'technology', 'determine.', 'condition', 'writer', 'debate', 'large.', '—', 'shocking', 'claims', 'mind', 'control', 'surface', 'internet.']",FAKE
F002,Mind Control Confirmed by Sources,"['feel', 'rather', 'lay', 'space.', 'something', 'degree', 'site', 'development.', '—', 'shocking', 'claims', 'mind', 'control', 'surface', 'internet.']",FAKE
R155,New Report on Election,"['country', 'realize', 'much', 'difficult', 'assume', 'big.', 'discuss', 'glass', 'special', 'save', 'actually', 'green', 'far.', 'fine', 'carry', 'dream', 'project', 'democratic', 'somebody', 'join.', 'maintain', 'time', 'step', 'huge', 'american.', 'experts', 'discuss', 'ongoing', 'developments', 'election.']",REAL
R006,New Report on Technology Breakthrough,"['key', 'senior', 'manage', 'dinner', 'recognize', 'push', 'care.', 'training', 'throw', 'process.', 'outside', 'exist', 'seem', 'staff', 'answer.', 'experts', 'discuss', 'ongoing', 'developments', 'technology', 'breakthrough.']",REAL
F086,Government Cover-Up Confirmed by Sources,"['story', 'hope', 'day', 'six.', 'card', 'care', 'never', 'million', 'ball.', 'brother', 'fight', 'suddenly', 'charge', 'movie.', '—', 'shocking', 'claims', 'government', 'cover-up', 'surface', 'internet.']",FAKE
R168,New Report on Election,"['baby', 'culture', 'low', 'check', 'letter.', 'attorney', 'look', 'responsibility', 'ok', 'join.', 'experts', 'discuss', 'ongoing', 'developments', 'election.']",REAL
R077,New Report on Public Health,"['work', 'anything', 'expect.', 'want', 'move', 'letter', 'hot.', 'pull', 'memory', 'quickly', 'perhaps', 'read', 'anyone.', 'experts', 'discuss', 'ongoing', 'developments', 'public', 'health.']",REAL
F209,Hoax Confirmed by Sources,"['idea', 'wait', 'ago', 'wide', 'pass.', 'recognize', 'minute', 'ball', 'whether', 'republican', 'plant.', '—', 'shocking', 'claims', 'hoax', 'surface', 'internet.']",FAKE
R236,New Report on Public Health,"['happy', 'treat', 'health.', 'maybe', 'require', 'read', 'federal', 'beat.', 'experts', 'discuss', 'ongoing', 'developments', 'public', 'health.']",REAL
F186,Aliens Confirmed by Sources,"['enter', 'list', 'able', 'bad.', 'sister', 'first', 'world', 'foreign', 'although', 'word', 'fill', 'card.', 'tonight', 'gun', 'near', 'continue', 'me.', '—', 'shocking', 'claims', 'aliens', 'surface', 'internet.']",FAKE
R243,New Report on Public Health,"['happen', 'quickly', 'industry', 'draw', 'discover', 'develop.', 'book', 'true', 'fact', 'lead', 'change.', 'experts', 'discuss', 'ongoing', 'developments', 'public', 'health.']",REAL
F094,Immortal Jellyfish Confirmed by Sources,"['behind', 'experience', 'fire', 'past', 'man', 'capital.', 'structure', 'someone', 'movie', 'economic', 'church.', '—', 'shocking', 'claims', 'immortal', 'jellyfish', 'surface', 'internet.']",FAKE
R032,New Report on Economic Growth,"['community', 'director', 'budget', 'face.', 'surface', 'involve', 'dinner', 'art', 'industry', 'thank', 'tough.', 'experts', 'discuss', 'ongoing', 'developments', 'economic', 'growth.']",REAL
R033,New Report on Education,"['meet', 'account', 'break', 'people', 'the.', 'require', 'assume', 'big', 'sound.', 'ground', 'hospital', 'door', 'back', 'rather', 'certainly', 'growth.', 'experts', 'discuss', 'ongoing', 'developments', 'education.']",FAKE
R045,New Report on Technology Breakthrough,"['win', 'rule', 'everything', 'list', 'simply', 'hope', 'section.', 'produce', 'data', 'security', 'hit', 'owner.', 'experts', 'discuss', 'ongoing', 'developments', 'technology', 'breakthrough.']",REAL
R116,New Report on Education,"['right', 'focus', 'language', 'skill', 'analysis', 'anything.', 'experts', 'discuss', 'ongoing', 'developments', 'education.']",REAL
F056,Celebrity Scandal Confirmed by Sources,"['actually', 'market', 'economy', 'dark', 'condition', 'economic', 'find.', 'help', 'image', 'office', 'respond', 'deal.', 'believe', 'security', 'describe', 'themselves.', '—', 'shocking', 'claims', 'celebrity', 'scandal', 'surface', 'internet.']",FAKE
R043,New Report on Policy,"['hundred', 'require', 'physical', 'effort.', 'treat', 'enough', 'build', 'chance', 'clear', 'customer', 'watch.', 'rule', 'clear', 'reduce', 'address', 'open', 'reality.', 'experts', 'discuss', 'ongoing', 'developments', 'policy.']",REAL
R145,New Report on Economic Growth,"['key', 'agree', 'often', 'collection', 'worry', 'computer', 'strong.', 'artist', 'notice', 'eat.', 'experts', 'discuss', 'ongoing', 'developments', 'economic', 'growth.']",REAL
F200,Secret Cure Confirmed by Sources,"['wide', 'throughout', 'dinner', 'carry', 'may.', 'bar', 'try', 'bar', 'poor', 'western', 'social', 'into.', 'medical', 'within', 'foreign', 'upon.', '—', 'shocking', 'claims', 'secret', 'cure', 'surface', 'internet.']",FAKE
F034,Celebrity Scandal Confirmed by Sources,"['old', 'forward', 'wait', 'concern', 'factor', 'everything', 'low.', 'glass', 'theory', 'camera', 'instead', 'follow', 'let.', '—', 'shocking', 'claims', 'celebrity', 'scandal', 'surface', 'internet.']",FAKE
F149,Secret Cure Confirmed by Sources,"['structure', 'student', 'far', 'take', 'security', 'represent', 'act.', 'american', 'produce', 'mrs', 'consumer', 'dark', 'economy.', 'together', 'suddenly', 'style', 'think', 'seem', 'professor.', '—', 'shocking', 'claims', 'secret', 'cure', 'surface', 'internet.']",FAKE
F051,Secret Cure Confirmed by Sources,"['pretty', 'remember', 'since', 'notice', 'law', 'somebody', 'yes.', 'group', 'charge', 'daughter', 'firm', 'example.', 'consumer', 'wall', 'author', 'impact', 'score.', '—', 'shocking', 'claims', 'secret', 'cure', 'surface', 'internet.']",FAKE
F089,Flat Earth Confirmed by Sources,"['show', 'develop', 'necessary', 'stop', 'beat', 'hour', 'dog.', 'well', 'win', 'yet', 'walk', 'congress', 'firm', 'staff', 'leg.', 'impact', 'remain', 'skin', 'hospital', 'dinner.', '—', 'shocking', 'claims', 'flat', 'earth', 'surface', 'internet.']",FAKE
F135,Flat Earth Confirmed by Sources,"['represent', 'serve', 'message', 'interest', 'response', 'focus.', 'trial', 'black', 'yard', 'watch', 'dark', 'item.', '—', 'shocking', 'claims', 'flat', 'earth', 'surface', 'internet.']",FAKE
F088,Government Cover-Up Confirmed by Sources,"['nature', 'message', 'former', 'individual', 'day.', 'agree', 'simply', 'feeling', 'manager', 'end', 'head.', '—', 'shocking', 'claims', 'government', 'cover-up', 'surface', 'internet.']",FAKE
R010,New Report on Election,"['local', 'personal', 'really.', 'line', 'arm', 'blue.', 'experts', 'discuss', 'ongoing', 'developments', 'election.']",REAL
R211,New Report on Policy,"['week', 'either', 'administration.', 'experts', 'discuss', 'ongoing', 'developments', 'policy.']",REAL
F204,Miracle Drug Confirmed by Sources,"['event', 'face', 'officer', 'white.', 'worry', 'arm', 'either', 'gun', 'sell', 'simply.', 'professor', 'front', 'defense', 'consumer.', '—', 'shocking', 'claims', 'miracle', 'drug', 'surface', 'internet.']",FAKE
F168,Miracle Drug Confirmed by Sources,"['significant', 'recently', 'meet', 'spring', 'great.', '—', 'shocking', 'claims', 'miracle', 'drug', 'surface', 'internet.']",FAKE
R011,New Report on Public Health,"['class', 'local', 'east.', 'energy', 'cost', 'major', 'star', 'medical', 'affect', 'skin.', 'consider', 'receive', 'three', 'note', 'walk', 'agent.', 'experts', 'discuss', 'ongoing', 'developments', 'public', 'health.']",REAL
R232,New Report on Climate Change,"['claim', 'still', 'training.', 'partner', 'hour', 'spend', 'major.', 'experts', 'discuss', 'ongoing', 'developments', 'climate', 'change.']",REAL
R042,New Report on Public Health,"['stop', 'short', 'history', 'guy', 'course', 'inside', 'fish', 'campaign.', 'experts', 'discuss', 'ongoing', 'developments', 'public', 'health.']",REAL
F182,Hoax Confirmed by Sources,"['business', 'lose', 'magazine', 'difficult', 'likely.', 'town', 'stock', 'message', 'current', 'professor', 'pick', 'figure.', 'tonight', 'somebody', 'sort', 'staff', 'home.', '—', 'shocking', 'claims', 'hoax', 'surface', 'internet.']",FAKE
F036,Miracle Drug Confirmed by Sources,"['material', 'six', 'parent', 'near.', '—', 'shocking', 'claims', 'miracle', 'drug', 'surface', 'internet.']",FAKE
F068,Secret Cure Confirmed by Sources,"['scientist', 'blue', 'situation.', 'fight', 'let', 'central', 'institution.', 'open', 'company', 'example', 'matter.', '—', 'shocking', 'claims', 'secret', 'cure', 'surface', 'internet.']",FAKE
R015,New Report on Election,"['marriage', 'thought', 'yes', 'contain.', 'week', 'language', 'management', 'stand', 'economic', 'particular.', 'experts', 'discuss', 'ongoing', 'developments', 'election.']",REAL
R147,New Report on Climate Change,"['religious', 'pm', 'room', 'professional', 'center.', 'customer', 'miss', 'human', 'believe.', 'experts', 'discuss', 'ongoing', 'developments', 'climate', 'change.']",REAL
F198,Government Cover-Up Confirmed by Sources,"['record', 'simple', 'whose', 'physical', 'either', 'down.', 'reduce', 'specific', 'head', 'respond', 'drive', 'suffer.', '—', 'shocking', 'claims', 'government', 'cover-up', 'surface', 'internet.']",FAKE
R081,New Report on Climate Change,"['resource', 'person', 'quite', 'reveal', 'property', 'audience.', 'civil', 'force', 'summer', 'if.', 'main', 'high', 'road', 'develop', 'us', 'fear.', 'experts', 'discuss', 'ongoing', 'developments', 'climate', 'change.']",REAL
F050,Aliens Confirmed by Sources,"['yeah', 'hotel', 'run', 'find', 'end', 'myself.', 'doctor', 'response', 'road', 'program', 'million.', '—', 'shocking', 'claims', 'aliens', 'surface', 'internet.']",FAKE
F162,Celebrity Scandal Confirmed by Sources,"['old', 'woman', 'answer', 'forget', 'production', 'turn', 'accept.', 'image', 'pay', 'teach', 'where.', '—', 'shocking', 'claims', 'celebrity', 'scandal', 'surface', 'internet.']",FAKE
R028,New Report on Technology Breakthrough,"['seat', 'candidate', 'analysis', 'threat.', 'practice', 'far', 'artist', 'trouble', 'necessary.', 'guy', 'heart', 'table.', 'work', 'case', 'say', 'short', 'face', 'forget', 'threat.', 'experts', 'discuss', 'ongoing', 'developments', 'technology', 'breakthrough.']",REAL
R195,New Report on Budget Report,"['color', 'work', 'reason', 'hair.', 'instead', 'hundred', 'happen', 'enter', 'weight', 'piece.', 'experts', 'discuss', 'ongoing', 'developments', 'budget', 'report.']",REAL
F116,Aliens Confirmed by Sources,"['science', 'human', 'modern', 'school', 'evidence', 'in.', 'decide', 'month', 'item', 'maybe', 'discussion.', '—', 'shocking', 'claims', 'aliens', 'surface', 'internet.']",FAKE
R018,New Report on Research,"['evidence', 'course', 'relate', 'culture', 'new', 'minute', 'message', 'democrat.', 'skill', 'group', 'nation', 'court', 'nearly.', 'experts', 'discuss', 'ongoing', 'developments', 'research.']",REAL
F073,Immortal Jellyfish Confirmed by Sources,"['modern', 'consumer', 'listen', 'see', 'final', 'experience.', 'remain', 'officer', 'past', 'drop', 'similar.', 'page', 'throughout', 'time.', '—', 'shocking', 'claims', 'immortal', 'jellyfish', 'surface', 'internet.']",FAKE
F059,Miracle Drug Confirmed by Sources,"['debate', 'table', 'space', 'manager', 'degree', 'season', 'only.', 'contain', 'world', 'serious', 'result', 'reach', 'we.', '—', 'shocking', 'claims', 'miracle', 'drug', 'surface', 'internet.']",FAKE
R078,New Report on Budget Report,"['much', 'onto', 'again.', 'place', 'imagine', 'human', 'enjoy', 'leave', 'bring.', 'experts', 'discuss', 'ongoing', 'developments', 'budget', 'report.']",REAL
F216,Secret Cure Confirmed by Sources,"['purpose', 'decade', 'personal', 'travel.', 'base', 'town.', '—', 'shocking', 'claims', 'secret', 'cure', 'surface', 'internet.']",FAKE
F206,Celebrity Scandal Confirmed by Sources,"['food', 'subject', 'determine', 'sometimes', 'congress', 'much', 'direction.', 'production', 'though', 'main', 'wish.', 'fly', 'network', 'trouble', 'sister', 'memory', 'more.', '—', 'shocking', 'claims', 'celebrity', 'scandal', 'surface', 'internet.']",FAKE
R036,New Report on Research,"['none', 'happy', 'hold', 'political', 'decide.', 'time', 'soldier', 'project', 'idea', 'science.', 'run', 'billion', 'determine', 'unit.', 'experts', 'discuss', 'ongoing', 'developments', 'research.']",REAL
F104,Aliens Confirmed by Sources,"['prove', 'drug', 'education', 'available', 'face', 'leave.', 'tough', 'positive', 'see', 'student.', '—', 'shocking', 'claims', 'aliens', 'surface', 'internet.']",FAKE
F000,Hoax Confirmed by Sources,"['figure', 'fly', 'still', 'weight', 'fall', 'try', 'artist.', 'go', 'check', 'democrat', 'role', 'account', 'leader.', 'great', 'goal', 'question', 'stage', 'develop', 'true', 'her.', '—', 'shocking', 'claims', 'hoax', 'surface', 'internet.']",FAKE
R136,New Report on Education,"['first', 'happen', 'personal', 'another.', 'party', 'party', 'reach', 'attack.', 'experts', 'discuss', 'ongoing', 'developments', 'education.']",REAL
F019,Immortal Jellyfish Confirmed by Sources,"['rock', 'collection', 'especially', 'thousand', 'body', 'career.', 'kid', 'score', 'half', 'according.', 'agency', 'maybe', 'alone', 'civil', 'result', 'apply.', '—', 'shocking', 'claims', 'immortal', 'jellyfish', 'surface', 'internet.']",FAKE
R012,New Report on Technology Breakthrough,"['message', 'yes', 'old.', 'something', 'artist', 'example', 'year', 'notice', 'picture.', 'describe', 'describe', 'yet.', 'experts', 'discuss', 'ongoing', 'developments', 'technology', 'breakthrough.']",REAL
R052,New Report on Education,"['wrong', 'away', 'easy', 'reason.', 'study', 'office', 'six', 'space', 'development', 'yet.', 'economy', 'tell', 'day', 'hour', 'man', 'operation.', 'experts', 'discuss', 'ongoing', 'developments', 'education.']",REAL
R123,New Report on Climate Change,"['mouth', 'attention', 'involve', 'parent', 'remember', 'work', 'drop.', 'system', 'good', 'change.', 'east', 'pm', 'body', 'bed', 'unit.', 'sign', 'government', 'field', 'notice', 'position', 'science', 'peace.', 'experts', 'discuss', 'ongoing', 'developments', 'climate', 'change.']",REAL
F040,Government Cover-Up Confirmed by Sources,"['left', 'key', 'spend.', 'power', 'statement', 'accept', 'performance', 'performance.', 'cut', 'join', 'visit', 'according.', '—', 'shocking', 'claims', 'government', 'cover-up', 'surface', 'internet.']",FAKE
R160,New Report on Climate Change,"['nature', 'first.', 'finally', 'machine', 'resource', 'message', 'position', 'cover', 'worry.', 'service', 'whether', 'medical', 'past', 'education.', 'experts', 'discuss', 'ongoing', 'developments', 'climate', 'change.']",REAL
F067,Immortal Jellyfish Confirmed by Sources,"['professional', 'town', 'pressure', 'like.', 'add', 'student', 'opportunity', 'yeah', 'simply', 'message', 'action.', '—', 'shocking', 'claims', 'immortal', 'jellyfish', 'surface', 'internet.']",FAKE
R069,New Report on Research,"['international', 'center', 'six', 'south', 'young.', 'say', 'far', 'avoid', 'role', 'so.', 'public', 'mention', 'eye', 'meet', 'east.', 'experts', 'discuss', 'ongoing', 'developments', 'research.']",REAL
F160,Mind Control Confirmed by Sources,"['american', 'suffer', 'theory', 'and.', 'mind', 'politics', 'safe', 'rock', 'teacher', 'bill.', '—', 'shocking', 'claims', 'mind', 'control', 'surface', 'internet.']",FAKE
F053,Hoax Confirmed by Sources,"['school', 'manage', 'others', 'several.', 'throughout', 'least', 'option', 'dream', 'range', 'series', 'red.', '—', 'shocking', 'claims', 'hoax', 'surface', 'internet.']",FAKE
R074,New Report on Education,"['future', 'television', 'professor', 'something', 'form', 'everything.', 'start', 'front', 'enough', 'full.', 'experts', 'discuss', 'ongoing', 'developments', 'education.']",REAL
R007,New Report on Election,"['risk', 'take', 'big', 'room.', 'summer', 'guy', 'six', 'television', 'they.', 'experts', 'discuss', 'ongoing', 'developments', 'election.']",FAKE
R119,New Report on Climate Change,"['think', 'fast', 'yard', 'environment.', 'character', 'approach', 'various', 'training', 'popular.', 'experts', 'discuss', 'ongoing', 'developments', 'climate', 'change.']",REAL
R087,New Report on Budget Report,"['long', 'safe', 'shoulder', 'skill', 'our.', 'ago', 'clearly', 'outside', 'middle', 'factor', 'close.', 'although', 'floor', 'source', 'entire', 'across.', 'experts', 'discuss', 'ongoing', 'developments', 'budget', 'report.']",REAL
F145,Miracle Drug Confirmed by Sources,"['may', 'increase', 'occur.', '—', 'shocking', 'claims', 'miracle', 'drug', 'surface', 'internet.']",REAL
R065,New Report on Budget Report,"['suddenly', 'culture', 'mother', 'born.', 'information', 'adult', 'paper', 'always', 'action', 'card', 'share.', 'near', 'old', 'budget', 'article', 'arrive', 'discuss', 'car.', 'experts', 'discuss', 'ongoing', 'developments', 'budget', 'report.']",REAL
R208,New Report on Budget Report,"['year', 'seven', 'policy', 'firm', 'past', 'along', 'level.', 'soon', 'age', 'foreign', 'two', 'practice', 'majority.', 'experts', 'discuss', 'ongoing', 'developments', 'budget', 'report.']",REAL
R048,New Report on Budget Report,"['apply', 'important', 'sell', 'learn.', 'yeah', 'rich', 'important', 'stay', 'stage', 'nor.', 'machine', 'people.', 'experts', 'discuss', 'ongoing', 'developments', 'budget', 'report.']",REAL
F076,Aliens Confirmed by Sources,"['trip', 'wife', 'fight', 'which.', 'culture', 'start', 'quite', 'movie', 'call.', 'raise', 'team', 'wide', 'main', 'research', 'fish.', 'whatever', 'kitchen', 'political', 'federal', 'allow.', '—', 'shocking', 'claims', 'aliens', 'surface', 'internet.']",FAKE
R019,New Report on Policy,"['owner', 'institution', 'short', 'professional.', 'artist', 'service', 'character', 'may', 'appear', 'lead', 'main.', 'one', 'drive', 'receive', 'hold', 'thank.', 'experts', 'discuss', 'ongoing', 'developments', 'policy.']",REAL
F115,Immortal Jellyfish Confirmed by Sources,"['three', 'paper', 'defense', 'sometimes', 'skill.', 'life', 'indicate', 'animal', 'whatever', 'thus', 'candidate.', 'visit', 'step', 'wear', 'oil', 'fast', 'situation', 'teach.', '—', 'shocking', 'claims', 'immortal', 'jellyfish', 'surface', 'internet.']",FAKE
R031,New Report on Education,"['learn', 'defense', 'thousand', 'blood', 'red.', 'want', 'mention', 'though', 'new', 'investment.', 'experts', 'discuss', 'ongoing', 'developments', 'education.']",REAL
R190,New Report on Research,"['discussion', 'heavy', 'big', 'realize', 'experience', 'from.', 'run', 'grow', 'development', 'court.', 'natural', 'crime', 'produce', 'past', 'hear', 'detail', 'hold.', 'experts', 'discuss', 'ongoing', 'developments', 'research.']",REAL
F057,Mind Control Confirmed by Sources,"['tonight', 'describe', 'month.', 'quite', 'near', 'success.', 'choose', 'star', 'go', 'manager', 'write', 'marriage.', 'law', 'key', 'direction', 'quickly', 'shake.', '—', 'shocking', 'claims', 'mind', 'control', 'surface', 'internet.']",FAKE
F158,Immortal Jellyfish Confirmed by Sources,"['save', 'discover', 'check', 'right.', 'response', 'movement', 'consider', 'try', 'recent', 'military', 'rock.', 'prepare', 'general', 'enough', 'throw', 'heavy.', '—', 'shocking', 'claims', 'immortal', 'jellyfish', 'surface', 'internet.']",FAKE
F234,Flat Earth Confirmed by Sources,"['church', 'network', 'late', 'city', 'party', 'during.', 'ok', 'add', 'simply', 'read', 'commercial', 'for.', '—', 'shocking', 'claims', 'flat', 'earth', 'surface', 'internet.']",FAKE
F155,Flat Earth Confirmed by Sources,"['ask', 'back', 'many', 'enjoy', 'cold', 'car', 'stock.', 'center', 'impact', 'rather', 'choice', 'traditional', 'crime', 'south.', 'industry', 'station', 'season', 'role', 'movie.', '—', 'shocking', 'claims', 'flat', 'earth', 'surface', 'internet.']",FAKE
F106,Flat Earth Confirmed by Sources,"['cultural', 'able', 'join', 'dinner', 'hot.', 'participant', 'play', 'woman', 'happen', 'tough', 'recent.', 'ahead', 'early', 'sound', 'meet', 'truth.', '—', 'shocking', 'claims', 'flat', 'earth', 'surface', 'internet.']",FAKE
R051,New Report on Policy,"['sometimes', 'different', 'exactly', 'ready', 'sea.', 'mrs', 'read', 'item', 'listen', 'reveal', 'month.', 'experts', 'discuss', 'ongoing', 'developments', 'policy.']",REAL
R203,New Report on Education,"['top', 'detail', 'situation', 'read', 'marriage', 'cause', 'natural.', 'window', 'current', 'else', 'may', 'capital', 'cover.', 'born', 'general', 'interesting', 'summer.', 'experts', 'discuss', 'ongoing', 'developments', 'education.']",REAL
F063,Secret Cure Confirmed by Sources,"['second', 'technology', 'one', 'small', 'summer', 'large', 'how.', 'maybe', 'fear', 'conference', 'use', 'effect', 'recent', 'network.', '—', 'shocking', 'claims', 'secret', 'cure', 'surface', 'internet.']",FAKE
R080,New Report on Policy,"['onto', 'research.', 'church', 'might', 'always', 'rate', 'whether', 'actually.', 'experts', 'discuss', 'ongoing', 'developments', 'policy.']",REAL
R226,New Report on Public Health,"['discuss', 'remember', 'read', 'plant', 'current.', 'low', 'agency', 'instead', 'loss', 'firm', 'key.', 'experts', 'discuss', 'ongoing', 'developments', 'public', 'health.']",REAL
F144,Hoax Confirmed by Sources,"['either', 'character', 'provide', 'mission', 'carry', 'we.', 'travel', 'ever', 'section', 'culture.', '—', 'shocking', 'claims', 'hoax', 'surface', 'internet.']",FAKE
F241,Flat Earth Confirmed by Sources,"['key', 'certain', 'star', 'population', 'tonight', 'official', 'effect.', 'bill', 'man', 'bag', 'discussion', 'surface', 'everything', 'stand.', 'either', 'us', 'many', 'sister.', '—', 'shocking', 'claims', 'flat', 'earth', 'surface', 'internet.']",FAKE
R150,New Report on Election,"['develop', 'build', 'matter', 'really', 'message', 'role', 'a.', 'present', 'money', 'peace', 'color', 'skin', 'family.', 'learn', 'training', 'everybody', 'wonder', 'yet', 'business', 'question.', 'experts', 'discuss', 'ongoing', 'developments', 'election.']",REAL
R153,New Report on Research,"['one', 'radio', 'help', 'environment', 'suggest', 'score', 'social.', 'experts', 'discuss', 'ongoing', 'developments', 'research.']",REAL
F175,Hoax Confirmed by Sources,"['charge', 'responsibility', 'town.', '—', 'shocking', 'claims', 'hoax', 'surface', 'internet.']",FAKE
F161,Immortal Jellyfish Confirmed by Sources,"['onto', 'poor', 'upon', 'thousand', 'simple.', 'gas', 'administration', 'agreement', 'home.', 'week', 'try', 'relate', 'less.', '—', 'shocking', 'claims', 'immortal', 'jellyfish', 'surface', 'internet.']",FAKE
F147,Secret Cure Confirmed by Sources,"['bank', 'race', 'site.', 'side', 'either', 'individual', 'quickly', 'dream', 'actually.', '—', 'shocking', 'claims', 'secret', 'cure', 'surface', 'internet.']",FAKE
F018,Secret Cure Confirmed by Sources,"['seek', 'successful', 'role', 'west.', 'age', 'ask', 'culture', 'say', 'democrat.', 'adult', 'anything', 'choice', 'provide', 'cause', 'news', 'according.', '—', 'shocking', 'claims', 'secret', 'cure', 'surface', 'internet.']",FAKE
F211,Celebrity Scandal Confirmed by Sources,"['movie', 'piece', 'tough', 'provide', 'outside', 'close', 'small.', 'president', 'gun', 'wait', 'report', 'task', 'generation.', 'hotel', 'law', 'many', 'marriage', 'science', 'live', 'worry', 'dinner.', '—', 'shocking', 'claims', 'celebrity', 'scandal', 'surface', 'internet.']",FAKE
R117,New Report on Research,"['first', 'center', 'trial', 'rather', 'rest.', 'result', 'another', 'black', 'question', 'assume', 'word', 'perform.', 'experts', 'discuss', 'ongoing', 'developments', 'research.']",REAL
F016,Aliens Confirmed by Sources,"['artist', 'loss', 'win', 'republican', 'along', 'nature.', 'follow', 'travel', 'fall.', 'throw', 'past', 'authority', 'matter', 'fish.', '—', 'shocking', 'claims', 'aliens', 'surface', 'internet.']",FAKE
F029,Flat Earth Confirmed by Sources,"['right', 'thing', 'everything', 'single', 'goal', 'give.', 'ability', 'require', 'animal', 'ago.', '—', 'shocking', 'claims', 'flat', 'earth', 'surface', 'internet.']",FAKE
F205,Celebrity Scandal Confirmed by Sources,"['health', 'across', 'trouble', 'natural', 'soldier.', 'democrat', 'couple', 'mention', 'defense', 'simple', 'another', 'plan.', 'probably', 'history', 'head', 'feeling', 'smile.', 'career', 'hot', 'statement', 'west.', '—', 'shocking', 'claims', 'celebrity', 'scandal', 'surface', 'internet.']",FAKE
R112,New Report on Economic Growth,"['tough', 'wish', 'population', 'line.', 'nice', 'partner', 'dream', 'usually', 'for.', 'voice', 'voice', 'democratic', 'fill.', 'experts', 'discuss', 'ongoing', 'developments', 'economic', 'growth.']",REAL
F218,Government Cover-Up Confirmed by Sources,"['activity', 'thank', 'pressure', 'develop', 'police', 'article', 'record', 'century.', 'subject', 'information', 'him.', 'property', 'close', 'people', 'nice', 'write', 'board', 'a.', '—', 'shocking', 'claims', 'government', 'cover-up', 'surface', 'internet.']",FAKE
R187,New Report on Education,"['worry', 'safe', 'political', 'agree', 'big', 'close.', 'today', 'benefit', 'listen', 'yeah', 'certainly', 'half', 'kitchen.', 'several', 'back.', 'experts', 'discuss', 'ongoing', 'developments', 'education.']",REAL
F087,Celebrity Scandal Confirmed by Sources,"['officer', 'charge', 'manager', 'maintain', 'control', 'behind', 'politics', 'peace.', 'per', 'network', 'much', 'kid', 'cup.', 'within', 'necessary', 'serve', 'serve', 'black.', '—', 'shocking', 'claims', 'celebrity', 'scandal', 'surface', 'internet.']",FAKE
R171,New Report on Education,"['involve', 'change', 'develop', 'spend', 'ago', 'various', 'seat.', 'opportunity', 'color', 'lot', 'single', 'record', 'staff', 'president.', 'experts', 'discuss', 'ongoing', 'developments', 'education.']",REAL
R113,New Report on Technology Breakthrough,"['price', 'tree', 'loss.', 'artist', 'outside', 'without', 'shake.', 'environment', 'anything', 'dark', 'discover', 'western', 'glass', 'day', 'american.', 'experts', 'discuss', 'ongoing', 'developments', 'technology', 'breakthrough.']",REAL
R222,New Report on Public Health,"['fire', 'hotel', 'staff', 'owner.', 'account', 'cover', 'significant', 'money.', 'scene', 'threat', 'test', 'page', 'report', 'seem', 'star.', 'experts', 'discuss', 'ongoing', 'developments', 'public', 'health.']",REAL
F233,Secret Cure Confirmed by Sources,"['wind', 'authority', 'health', 'ball', 'imagine.', '—', 'shocking', 'claims', 'secret', 'cure', 'surface', 'internet.']",FAKE
R223,New Report on Climate Change,"['plant', 'structure', 'issue', 'majority', 'bill', 'name.', 'key', 'fill', 'view', 'painting', 'soon.', 'reason', 'however', 'politics', 'per', 'town', 'scene.', 'experts', 'discuss', 'ongoing', 'developments', 'climate', 'change.']",REAL
F224,Secret Cure Confirmed by Sources,"['cell', 'compare.', 'everything', 'may', 'generation', 'mission', 'action.', 'film', 'air', 'expect', 'see.', '—', 'shocking', 'claims', 'secret', 'cure', 'surface', 'internet.']",FAKE
R181,New Report on Climate Change,"['mind', 'develop', 'city', 'billion.', 'radio', 'nice', 'result', 'form', 'price', 'time.', 'southern', 'daughter', 'enter', 'right', 'ok', 'effort', 'relate', 'young.', 'experts', 'discuss', 'ongoing', 'developments', 'climate', 'change.']",REAL
R056,New Report on Public Health,"['night', 'others', 'push', 'ask.', 'wall', 'call', 'thing', 'plant', 'already', 'morning.', 'court', 'large', 'become', 'education', 'fine', 'daughter', 'accept.', 'experts', 'discuss', 'ongoing', 'developments', 'public', 'health.']",REAL
R110,New Report on Education,"['finally', 'site', 'hold', 'budget', 'collection.', 'lose', 'job', 'garden', 'group', 'current', 'near', 'class.', 'candidate', 'national', 'final', 'old', 'send', 'indicate.', 'experts', 'discuss', 'ongoing', 'developments', 'education.']",REAL
R219,New Report on Education,"['continue', 'edge', 'wind', 'exactly', 'law.', 'large', 'box', 'law', 'green', 'dinner', 'effort', 'road', 'join.', 'sing', 'thus', 'area', 'area', 'know.', 'experts', 'discuss', 'ongoing', 'developments', 'education.']",REAL
R224,New Report on Education,"['successful', 'discussion', 'three.', 'read', 'bit', 'represent', 'class', 'crime', 'service', 'well', 'trip.', 'experts', 'discuss', 'ongoing', 'developments', 'education.']",REAL
F178,Immortal Jellyfish Confirmed by Sources,"['water', 'woman', 'four', 'nor.', 'expect', 'travel', 'its.', 'list', 'peace', 'others', 'end.', '—', 'shocking', 'claims', 'immortal', 'jellyfish', 'surface', 'internet.']",FAKE
F074,Secret Cure Confirmed by Sources,"['expert', 'left', 'full', 'employee', 'soldier.', 'customer', 'sport', 'likely', 'close', 'drug', 'morning', 'fight.', '—', 'shocking', 'claims', 'secret', 'cure', 'surface', 'internet.']",FAKE
R034,New Report on Budget Report,"['heavy', 'star', 'ability', 'seat', 'audience', 'although', 'onto.', 'executive', 'manager', 'teacher.', 'water', 'visit', 'run', 'magazine', 'major', 'ever', 'type.', 'experts', 'discuss', 'ongoing', 'developments', 'budget', 'report.']",REAL
R095,New Report on Policy,"['evidence', 'administration', 'everybody', 'country', 'politics', 'quite', 'type.', 'issue', 'color', 'company', 'sister', 'that.', 'station', 'hour', 'figure', 'others', 'upon', 'whether', 'everything.', 'experts', 'discuss', 'ongoing', 'developments', 'policy.']",FAKE
F011,Aliens Confirmed by Sources,"['among', 'sure', 'thousand', 'international.', 'bar', 'budget', 'per', 'senior.', '—', 'shocking', 'claims', 'aliens', 'surface', 'internet.']",FAKE
R162,New Report on Policy,"['month', 'beautiful', 'growth', 'real.', 'include', 'anything', 'fight.', 'left', 'indeed', 'success', 'another.', 'experts', 'discuss', 'ongoing', 'developments', 'policy.']",REAL
R218,New Report on Election,"['responsibility', 'bad', 'game', 'special', 'able', 'little.', 'long', 'someone', 'give', 'government', 'force.', 'experts', 'discuss', 'ongoing', 'developments', 'election.']",REAL
F136,Miracle Drug Confirmed by Sources,"['doctor', 'risk', 'pattern.', 'people', 'strong', 'black', 'wife', 'enter', 'one.', '—', 'shocking', 'claims', 'miracle', 'drug', 'surface', 'internet.']",FAKE
R108,New Report on Economic Growth,"['board', 'son', 'return', 'wear', 'law', 'meet.', 'allow', 'floor', 'though.', 'officer', 'couple', 'successful.', 'experts', 'discuss', 'ongoing', 'developments', 'economic', 'growth.']",REAL
R186,New Report on Research,"['million', 'find', 'fight', 'recent', 'even', 'like', 'effort.', 'bank', 'near', 'join', 'since', 'maybe.', 'experts', 'discuss', 'ongoing', 'developments', 'research.']",REAL
R248,New Report on Technology Breakthrough,"['word', 'condition', 'society.', 'source', 'room', 'pattern.', 'experts', 'discuss', 'ongoing', 'developments', 'technology', 'breakthrough.']",REAL
F045,Immortal Jellyfish Confirmed by Sources,"['guy', 'sign', 'practice', 'attack', 'bed', 'put.', 'listen', 'little', 'include', 'eat', 'weight.', '—', 'shocking', 'claims', 'immortal', 'jellyfish', 'surface', 'internet.']",FAKE
F092,Secret Cure Confirmed by Sources,"['carry', 'agreement', 'fact', 'understand.', 'local', 'generation', 'poor', 'example.', 'approach', 'purpose', 'growth.', '—', 'shocking', 'claims', 'secret', 'cure', 'surface', 'internet.']",FAKE
R100,New Report on Technology Breakthrough,"['despite', 'policy', 'respond', 'none.', 'visit', 'certainly', 'community', 'meet', 'group.', 'wind', 'wish', 'end', 'mind', 'late', 'real', 'news.', 'prevent', 'letter', 'every', 'environmental.', 'experts', 'discuss', 'ongoing', 'developments', 'technology', 'breakthrough.']",REAL
F075,Miracle Drug Confirmed by Sources,"['doctor', 'mrs', 'theory', 'main', 'evidence', 'medical', 'structure.', 'material', 'charge', 'almost.', 'fall', 'customer', 'direction', 'quality', 'edge.', 'long', 'fast', 'condition', 'summer', 'lot', 'respond', 'partner', 'pretty.', '—', 'shocking', 'claims', 'miracle', 'drug', 'surface', 'internet.']",FAKE
R059,New Report on Technology Breakthrough,"['professional', 'wear', 'relationship', 'property', 'attorney', 'response', 'cup.', 'lose', 'ever', 'job', 'three.', 'lawyer', 'without', 'mouth', 'half', 'report', 'take', 'name.', 'experts', 'discuss', 'ongoing', 'developments', 'technology', 'breakthrough.']",REAL
F213,Hoax Confirmed by Sources,"['according', 'say', 'hour', 'without', 'since.', 'partner', 'mention', 'nice', 'day.', 'break', 'case', 'include', 'walk', 'performance', 'stage.', '—', 'shocking', 'claims', 'hoax', 'surface', 'internet.']",FAKE
R233,New Report on Education,"['believe', 'tonight', 'cold', 'this.', 'whose', 'whatever', 'herself.', 'discover', 'go', 'or.', 'experts', 'discuss', 'ongoing', 'developments', 'education.']",REAL
F072,Mind Control Confirmed by Sources,"['think', 'week', 'exactly', 'people', 'great', 'who.', 'direction', 'project', 'set', 'successful', 'authority', 'case.', '—', 'shocking', 'claims', 'mind', 'control', 'surface', 'internet.']",FAKE
R184,New Report on Budget Report,"['follow', 'garden', 'line', 'get', 'ten.', 'including', 'either', 'next', 'participant', 'fly', 'hold', 'herself.', 'experts', 'discuss', 'ongoing', 'developments', 'budget', 'report.']",REAL
F134,Secret Cure Confirmed by Sources,"['later', 'process', 'wear', 'leg', 'race.', 'school', 'fight', 'case', 'also', 'since', 'prepare', 'day.', '—', 'shocking', 'claims', 'secret', 'cure', 'surface', 'internet.']",FAKE
R096,New Report on Research,"['question', 'seem', 'air', 'value', 'cut', 'ago', 'social.', 'speak', 'central', 'investment', 'force', 'congress', 'court', 'lose.', 'whose', 'town', 'city', 'peace', 'ready', 'decision.', 'experts', 'discuss', 'ongoing', 'developments', 'research.']",REAL
R020,New Report on Policy,"['health', 'blood', 'teacher', 'challenge.', 'address', 'industry', 'political', 'read.', 'commercial', 'political', 'politics', 'simple', 'message', 'debate', 'relationship.', 'experts', 'discuss', 'ongoing', 'developments', 'policy.']",REAL
R067,New Report on Policy,"['sport', 'interview', 'smile', 'against.', 'individual', 'point', 'theory', 'staff', 'available', 'small', 'they.', 'television', 'eight', 'force', 'decade.', 'experts', 'discuss', 'ongoing', 'developments', 'policy.']",REAL
R215,New Report on Education,"['hit', 'task', 'either.', 'artist', 'middle', 'girl', 'new', 'marriage.', 'experts', 'discuss', 'ongoing', 'developments', 'education.']",REAL
R127,New Report on Policy,"['outside', 'standard', 'identify', 'position', 'purpose.', 'nice', 'bag', 'talk', 'among', 'believe', 'financial', 'law.', 'experts', 'discuss', 'ongoing', 'developments', 'policy.']",REAL
R235,New Report on Technology Breakthrough,"['partner', 'point.', 'ahead', 'surface', 'assume', 'early', 'institution', 'boy', 'line.', 'experts', 'discuss', 'ongoing', 'developments', 'technology', 'breakthrough.']",REAL
R163,New Report on Climate Change,"['animal', 'career', 'blood', 'contain', 'fear', 'idea', 'technology.', 'box', 'small', 'career', 'south', 'poor', 'few.', 'experts', 'discuss', 'ongoing', 'developments', 'climate', 'change.']",REAL
R002,New Report on Education,"['social', 'evidence', 'large', 'reality', 'long', 'argue.', 'continue', 'lawyer', 'call', 'power.', 'experts', 'discuss', 'ongoing', 'developments', 'education.']",REAL
R021,New Report on Education,"['water', 'imagine', 'interest', 'federal', 'some.', 'make', 'mother', 'success.', 'experts', 'discuss', 'ongoing', 'developments', 'education.']",REAL
R013,New Report on Technology Breakthrough,"['source', 'project', 'offer', 'marriage', 'cup.', 'interesting', 'tax', 'data', 'news', 'capital.', 'experts', 'discuss', 'ongoing', 'developments', 'technology', 'breakthrough.']",REAL
F195,Flat Earth Confirmed by Sources,"['nature', 'chance', 'direction', 'water', 'recent', 'nearly.', 'general', 'design', 'popular', 'way', 'health', 'old', 'image.', 'town', 'late', 'budget', 'various.', '—', 'shocking', 'claims', 'flat', 'earth', 'surface', 'internet.']",FAKE
R101,New Report on Research,"['something', 'bit', 'specific', 'newspaper', 'specific', 'second.', 'successful', 'place', 'give', 'western', 'only.', 'experts', 'discuss', 'ongoing', 'developments', 'research.']",REAL
R055,New Report on Research,"['church', 'toward', 'address', 'go.', 'data', 'central', 'south', 'center', 'board', 'huge.', 'responsibility', 'line', 'catch', 'decade', 'decision', 'hospital.', 'experts', 'discuss', 'ongoing', 'developments', 'research.']",REAL
F190,Secret Cure Confirmed by Sources,"['account', 'unit', 'improve', 'national', 'front', 'peace', 'card.', 'question', 'trade', 'adult', 'position', 'generation', 'peace', 'quite', 'vote.', 'discuss', 'strategy', 'fast', 'trip', 'conference', 'woman', 'full.', '—', 'shocking', 'claims', 'secret', 'cure', 'surface', 'internet.']",FAKE
R004,New Report on Education,"['majority', 'recently', 'kid', 'keep', 'drug.', 'management', 'listen', 'camera', 'anyone', 'process.', 'firm', 'performance', 'tax', 'skin', 'painting.', 'experts', 'discuss', 'ongoing', 'developments', 'education.']",REAL
F080,Celebrity Scandal Confirmed by Sources,"['education', 'bit', 'american', 'tonight', 'film', 'modern.', 'international', 'feel', 'enough', 'thousand', 'admit.', '—', 'shocking', 'claims', 'celebrity', 'scandal', 'surface', 'internet.']",FAKE
F049,Hoax Confirmed by Sources,"['bring', 'end', 'head', 'budget', 'hit', 'tonight', 'hold.', 'since', 'impact', 'southern', 'fall', 'rate', 'mother.', '—', 'shocking', 'claims', 'hoax', 'surface', 'internet.']",FAKE
F184,Secret Cure Confirmed by Sources,"['ago', 'enter', 'push', 'market', 'tree.', 'college', 'water', 'building', 'no.', '—', 'shocking', 'claims', 'secret', 'cure', 'surface', 'internet.']",FAKE
F030,Secret Cure Confirmed by Sources,"['effect', 'decision', 'public.', 'matter', 'detail', 'may', 'receive', 'us', 'research.', 'year', 'rule', 'enter', 'market', 'his.', '—', 'shocking', 'claims', 'secret', 'cure', 'surface', 'internet.']",FAKE
R213,New Report on Budget Report,"['reach', 'left', 'blue', 'brother', 'hot', 'reality.', 'next', 'camera', 'husband', 'process', 'thousand.', 'experts', 'discuss', 'ongoing', 'developments', 'budget', 'report.']",FAKE
F128,Immortal Jellyfish Confirmed by Sources,"['picture', 'second', 'senior', 'focus', 'american', 'protect', 'less', 'reflect.', 'staff', 'take', 'president', 'have.', 'economy', 'rock', 'hospital', 'special', 'memory', 'offer.', '—', 'shocking', 'claims', 'immortal', 'jellyfish', 'surface', 'internet.']",FAKE
R231,New Report on Policy,"['evidence', 'product', 'something', 'stop.', 'red', 'care', 'key', 'camera', 'data', 'claim', 'together', 'prevent.', 'room', 'lose', 'various', 'paper', 'beautiful', 'red', 'receive', 'project.', 'performance', 'heart', 'theory', 'cultural.', 'experts', 'discuss', 'ongoing', 'developments', 'policy.']",REAL
R061,New Report on Technology Breakthrough,"['citizen', 'participant', 'material', 'heart', 'stuff', 'concern', 'treatment.', 'vote', 'drive', 'point', 'size', 'report.', 'many', 'near', 'term', 'probably', 'rock.', 'experts', 'discuss', 'ongoing', 'developments', 'technology', 'breakthrough.']",REAL
R137,New Report on Education,"['black', 'turn', 'tend', 'wonder', 'culture', 'card.', 'poor', 'head', 'including', 'city', 'although', 'carry.', 'experts', 'discuss', 'ongoing', 'developments', 'education.']",FAKE
R185,New Report on Technology Breakthrough,"['large', 'century', 'best', 'identify', 'still.', 'either', 'thing', 'character', 'skin', 'direction', 'six', 'smile.', 'experts', 'discuss', 'ongoing', 'developments', 'technology', 'breakthrough.']",REAL
R204,New Report on Technology Breakthrough,"['charge', 'several', 'front', 'civil.', 'experts', 'discuss', 'ongoing', 'developments', 'technology', 'breakthrough.']",REAL
F217,Immortal Jellyfish Confirmed by Sources,"['today', 'expert', 'husband.', 'summer', 'movie', 'reach', 'culture.', '—', 'shocking', 'claims', 'immortal', 'jellyfish', 'surface', 'internet.']",FAKE
F176,Miracle Drug Confirmed by Sources,"['lot', 'quality', 'stand', 'we.', 'involve', 'article', 'agency', 'simply.', '—', 'shocking', 'claims', 'miracle', 'drug', 'surface', 'internet.']",FAKE
R245,New Report on Technology Breakthrough,"['learn', 'region', 'turn', 'follow', 'reality', 'paper', 'hair.', 'since', 'risk', 'fill.', 'board', 'company', 'experience', 'economic.', 'experts', 'discuss', 'ongoing', 'developments', 'technology', 'breakthrough.']",REAL
R104,New Report on Election,"['evidence', 'test', 'arrive', 'skill', 'base', 'tv.', 'policy', 'real', 'grow', 'discover', 'trip.', 'experts', 'discuss', 'ongoing', 'developments', 'election.']",REAL
F156,Flat Earth Confirmed by Sources,"['agency', 'black', 'record', 'eight', 'service', 'record.', 'hold', 'much', 'ask', 'believe', 'sign', 'shoulder.', '—', 'shocking', 'claims', 'flat', 'earth', 'surface', 'internet.']",FAKE
R194,New Report on Election,"['deep', 'free', 'understand', 'son.', 'report', 'position', 'production', 'better', 'rock.', 'experts', 'discuss', 'ongoing', 'developments', 'election.']",REAL
R161,New Report on Technology Breakthrough,"['upon', 'less', 'final', 'middle', 'research', 'animal', 'summer.', 'history', 'certainly', 'recently', 'social', 'without', 'quality.', 'experts', 'discuss', 'ongoing', 'developments', 'technology', 'breakthrough.']",REAL
F113,Immortal Jellyfish Confirmed by Sources,"['sea', 'event', 'get', 'marriage', 'fine', 'congress', 'i.', 'follow', 'mouth', 'recently', 'change', 'water.', 'site', 'detail', 'image', 'to.', '—', 'shocking', 'claims', 'immortal', 'jellyfish', 'surface', 'internet.']",FAKE
F150,Hoax Confirmed by Sources,"['table', 'oil', 'color', 'end', 'apply', 'man', 'heart.', 'usually', 'early', 'language', 'return', 'half.', '—', 'shocking', 'claims', 'hoax', 'surface', 'internet.']",FAKE
F047,Miracle Drug Confirmed by Sources,"['employee', 'cost', 'smile', 'understand', 'very.', 'reveal', 'wife', 'mission.', 'stage', 'whatever', 'various.', '—', 'shocking', 'claims', 'miracle', 'drug', 'surface', 'internet.']",FAKE
F008,Hoax Confirmed by Sources,"['throw', 'democrat', 'whatever', 'different', 'state', 'international.', 'price', 'people', 'accept', 'bit.', 'large', 'middle', 'mean.', '—', 'shocking', 'claims', 'hoax', 'surface', 'internet.']",FAKE
F229,Aliens Confirmed by Sources,"['mrs', 'someone', 'oil', 'leg', 'before.', 'unit', 'drive.', 'leader', 'pretty', 'time', 'benefit.', '—', 'shocking', 'claims', 'aliens', 'surface', 'internet.']",FAKE
R001,New Report on Research,"['better', 'positive', 'usually', 'sound', 'laugh', 'call.', 'ok', 'around', 'work', 'record', 'crime', 'understand', 'particular.', 'experts', 'discuss', 'ongoing', 'developments', 'research.']",REAL
R241,New Report on Public Health,"['detail', 'standard', 'cell', 'rest', 'this.', 'majority', 'theory', 'officer', 'drive.', 'experts', 'discuss', 'ongoing', 'developments', 'public', 'health.']",REAL
R198,New Report on Climate Change,"['reveal', 'animal', 'right.', 'statement', 'environment.', 'resource', 'bag', 'person', 'rock', 'effort.', 'experts', 'discuss', 'ongoing', 'developments', 'climate', 'change.']",REAL
R229,New Report on Research,"['figure', 'probably', 'mr', 'attention.', 'wonder', 'head', 'partner', 'billion', 'yet.', 'great', 'air', 'child', 'material', 'life', 'heavy.', 'experts', 'discuss', 'ongoing', 'developments', 'research.']",REAL
R205,New Report on Public Health,"['threat', 'office', 'first', 'high', 'because.', 'girl', 'mission', 'without', 'two', 'score.', 'experts', 'discuss', 'ongoing', 'developments', 'public', 'health.']",REAL
F123,Celebrity Scandal Confirmed by Sources,"['risk', 'although', 'year', 'stuff', 'government', 'ever', 'very.', 'floor', 'artist', 'capital', 'couple', 'walk.', 'fine', 'stock', 'large', 'prove', 'fund.', '—', 'shocking', 'claims', 'celebrity', 'scandal', 'surface', 'internet.']",FAKE
F043,Celebrity Scandal Confirmed by Sources,"['nothing', 'rather', 'drug', 'art', 'drop', 'explain.', 'expert', 'cover', 'table', 'away.', 'official', 'appear', 'near', 'assume', 'whole', 'particular', 'rest.', '—', 'shocking', 'claims', 'celebrity', 'scandal', 'surface', 'internet.']",FAKE
F097,Celebrity Scandal Confirmed by Sources,"['fund', 'hundred', 'hear', 'charge', 'open', 'sound', 'west.', 'effect', 'hand', 'guy', 'writer.', 'walk', 'quite', 'sell', 'agree.', '—', 'shocking', 'claims', 'celebrity', 'scandal', 'surface', 'internet.']",FAKE
R014,New Report on Research,"['economic', 'medical', 'skill', 'coach', 'nor.', 'artist', 'total', 'program.', 'experts', 'discuss', 'ongoing', 'developments', 'research.']",REAL
F005,Flat Earth Confirmed by Sources,"['computer', 'computer', 'whether', 'up.', '—', 'shocking', 'claims', 'flat', 'earth', 'surface', 'internet.']",FAKE
R234,New Report on Research,"['contain', 'quickly', 'strategy', 'though', 'particular', 'hundred.', 'nice', 'culture', 'lose', 'power', 'small.', 'someone', 'billion', 'nation.', 'experts', 'discuss', 'ongoing', 'developments', 'research.']",FAKE
F143,Aliens Confirmed by Sources,"['open', 'note', 'teach', 'positive.', 'dog', 'along', 'resource', 'opportunity.', 'quite', 'really', 'receive', 'live', 'author', 'machine.', '—', 'shocking', 'claims', 'aliens', 'surface', 'internet.']",FAKE
R073,New Report on Economic Growth,"['one', 'ask', 'example', 'skin', 'drug', 'audience.', 'board', 'nothing', 'current', 'executive', 'sister.', 'impact', 'road', 'oil', 'leg', 'appear', 'social', 'size.', 'experts', 'discuss', 'ongoing', 'developments', 'economic', 'growth.']",REAL
R239,New Report on Education,"['stop', 'truth', 'final', 'wall', 'hold.', 'determine', 'method.', 'experts', 'discuss', 'ongoing', 'developments', 'education.']",REAL
F181,Aliens Confirmed by Sources,"['appear', 'probably', 'your.', 'mr', 'behind', 'early', 'poor', 'admit', 'morning.', '—', 'shocking', 'claims', 'aliens', 'surface', 'internet.']",FAKE
R138,New Report on Election,"['industry', 'size', 'family', 'actually', 'whether', 'necessary', 'second.', 'southern', 'general', 'agreement.', 'cover', 'us', 'mind', 'space.', 'experts', 'discuss', 'ongoing', 'developments', 'election.']",REAL
R172,New Report on Economic Growth,"['party', 'prove', 'boy', 'almost', 'quickly.', 'middle', 'often', 'room', 'hotel.', 'republican', 'school', 'stop', 'finally', 'lose', 'society.', 'experts', 'discuss', 'ongoing', 'developments', 'economic', 'growth.']",REAL
R143,New Report on Policy,"['blue', 'fly', 'fact', 'fire', 'field', 'maybe.', 'experts', 'discuss', 'ongoing', 'developments', 'policy.']",REAL
F166,Mind Control Confirmed by Sources,"['within', 'data', 'onto', 'rather', 'memory', 'each.', 'might', 'north', 'professional', 'senior', 'writer', 'and.', '—', 'shocking', 'claims', 'mind', 'control', 'surface', 'internet.']",FAKE
R003,New Report on Budget Report,"['treatment', 'interesting', 'religious', 'sea.', 'floor', 'home', 'prevent', 'serve', 'office', 'involve.', 'experts', 'discuss', 'ongoing', 'developments', 'budget', 'report.']",REAL
R167,New Report on Climate Change,"['buy', 'movement', 'boy', 'magazine', 'meeting', 'young.', 'direction', 'traditional', 'foot.', 'join', 'possible', 'budget', 'appear', 'woman', 'tree.', 'experts', 'discuss', 'ongoing', 'developments', 'climate', 'change.']",REAL
R183,New Report on Climate Change,"['floor', 'drug', 'debate', 'data', 'need.', 'experts', 'discuss', 'ongoing', 'developments', 'climate', 'change.']",REAL
R238,New Report on Technology Breakthrough,"['ago', 'threat', 'culture', 'future.', 'buy', 'wind', 'indicate', 'lead.', 'experts', 'discuss', 'ongoing', 'developments', 'technology', 'breakthrough.']",REAL
R041,New Report on Election,"['discussion', 'hope', 'cost', 'significant', 'white', 'nation', 'cause.', 'establish', 'challenge', 'task', 'give.', 'experts', 'discuss', 'ongoing', 'developments', 'election.']",REAL
F237,Government Cover-Up Confirmed by Sources,"['magazine', 'feeling', 'health', 'choose', 'build', 'mention', 'appear.', 'opportunity', 'voice', 'speech', 'list', 'single', 'whole.', 'right', 'place', 'simple', 'seek', 'grow', 'nearly', 'girl.', '—', 'shocking', 'claims', 'government', 'cover-up', 'surface', 'internet.']",FAKE
R086,New Report on Research,"['key', 'minute', 'interest', 'body.', 'experts', 'discuss', 'ongoing', 'developments', 'research.']",REAL
R240,New Report on Policy,"['bank', 'well', 'room', 'save.', 'also', 'enjoy', 'game.', 'generation', 'rather', 'spend', 'together', 'more.', 'experts', 'discuss', 'ongoing', 'developments', 'policy.']",REAL
R133,New Report on Public Health,"['firm', 'service', 'child', 'somebody', 'everybody', 'stage', 'prevent.', 'heart', 'moment', 'unit', 'get', 'simply.', 'experts', 'discuss', 'ongoing', 'developments', 'public', 'health.']",REAL
F044,Hoax Confirmed by Sources,"['sit', 'concern', 'business', 'teacher', 'job', 'store.', '—', 'shocking', 'claims', 'hoax', 'surface', 'internet.']",FAKE
F125,Government Cover-Up Confirmed by Sources,"['try', 'environmental', 'card', 'could.', 'test', 'wall', 'west', 'best', 'city', 'night.', 'space', 'force', 'upon', 'plan', 'economy', 'your.', '—', 'shocking', 'claims', 'government', 'cover-up', 'surface', 'internet.']",FAKE
F165,Secret Cure Confirmed by Sources,"['part', 'positive', 'total', 'book', 'gas', 'cultural', 'cell.', 'guy', 'trouble', 'sing', 'back', 'rock.', '—', 'shocking', 'claims', 'secret', 'cure', 'surface', 'internet.']",FAKE
F137,Flat Earth Confirmed by Sources,"['ground', 'east', 'particular.', 'eye', 'continue', 'value', 'authority.', '—', 'shocking', 'claims', 'flat', 'earth', 'surface', 'internet.']",FAKE
R088,New Report on Research,"['player', 'war', 'trouble', 'radio.', 'democrat', 'represent', 'focus', 'new', 'fear.', 'experts', 'discuss', 'ongoing', 'developments', 'research.']",REAL
R169,New Report on Technology Breakthrough,"['seek', 'close', 'security', 'past', 'suffer', 'night.', 'region', 'role', 'daughter', 'dinner', 'section', 'hand', 'carry.', 'experts', 'discuss', 'ongoing', 'developments', 'technology', 'breakthrough.']",REAL
R193,New Report on Technology Breakthrough,"['begin', 'wear', 'show', 'another', 'shoulder', 'hospital.', 'make', 'real', 'accept', 'least.', 'experts', 'discuss', 'ongoing', 'developments', 'technology', 'breakthrough.']",FAKE
F247,Mind Control Confirmed by Sources,"['production', 'direction', 'factor', 'say', 'save.', 'smile', 'sign', 'site', 'first', 'issue', 'picture', 'art.', 'understand', 'yet', 'across', 'management', 'attention.', '—', 'shocking', 'claims', 'mind', 'control', 'surface', 'internet.']",FAKE
R179,New Report on Technology Breakthrough,"['science', 'poor', 'job', 'fast', 'sign.', 'wait', 'environment', 'really', 'recently', 'quickly', 'always', 'able.', 'maybe', 'type', 'choice', 'culture', 'want.', 'throw', 'well', 'whatever', 'table', 'prepare.', 'experts', 'discuss', 'ongoing', 'developments', 'technology', 'breakthrough.']",REAL
F138,Immortal Jellyfish Confirmed by Sources,"['accept', 'benefit', 'yes', 'yourself.', 'blue', 'open', 'tonight', 'successful', 'somebody.', '—', 'shocking', 'claims', 'immortal', 'jellyfish', 'surface', 'internet.']",FAKE
R017,New Report on Policy,"['modern', 'question', 'since', 'unit', 'score', 'national.', 'nice', 'behind', 'west', 'available', 'move', 'take', 'look', 'why.', 'experts', 'discuss', 'ongoing', 'developments', 'policy.']",REAL
F090,Mind Control Confirmed by Sources,"['table', 'cold', 'recently', 'black', 'discover.', 'yes', 'home', 'challenge', 'success.', '—', 'shocking', 'claims', 'mind', 'control', 'surface', 'internet.']",FAKE
F222,Mind Control Confirmed by Sources,"['international', 'ago', 'economic', 'identify', 'short', 'message.', 'offer', 'put', 'seven', 'true', 'throw', 'relationship', 'feeling.', 'quite', 'letter', 'step', 'box', 'upon.', '—', 'shocking', 'claims', 'mind', 'control', 'surface', 'internet.']",FAKE
R114,New Report on Climate Change,"['happen', 'large', 'fact', 'build', 'edge.', 'experts', 'discuss', 'ongoing', 'developments', 'climate', 'change.']",REAL
F235,Celebrity Scandal Confirmed by Sources,"['guy', 'however', 'prepare', 'his.', 'street', 'assume', 'federal', 'rule.', 'seven', 'thus', 'common', 'name.', '—', 'shocking', 'claims', 'celebrity', 'scandal', 'surface', 'internet.']",FAKE
F185,Hoax Confirmed by Sources,"['range', 'study', 'bank', 'heart', 'son', 'dog', 'chair.', 'single', 'test', 'officer', 'manager', 'card', 'peace', 'card.', '—', 'shocking', 'claims', 'hoax', 'surface', 'internet.']",REAL
F221,Flat Earth Confirmed by Sources,"['science', 'meet', 'whose.', 'stay', 'common', 'glass', 'away', 'white.', '—', 'shocking', 'claims', 'flat', 'earth', 'surface', 'internet.']",FAKE
F054,Secret Cure Confirmed by Sources,"['dream', 'national', 'four', 'doctor', 'impact', 'early', 'stuff.', 'strategy', 'guess', 'choice', 'subject', 'partner', 'structure.', 'build', 'whole', 'safe', 'war.', '—', 'shocking', 'claims', 'secret', 'cure', 'surface', 'internet.']",FAKE
R000,New Report on Public Health,"['since', 'south', 'race', 'learn', 'leader', 'summer.', 'instead', 'former', 'sport', 'stay', 'however', 'talk', 'player', 'single.', 'low', 'suddenly', 'talk', 'candidate', 'allow', 'interview.', 'experts', 'discuss', 'ongoing', 'developments', 'public', 'health.']",REAL
R178,New Report on Budget Report,"['sense', 'child', 'bar', 'without.', 'think', 'price', 'national', 'ever', 'red', 'significant.', 'call', 'drug', 'evidence', 'name', 'individual', 'however.', 'experts', 'discuss', 'ongoing', 'developments', 'budget', 'report.']",REAL
F006,Hoax Confirmed by Sources,"['manager', 'color', 'walk', 'huge', 'necessary.', 'girl', 'say', 'suffer', 'rather.', 'peace', 'generation', 'key', 'pm', 'skill', 'finish', 'address.', 'much', 'design', 'person.', '—', 'shocking', 'claims', 'hoax', 'surface', 'internet.']",FAKE
F174,Secret Cure Confirmed by Sources,"['include', 'room', 'election', 'school.', 'score', 'imagine', 'focus', 'realize', 'every.', '—', 'shocking', 'claims', 'secret', 'cure', 'surface', 'internet.']",FAKE
R009,New Report on Election,"['key', 'nation', 'people.', 'green', 'commercial', 'according', 'order', 'see', 'player.', 'fast', 'research', 'loss.', 'choose', 'local', 'letter.', 'experts', 'discuss', 'ongoing', 'developments', 'election.']",REAL
R122,New Report on Economic Growth,"['crime', 'country', 'cause', 'property', 'lay', 'expect.', 'security', 'western', 'similar', 'executive', 'decide', 'police.', 'science', 'possible', 'let', 'knowledge', 'send', 'building.', 'experts', 'discuss', 'ongoing', 'developments', 'economic', 'growth.']",REAL
F189,Immortal Jellyfish Confirmed by Sources,"['ground', 'defense', 'difference', 'model.', '—', 'shocking', 'claims', 'immortal', 'jellyfish', 'surface', 'internet.']",FAKE
R146,New Report on Technology Breakthrough,"['peace', 'friend', 'rock', 'table', 'happy.', 'experts', 'discuss', 'ongoing', 'developments', 'technology', 'breakthrough.']",REAL
R022,New Report on Climate Change,"['yard', 'stay', 'foot', 'tell', 'however', 'sport', 'into.', 'pay', 'behind', 'run', 'son', 'receive', 'provide.', 'provide', 'child', 'wife', 'defense', 'according', 'determine', 'serve', 'go.', 'experts', 'discuss', 'ongoing', 'developments', 'climate', 'change.']",REAL
F177,Aliens Confirmed by Sources,"['theory', 'career', 'like', 'computer.', 'character', 'physical', 'energy.', 'detail', 'much', 'simple', 'later', 'summer.', 'evidence', 'player', 'say', 'inside.', '—', 'shocking', 'claims', 'aliens', 'surface', 'internet.']",FAKE
F021,Secret Cure Confirmed by Sources,"['perform', 'style', 'book', 'charge', 'their.', '—', 'shocking', 'claims', 'secret', 'cure', 'surface', 'internet.']",FAKE
R039,New Report on Economic Growth,"['central', 'already', 'fear', 'provide', 'treat.', 'door', 'moment', 'majority', 'people', 'low.', 'involve', 'heavy', 'society', 'along', 'option', 'main.', 'experts', 'discuss', 'ongoing', 'developments', 'economic', 'growth.']",REAL
F061,Miracle Drug Confirmed by Sources,"['likely', 'school', 'medical', 'thousand.', 'church', 'season', 'base', 'deep', 'think.', '—', 'shocking', 'claims', 'miracle', 'drug', 'surface', 'internet.']",FAKE
R057,New Report on Technology Breakthrough,"['single', 'theory', 'charge', 'concern', 'mr', 'home.', 'family', 'air', 'maintain', 'open.', 'experts', 'discuss', 'ongoing', 'developments', 'technology', 'breakthrough.']",REAL
F154,Immortal Jellyfish Confirmed by Sources,"['stock', 'get', 'difference', 'major.', 'theory', 'clear', 'soldier', 'specific', 'successful', 'minute.', '—', 'shocking', 'claims', 'immortal', 'jellyfish', 'surface', 'internet.']",FAKE
F052,Mind Control Confirmed by Sources,"['party', 'may', 'moment', 'question', 'glass', 'watch.', '—', 'shocking', 'claims', 'mind', 'control', 'surface', 'internet.']",FAKE
F124,Flat Earth Confirmed by Sources,"['provide', 'much', 'cost', 'half', 'early', 'red.', 'learn', 'radio', 'staff', 'american', 'ago', 'prevent', 'drop.', '—', 'shocking', 'claims', 'flat', 'earth', 'surface', 'internet.']",FAKE
R071,New Report on Budget Report,"['major', 'form', 'represent', 'work', 'ahead.', 'old', 'mrs', 'help', 'care', 'test.', 'experts', 'discuss', 'ongoing', 'developments', 'budget', 'report.']",REAL
R152,New Report on Budget Report,"['conference', 'bed', 'partner.', 'risk', 'remember', 'agreement', 'three', 'dinner', 'pull.', 'mention', 'report', 'stand.', 'experts', 'discuss', 'ongoing', 'developments', 'budget', 'report.']",REAL
F038,Mind Control Confirmed by Sources,"['method', 'notice', 'art', 'table', 'worry', 'shoulder.', 'production', 'risk', 'officer.', '—', 'shocking', 'claims', 'mind', 'control', 'surface', 'internet.']",FAKE
F101,Immortal Jellyfish Confirmed by Sources,"['song', 'nation', 'difficult', 'support', 'doctor', 'power.', 'choose', 'way', 'black', 'force.', '—', 'shocking', 'claims', 'immortal', 'jellyfish', 'surface', 'internet.']",FAKE
F203,Celebrity Scandal Confirmed by Sources,"['economy', 'authority', 'clear', 'last', 'speech', 'voice', 'loss', 'ahead.', 'item', 'kind', 'network.', 'ten', 'sea', 'society', 'popular', 'film.', '—', 'shocking', 'claims', 'celebrity', 'scandal', 'surface', 'internet.']",FAKE
F192,Government Cover-Up Confirmed by Sources,"['according', 'walk', 'market', 'computer.', 'account', 'ball', 'area', 'stop.', '—', 'shocking', 'claims', 'government', 'cover-up', 'surface', 'internet.']",FAKE
R189,New Report on Climate Change,"['police', 'threat', 'whose', 'image.', 'hear', 'man', 'put', 'create.', 'woman', 'resource', 'move', 'prepare.', 'experts', 'discuss', 'ongoing', 'developments', 'climate', 'change.']",REAL
R098,New Report on Election,"['beautiful.', 'experts', 'discuss', 'ongoing', 'developments', 'election.']",REAL
R149,New Report on Economic Growth,"['source', 'dream', 'age', 'language.', 'month', 'conference', 'grow', 'section.', 'allow', 'prove', 'anything', 'work', 'chair', 'position', 'new.', 'stop', 'yeah', 'marriage', 'school', 'energy', 'how.', 'experts', 'discuss', 'ongoing', 'developments', 'economic', 'growth.']",REAL
R046,New Report on Education,"['town', 'simply', 'house', 'street', 'research', 'cold', 'front.', 'west', 'management', 'economy', 'director', 'example.', 'character', 'upon', 'director.', 'experts', 'discuss', 'ongoing', 'developments', 'education.']",FAKE
F055,Hoax Confirmed by Sources,"['sell', 'statement', 'would.', 'lot', 'hold', 'itself.', '—', 'shocking', 'claims', 'hoax', 'surface', 'internet.']",FAKE
F159,Flat Earth Confirmed by Sources,"['account', 'center', 'young', 'two.', 'daughter', 'plant', 'sure', 'half', 'thing', 'issue', 'interest.', 'receive', 'bill', 'yeah.', '—', 'shocking', 'claims', 'flat', 'earth', 'surface', 'internet.']",FAKE
F083,Secret Cure Confirmed by Sources,"['political', 'early', 'down.', 'many', 'expect', 'get', 'clearly.', 'country', 'everyone', 'son', 'western', 'heavy', 'money', 'front.', '—', 'shocking', 'claims', 'secret', 'cure', 'surface', 'internet.']",REAL
R109,New Report on Education,"['responsibility', 'range', 'international', 'understand', 'community', 'talk', 'majority.', 'realize', 'ago', 'tough.', 'experts', 'discuss', 'ongoing', 'developments', 'education.']",REAL
R102,New Report on Climate Change,"['people', 'trial', 'figure', 'collection.', 'real', 'miss', 'easy', 'i.', 'experts', 'discuss', 'ongoing', 'developments', 'climate', 'change.']",REAL
R060,New Report on Election,"['community', 'suggest', 'bill', 'world', 'claim.', 'draw', 'bank.', 'whole', 'involve', 'coach', 'word', 'say', 'ability.', 'experts', 'discuss', 'ongoing', 'developments', 'election.']",REAL
F085,Secret Cure Confirmed by Sources,"['congress', 'exactly', 'mission.', 'reveal', 'three', 'arm', 'today', 'democratic', 'put.', '—', 'shocking', 'claims', 'secret', 'cure', 'surface', 'internet.']",FAKE
F188,Hoax Confirmed by Sources,"['help', 'explain', 'least', 'deal', 'heavy', 'general', 'technology.', 'wall', 'anything', 'stage.', 'remain', 'reflect', 'responsibility', 'either', 'wait', 'thought.', '—', 'shocking', 'claims', 'hoax', 'surface', 'internet.']",FAKE
F131,Hoax Confirmed by Sources,"['young', 'life', 'office', 'design', 'property', 'ok.', 'expert', 'draw', 'clearly', 'value', 'later.', 'left', 'tonight', 'different', 'us', 'hospital.', '—', 'shocking', 'claims', 'hoax', 'surface', 'internet.']",FAKE
R202,New Report on Public Health,"['child', 'along', 'month', 'type', 'hear.', 'partner', 'weight', 'later', 'energy', 'trade.', 'relationship', 'question', 'special', 'near', 'trip', 'president.', 'experts', 'discuss', 'ongoing', 'developments', 'public', 'health.']",REAL
F111,Celebrity Scandal Confirmed by Sources,"['represent', 'international', 'able', 'expert', 'stage', 'difficult.', 'modern', 'memory', 'foreign.', 'treatment', 'song', 'eight', 'price', 'live.', 'station', 'method', 'wrong', 'test', 'center.', '—', 'shocking', 'claims', 'celebrity', 'scandal', 'surface', 'internet.']",FAKE
R151,New Report on Policy,"['mention', 'prepare', 'say.', 'people', 'actually.', 'choose', 'quite', 'else', 'structure', 'level', 'until.', 'experts', 'discuss', 'ongoing', 'developments', 'policy.']",REAL
F058,Government Cover-Up Confirmed by Sources,"['go', 'may', 'decide.', '—', 'shocking', 'claims', 'government', 'cover-up', 'surface', 'internet.']",FAKE
R164,New Report on Education,"['ready', 'education', 'future', 'from.', 'think', 'read', 'arm', 'many', 'particularly', 'catch.', 'put', 'popular.', 'experts', 'discuss', 'ongoing', 'developments', 'education.']",REAL
F242,Celebrity Scandal Confirmed by Sources,"['region', 'site', 'throughout', 'within', 'language', 'might.', 'green', 'point', 'environmental', 'still', 'break', 'already.', 'contain', 'five', 'relate', 'soldier', 'different', 'lot', 'land.', '—', 'shocking', 'claims', 'celebrity', 'scandal', 'surface', 'internet.']",FAKE
F064,Mind Control Confirmed by Sources,"['toward', 'wish', 'unit', 'argue', 'become', 'several.', 'account', 'money.', 'theory', 'area', 'pick', 'age.', '—', 'shocking', 'claims', 'mind', 'control', 'surface', 'internet.']",FAKE
R228,New Report on Education,"['blue', 'manage', 'help.', 'wonder', 'letter', 'never', 'three', 'artist', 'cut', 'fish', 'why.', 'experts', 'discuss', 'ongoing', 'developments', 'education.']",REAL
R210,New Report on Economic Growth,"['chair', 'test', 'upon', 'science.', 'system', 'door', 'technology', 'difference', 'may', 'away.', 'town', 'meeting', 'executive', 'seem', 'including', 'culture', 'too.', 'experts', 'discuss', 'ongoing', 'developments', 'economic', 'growth.']",REAL
R156,New Report on Policy,"['challenge', 'else', 'husband.', 'rather', 'social', 'program', 'old', 'carry', 'huge', 'fight.', 'pattern', 'factor', 'hold', 'stand', 'type.', 'experts', 'discuss', 'ongoing', 'developments', 'policy.']",REAL
R192,New Report on Climate Change,"['check', 'read', 'section.', 'finally', 'agreement', 'difference', 'success.', 'experts', 'discuss', 'ongoing', 'developments', 'climate', 'change.']",REAL
F102,Government Cover-Up Confirmed by Sources,"['letter', 'market', 'rate.', 'religious', 'court', 'person', 'wall.', '—', 'shocking', 'claims', 'government', 'cover-up', 'surface', 'internet.']",FAKE
R237,New Report on Election,"['determine', 'save', 'blood', 'least', 'positive', 'modern.', 'season', 'pressure', 'box', 'model', 'arrive', 'prepare', 'our.', 'either', 'stock', 'represent', 'should.', 'experts', 'discuss', 'ongoing', 'developments', 'election.']",REAL
F015,Immortal Jellyfish Confirmed by Sources,"['foreign', 'city', 'money', 'month', 'third.', 'matter', 'growth', 'anything', 'understand.', 'record', 'agree', 'per', 'relate', 'house', 'smile', 'writer.', '—', 'shocking', 'claims', 'immortal', 'jellyfish', 'surface', 'internet.']",FAKE
F020,Celebrity Scandal Confirmed by Sources,"['lay', 'high', 'challenge', 'operation.', '—', 'shocking', 'claims', 'celebrity', 'scandal', 'surface', 'internet.']",FAKE
R083,New Report on Election,"['worker', 'successful', 'home', 'speak', 'early', 'full.', 'evidence', 'run.', 'experts', 'discuss', 'ongoing', 'developments', 'election.']",REAL
F035,Hoax Confirmed by Sources,"['whatever', 'peace', 'notice', 'small', 'positive.', 'bank', 'sell', 'somebody.', '—', 'shocking', 'claims', 'hoax', 'surface', 'internet.']",FAKE
R082,New Report on Budget Report,"['box', 'economy', 'question', 'capital', 'lose', 'reveal', 'lay.', 'skill', 'interest', 'number', 'safe', 'five', 'person', 'feeling', 'build.', 'plan', 'perform', 'land', 'music', 'despite', 'consider', 'win', 'bring.', 'experts', 'discuss', 'ongoing', 'developments', 'budget', 'report.']",REAL
F114,Mind Control Confirmed by Sources,"['career', 'girl', 'mouth', 'common.', 'fly', 'green', 'beyond', 'first', 'sea', 'mother.', '—', 'shocking', 'claims', 'mind', 'control', 'surface', 'internet.']",FAKE
F179,Secret Cure Confirmed by Sources,"['adult', 'great', 'society', 'never', 'level', 'movement.', 'agreement', 'kind', 'begin', 'front', 'stock', 'view.', '—', 'shocking', 'claims', 'secret', 'cure', 'surface', 'internet.']",FAKE
F026,Celebrity Scandal Confirmed by Sources,"['smile', 'table.', 'product', 'join.', 'feel', 'particularly', 'add', 'treat.', '—', 'shocking', 'claims', 'celebrity', 'scandal', 'surface', 'internet.']",FAKE
R217,New Report on Election,"['billion', 'center', 'citizen', 'best', 'turn', 'night', 'make.', 'meeting', 'stop', 'particular', 'already', 'able', 'or.', 'experts', 'discuss', 'ongoing', 'developments', 'election.']",REAL
F009,Celebrity Scandal Confirmed by Sources,"['according', 'late', 'writer', 'property.', 'collection', 'month', 'black', 'arrive', 'indeed.', 'environmental', 'put', 'second', 'nice', 'poor.', 'add', 'material', 'air', 'administration', 'bed.', '—', 'shocking', 'claims', 'celebrity', 'scandal', 'surface', 'internet.']",FAKE
F240,Aliens Confirmed by Sources,"['material', 'citizen', 'anyone', 'wonder', 'space', 'himself.', 'player', 'practice', 'line', 'new', 'reflect', 'brother', 'ahead.', 'range', 'building', 'man', 'explain.', '—', 'shocking', 'claims', 'aliens', 'surface', 'internet.']",FAKE
R216,New Report on Research,"['dinner', 'wrong', 'company', 'strong', 'thank.', 'easy', 'skill', 'write', 'black', 'thing.', 'experts', 'discuss', 'ongoing', 'developments', 'research.']",REAL
F129,Flat Earth Confirmed by Sources,"['thing', 'process', 'tonight', 'night', 'cover.', 'research', 'full', 'ago', 'year', 'eye.', 'appear', 'treatment', 'well', 'program.', '—', 'shocking', 'claims', 'flat', 'earth', 'surface', 'internet.']",FAKE
R197,New Report on Education,"['court', 'any.', 'hot', 'trip', 'candidate', 'life.', 'born', 'point', 'material.', 'experts', 'discuss', 'ongoing', 'developments', 'education.']",REAL
F142,Government Cover-Up Confirmed by Sources,"['loss', 'deal', 'process', 'language', 'significant', 'bar', 'poor.', 'front', 'health', 'million', 'prove.', '—', 'shocking', 'claims', 'government', 'cover-up', 'surface', 'internet.']",FAKE
R140,New Report on Climate Change,"['hotel', 'network', 'head', 'budget', 'red', 'involve', 'buy', 'area.', 'soon', 'offer', 'final', 'watch', 'maintain', 'personal', 'region.', 'perform', 'difference', 'receive', 'our.', 'experts', 'discuss', 'ongoing', 'developments', 'climate', 'change.']",REAL
R165,New Report on Budget Report,"['notice', 'sound', 'language', 'pm', 'western', 'new.', 'term', 'mind', 'nothing.', 'produce', 'phone', 'hard', 'score', 'lawyer.', 'experts', 'discuss', 'ongoing', 'developments', 'budget', 'report.']",REAL
R139,New Report on Education,"['smile', 'art', 'attack', 'peace', 'difficult.', 'issue', 'true', 'lay.', 'situation', 'fill', 'business', 'tell', 'wide.', 'experts', 'discuss', 'ongoing', 'developments', 'education.']",REAL
F232,Hoax Confirmed by Sources,"['offer', 'democratic', 'owner', 'sit', 'threat.', 'student', 'interesting', 'easy', 'major', 'work.', 'side', 'civil', 'hit', 'human', 'trial.', '—', 'shocking', 'claims', 'hoax', 'surface', 'internet.']",FAKE
F108,Celebrity Scandal Confirmed by Sources,"['role', 'high', 'look', 'almost', 'product.', 'evening', 'relate', 'someone.', '—', 'shocking', 'claims', 'celebrity', 'scandal', 'surface', 'internet.']",FAKE
F167,Celebrity Scandal Confirmed by Sources,"['attack', 'top', 'smile', 'young', 'book.', 'important', 'read', 'statement.', 'form', 'operation', 'surface', 'discover', 'young', 'mean', 'six', 'another.', '—', 'shocking', 'claims', 'celebrity', 'scandal', 'surface', 'internet.']",FAKE
R242,New Report on Research,"['impact', 'fire', 'avoid', 'energy', 'response.', 'authority', 'base', 'clearly', 'great', 'majority.', 'experts', 'discuss', 'ongoing', 'developments', 'research.']",REAL
F133,Immortal Jellyfish Confirmed by Sources,"['four', 'person', 'friend.', 'yard', 'million', 'develop', 'item', 'floor.', '—', 'shocking', 'claims', 'immortal', 'jellyfish', 'surface', 'internet.']",FAKE
F025,Flat Earth Confirmed by Sources,"['resource', 'rock', 'hand', 'city', 'live', 'culture.', 'song', 'mr', 'level.', 'discuss', 'respond', 'grow', 'soldier.', '—', 'shocking', 'claims', 'flat', 'earth', 'surface', 'internet.']",FAKE
F093,Immortal Jellyfish Confirmed by Sources,"['agent', 'drive', 'around', 'though.', 'size', 'agency', 'drive.', 'despite', 'animal', 'become', 'how.', '—', 'shocking', 'claims', 'immortal', 'jellyfish', 'surface', 'internet.']",FAKE
F236,Government Cover-Up Confirmed by Sources,"['trial', 'market', 'agreement', 'pass', 'believe', 'officer.', 'employee', 'feeling', 'mission', 'available', 'often', 'per', 'financial.', '—', 'shocking', 'claims', 'government', 'cover-up', 'surface', 'internet.']",FAKE
F069,Flat Earth Confirmed by Sources,"['sound', 'put', 'performance', 'child', 'chance', 'stock', 'everything', 'would.', 'head', 'sport', 'measure', 'different.', '—', 'shocking', 'claims', 'flat', 'earth', 'surface', 'internet.']",FAKE
F219,Flat Earth Confirmed by Sources,"['nothing', 'fast', 'care.', 'also', 'kid', 'represent', 'part', 'teacher', 'operation.', 'enough', 'especially', 'little', 'national.', '—', 'shocking', 'claims', 'flat', 'earth', 'surface', 'internet.']",FAKE
R079,New Report on Election,"['manage', 'hit', 'bag', 'the.', 'floor', 'receive', 'impact', 'citizen', 'car.', 'hit', 'step', 'although', 'account', 'rock', 'main', 'religious.', 'experts', 'discuss', 'ongoing', 'developments', 'election.']",REAL
F042,Hoax Confirmed by Sources,"['sort', 'affect', 'performance', 'consumer', 'impact', 'break', 'effect', 'particular.', 'resource', 'authority', 'despite', 'able', 'sell', 'full.', '—', 'shocking', 'claims', 'hoax', 'surface', 'internet.']",FAKE
R154,New Report on Budget Report,"['push', 'court', 'message', 'indicate', 'point', 'myself.', 'control', 'service', 'someone', 'security', 'order', 'include.', 'experts', 'discuss', 'ongoing', 'developments', 'budget', 'report.']",REAL
R089,New Report on Public Health,"['type', 'mission', 'force.', 'choice', 'way.', 'experts', 'discuss', 'ongoing', 'developments', 'public', 'health.']",REAL
R038,New Report on Public Health,"['family', 'finally.', 'experts', 'discuss', 'ongoing', 'developments', 'public', 'health.']",REAL
R053,New Report on Economic Growth,"['american', 'seven', 'style', 'song', 'husband', 'population.', 'better', 'central', 'style', 'important', 'material', 'other.', 'three', 'book', 'main', 'model.', 'experts', 'discuss', 'ongoing', 'developments', 'economic', 'growth.']",REAL
F201,Hoax Confirmed by Sources,"['yard', 'manager', 'organization.', 'politics', 'direction', 'none', 'face', 'those.', '—', 'shocking', 'claims', 'hoax', 'surface', 'internet.']",FAKE
F013,Secret Cure Confirmed by Sources,"['add', 'yard', 'five', 'school', 'hard', 'everything', 'he.', 'family', 'prevent', 'across', 'part.', '—', 'shocking', 'claims', 'secret', 'cure', 'surface', 'internet.']",FAKE
R023,New Report on Policy,"['third', 'final', 'take', 'wear', 'produce', 'spend.', 'industry', 'look', 'magazine.', 'serve', 'international', 'ball', 'prove', 'mission.', 'along', 'specific', 'north.', 'experts', 'discuss', 'ongoing', 'developments', 'policy.']",REAL
R068,New Report on Technology Breakthrough,"['kitchen', 'hour', 'let', 'fly.', 'also', 'region', 'likely', 'above.', 'experts', 'discuss', 'ongoing', 'developments', 'technology', 'breakthrough.']",REAL
F065,Hoax Confirmed by Sources,"['common', 'without', 'article', 'congress', 'us', 'high.', 'eat', 'within', 'business', 'wish', 'position.', 'mission', 'hand', 'several', 'difficult', 'level.', '—', 'shocking', 'claims', 'hoax', 'surface', 'internet.']",FAKE
F239,Celebrity Scandal Confirmed by Sources,"['body', 'catch', 'possible', 'state', 'think', 'build.', 'music', 'job', 'enter.', '—', 'shocking', 'claims', 'celebrity', 'scandal', 'surface', 'internet.']",FAKE
F084,Miracle Drug Confirmed by Sources,"['environmental', 'tough', 'leg', 'certainly', 'compare', 'have.', 'state', 'within', 'soldier', 'drop', 'special', 'include.', 'cultural', 'prepare', 'might', 'sit.', '—', 'shocking', 'claims', 'miracle', 'drug', 'surface', 'internet.']",FAKE
R120,New Report on Election,"['suggest', 'guess', 'early', 'value', 'audience', 'road.', 'room', 'way', 'part', 'house.', 'experts', 'discuss', 'ongoing', 'developments', 'election.']",REAL
F207,Government Cover-Up Confirmed by Sources,"['soldier', 'system', 'majority', 'commercial', 'data', 'over.', 'later', 'rule', 'development.', '—', 'shocking', 'claims', 'government', 'cover-up', 'surface', 'internet.']",FAKE
R158,New Report on Economic Growth,"['buy', 'hospital', 'professor', 'every', 'tree', 'turn.', 'grow', 'son', 'free', 'tell.', 'sure', 'since', 'floor', 'choose', 'music.', 'experts', 'discuss', 'ongoing', 'developments', 'economic', 'growth.']",REAL
R097,New Report on Technology Breakthrough,"['point', 'provide', 'subject', 'media', 'detail', 'blue.', 'bed', 'result', 'partner', 'buy', 'garden.', 'job', 'represent', 'low', 'himself.', 'experts', 'discuss', 'ongoing', 'developments', 'technology', 'breakthrough.']",REAL
R092,New Report on Technology Breakthrough,"['hot', 'possible.', 'long', 'pull', 'thought.', 'usually', 'wide', 'consumer', 'education', 'carry.', 'word', 'dream', 'open', 'customer', 'appear', 'enough', 'future.', 'experts', 'discuss', 'ongoing', 'developments', 'technology', 'breakthrough.']",REAL
F172,Hoax Confirmed by Sources,"['place', 'bag', 'yes', 'mother', 'want', 'miss', 'full.', 'wonder', 'deal', 'father.', 'still', 'young', 'opportunity', 'eight', 'trial', 'mouth.', '—', 'shocking', 'claims', 'hoax', 'surface', 'internet.']",FAKE
R182,New Report on Economic Growth,"['american', 'job', 'source', 'ok.', 'official', 'window', 'unit', 'half.', 'experts', 'discuss', 'ongoing', 'developments', 'economic', 'growth.']",REAL
F014,Secret Cure Confirmed by Sources,"['behavior', 'toward', 'television', 'how.', 'choose', 'despite', 'great.', 'popular', 'major', 'see', 'pattern', 'claim', 'though', 'agree', 'near.', 'magazine', 'specific', 'third.', '—', 'shocking', 'claims', 'secret', 'cure', 'surface', 'internet.']",FAKE
R230,New Report on Election,"['get', 'experience', 'hit', 'book', 'analysis', 'individual', 'just.', 'describe', 'perhaps', 'professional', 'ten', 'artist.', 'experts', 'discuss', 'ongoing', 'developments', 'election.']",REAL
F223,Government Cover-Up Confirmed by Sources,"['born', 'certainly', 'model', 'make', 'market', 'product', 'share.', 'realize', 'building.', 'table', 'develop', 'almost', 'group', 'policy', 'total', 'provide.', '—', 'shocking', 'claims', 'government', 'cover-up', 'surface', 'internet.']",FAKE
R221,New Report on Policy,"['material', 'move', 'adult', 'everyone.', 'among', 'provide', 'sure', 'anything', 'recent', 'somebody.', 'democratic', 'range', 'more.', 'experts', 'discuss', 'ongoing', 'developments', 'policy.']",REAL
R173,New Report on Climate Change,"['thank', 'real', 'city', 'a.', 'ready', 'determine', 'true', 'ahead', 'cause', 'which.', 'tonight', 'gun', 'also', 'follow.', 'experts', 'discuss', 'ongoing', 'developments', 'climate', 'change.']",FAKE
F249,Immortal Jellyfish Confirmed by Sources,"['boy', 'low', 'sell', 'understand.', '—', 'shocking', 'claims', 'immortal', 'jellyfish', 'surface', 'internet.']",FAKE
F112,Government Cover-Up Confirmed by Sources,"['meeting', 'pattern', 'fund', 'probably', 'debate', 'possible.', 'day', 'almost', 'option', 'population.', 'note', 'field', 'thousand', 'decision.', '—', 'shocking', 'claims', 'government', 'cover-up', 'surface', 'internet.']",FAKE
R058,New Report on Budget Report,"['build', 'foot', 'hope.', 'choice', 'writer', 'left', 'authority', 'fact.', 'experts', 'discuss', 'ongoing', 'developments', 'budget', 'report.']",REAL
R159,New Report on Economic Growth,"['mean', 'school', 'message', 'art.', 'suddenly', 'threat', 'hundred', 'list', 'mrs', 'down.', 'visit', 'music', 'nice', 'tend', 'painting.', 'head', 'rock', 'history', 'police', 'truth', 'main', 'when.', 'experts', 'discuss', 'ongoing', 'developments', 'economic', 'growth.']",REAL
R029,New Report on Economic Growth,"['office', 'senior', 'old', 'require', 'finish', 'media', 'young', 'argue.', 'fill', 'drug', 'event', 'rule', 'degree.', 'experts', 'discuss', 'ongoing', 'developments', 'economic', 'growth.']",REAL
R126,New Report on Research,"['everybody', 'son', 'word', 'design', 'economy', 'sound.', 'visit', 'remember', 'east', 'father.', 'experts', 'discuss', 'ongoing', 'developments', 'research.']",REAL
R132,New Report on Education,"['parent', 'free', 'loss', 'hospital', 'itself.', 'first', 'late', 'everybody.', 'experts', 'discuss', 'ongoing', 'developments', 'education.']",REAL
R025,New Report on Election,"['region', 'economy', 'never', 'store', 'necessary', 'vote', 'somebody', 'understand.', 'per', 'section', 'learn', 'condition', 'foreign.', 'experts', 'discuss', 'ongoing', 'developments', 'election.']",REAL
F214,Secret Cure Confirmed by Sources,"['computer', 'include', 'fire', 'send', 'prove', 'song.', 'group', 'room', 'amount', 'firm.', '—', 'shocking', 'claims', 'secret', 'cure', 'surface', 'internet.']",FAKE
R177,New Report on Policy,"['american', 'professor', 'institution', 'past.', 'experts', 'discuss', 'ongoing', 'developments', 'policy.']",REAL
R196,New Report on Budget Report,"['recognize', 'team', 'father.', 'serious', 'far', 'production', 'price', 'little', 'college', 'suffer.', 'experts', 'discuss', 'ongoing', 'developments', 'budget', 'report.']",REAL
R135,New Report on Budget Report,"['lawyer', 'week', 'society', 'notice.', 'experts', 'discuss', 'ongoing', 'developments', 'budget', 'report.']",REAL
F152,Government Cover-Up Confirmed by Sources,"['ahead', 'explain', 'bank', 'memory', 'help.', '—', 'shocking', 'claims', 'government', 'cover-up', 'surface', 'internet.']",FAKE
F180,Secret Cure Confirmed by Sources,"['establish', 'local', 'great', 'administration', 'point', 'yourself.', 'science', 'full', 'toward', 'approach', 'ball', 'while.', 'range', 'relate', 'leader', 'bag', 'apply.', '—', 'shocking', 'claims', 'secret', 'cure', 'surface', 'internet.']",FAKE
F003,Secret Cure Confirmed by Sources,"['rule', 'establish', 'affect', 'week', 'prevent', 'believe.', 'happen', 'community', 'window', 'back.', '—', 'shocking', 'claims', 'secret', 'cure', 'surface', 'internet.']",FAKE
F244,Celebrity Scandal Confirmed by Sources,"['government', 'area', 'next', 'fish', 'down.', 'thought', 'bring', 'health', 'if.', '—', 'shocking', 'claims', 'celebrity', 'scandal', 'surface', 'internet.']",FAKE
F194,Immortal Jellyfish Confirmed by Sources,"['born', 'watch', 'car', 'quickly', 'meeting', 'security', 'machine.', 'suddenly', 'use', 'pretty', 'exist', 'use', 'performance.', '—', 'shocking', 'claims', 'immortal', 'jellyfish', 'surface', 'internet.']",FAKE
R044,New Report on Policy,"['require', 'spend', 'certainly', 'husband', 'which.', 'decade', 'interest', 'respond', 'soldier.', 'factor', 'glass', 'meeting', 'partner', 'set', 'leader', 'natural.', 'experts', 'discuss', 'ongoing', 'developments', 'policy.']",REAL
R141,New Report on Economic Growth,"['energy', 'marriage', 'kid', 'treat', 'generation.', 'indicate', 'feel', 'base', 'citizen.', 'experts', 'discuss', 'ongoing', 'developments', 'economic', 'growth.']",FAKE
R188,New Report on Climate Change,"['national', 'loss', 'war', 'house', 'already.', 'experts', 'discuss', 'ongoing', 'developments', 'climate', 'change.']",REAL
F010,Aliens Confirmed by Sources,"['prove', 'financial', 'international', 'whole.', 'study', 'little.', '—', 'shocking', 'claims', 'aliens', 'surface', 'internet.']",FAKE
R106,New Report on Economic Growth,"['draw', 'school', 'budget.', 'ability', 'including', 'nice', 'industry', 'left', 'main', 'close', 'these.', 'crime', 'whole', 'research', 'account.', 'experts', 'discuss', 'ongoing', 'developments', 'economic', 'growth.']",REAL
R049,New Report on Research,"['process', 'tree', 'concern', 'ground', 'speak.', 'even', 'administration', 'local', 'program.', 'figure', 'new', 'civil', 'tax', 'standard', 'build.', 'experts', 'discuss', 'ongoing', 'developments', 'research.']",REAL
R144,New Report on Budget Report,"['chance', 'matter', 'method', 'subject', 'fact', 'seem', 'difference.', 'defense', 'thing', 'enough.', 'open', 'rich', 'wear', 'fact', 'front', 'begin.', 'experts', 'discuss', 'ongoing', 'developments', 'budget', 'report.']",REAL
F199,Celebrity Scandal Confirmed by Sources,"['else', 'course', 'character.', 'word', 'enough', 'food', 'process', 'leader', 'sometimes', 'black.', '—', 'shocking', 'claims', 'celebrity', 'scandal', 'surface', 'internet.']",FAKE
F215,Secret Cure Confirmed by Sources,"['rest', 'learn', 'general', 'meet', 'professor', 'though.', 'girl', 'people', 'player', 'kind', 'south', 'protect', 'sort.', 'long.', '—', 'shocking', 'claims', 'secret', 'cure', 'surface', 'internet.']",FAKE
R176,New Report on Economic Growth,"['conference', 'tell', 'page', 'investment.', 'drop', 'meet', 'open', 'create.', 'experts', 'discuss', 'ongoing', 'developments', 'economic', 'growth.']",REAL
F105,Hoax Confirmed by Sources,"['evening', 'idea', 'list', 'board', 'amount.', '—', 'shocking', 'claims', 'hoax', 'surface', 'internet.']",FAKE
F031,Miracle Drug Confirmed by Sources,"['commercial', 'end', 'degree', 'even.', 'character', 'cell', 'parent', 'allow', 'wear.', 'season', 'generation', 'better', 'single.', '—', 'shocking', 'claims', 'miracle', 'drug', 'surface', 'internet.']",FAKE
R206,New Report on Research,"['within', 'exist', 'indeed', 'relationship', 'focus', 'member', 'rise.', 'main', 'pretty', 'protect', 'responsibility', 'training.', 'finally', 'everyone', 'step', 'social.', 'experts', 'discuss', 'ongoing', 'developments', 'research.']",REAL
F238,Secret Cure Confirmed by Sources,"['detail', 'new', 'task', 'baby', 'model', 'fear', 'size', 'the.', 'debate', 'whether', 'large', 'nearly.', '—', 'shocking', 'claims', 'secret', 'cure', 'surface', 'internet.']",FAKE
R027,New Report on Climate Change,"['interest', 'culture', 'act', 'necessary.', 'study', 'onto', 'third', 'maybe', 'board.', 'process', 'tree', 'positive', 'his.', 'experts', 'discuss', 'ongoing', 'developments', 'climate', 'change.']",REAL
F169,Government Cover-Up Confirmed by Sources,"['likely', 'second', 'responsibility', 'number', 'hit', 'today.', 'company', 'energy', 'morning', 'establish', 'pm', 'economic', 'necessary.', '—', 'shocking', 'claims', 'government', 'cover-up', 'surface', 'internet.']",FAKE
F208,Aliens Confirmed by Sources,"['wrong', 'wife', 'type', 'head', 'economy', 'indeed.', 'go', 'national', 'wish', 'value', 'scene.', '—', 'shocking', 'claims', 'aliens', 'surface', 'internet.']",FAKE
F212,Miracle Drug Confirmed by Sources,"['power', 'language', 'fish', 'away', 'feeling', 'president.', 'kid', 'major', 'consider', 'pm', 'miss.', 'lawyer', 'policy', 'mrs', 'prevent.', '—', 'shocking', 'claims', 'miracle', 'drug', 'surface', 'internet.']",FAKE
F032,Hoax Confirmed by Sources,"['executive', 'skin', 'key.', 'hear', 'already', 'new', 'conference.', '—', 'shocking', 'claims', 'hoax', 'surface', 'internet.']",FAKE
F109,Hoax Confirmed by Sources,"['risk', 'painting', 'west', 'analysis.', '—', 'shocking', 'claims', 'hoax', 'surface', 'internet.']",FAKE
R111,New Report on Policy,"['space', 'method', 'south.', 'physical', 'employee', 'history.', 'remember', 'draw', 'quite', 'foreign', 'owner', 'end', 'various.', 'experts', 'discuss', 'ongoing', 'developments', 'policy.']",REAL
F078,Aliens Confirmed by Sources,"['main', 'bill', 'side.', 'onto', 'adult', 'side', 'follow.', 'social', 'top', 'officer', 'sit', 'land.', 'travel', 'soon', 'movement', 'enough', 'various.', '—', 'shocking', 'claims', 'aliens', 'surface', 'internet.']",FAKE
R105,New Report on Budget Report,"['today', 'world', 'cost', 'material', 'policy.', 'organization', 'candidate', 'many', 'material', 'head', 'meet.', 'experts', 'discuss', 'ongoing', 'developments', 'budget', 'report.']",REAL
F196,Government Cover-Up Confirmed by Sources,"['small', 'weight', 'away', 'large.', 'give', 'performance', 'leg', 'newspaper', 'science', 'learn', 'computer.', 'company', 'sign', 'instead', 'open', 'court.', '—', 'shocking', 'claims', 'government', 'cover-up', 'surface', 'internet.']",FAKE
F118,Immortal Jellyfish Confirmed by Sources,"['hit', 'environment', 'stand', 'defense.', 'wrong', 'easy', 'range', 'someone.', '—', 'shocking', 'claims', 'immortal', 'jellyfish', 'surface', 'internet.']",FAKE
F077,Secret Cure Confirmed by Sources,"['billion', 'use', 'across', 'data', 'alone.', 'sometimes', 'evidence', 'source', 'determine', 'admit', 'economic.', '—', 'shocking', 'claims', 'secret', 'cure', 'surface', 'internet.']",FAKE
F070,Government Cover-Up Confirmed by Sources,"['article', 'father', 'realize.', 'type', 'artist', 'research', 'hundred', 'rise', 'cause', 'relate.', 'hard', 'ago', 'party', 'heart', 'however', 'party', 'challenge', 'set.', '—', 'shocking', 'claims', 'government', 'cover-up', 'surface', 'internet.']",FAKE
F041,Immortal Jellyfish Confirmed by Sources,"['break', 'rest', 'common', 'big.', 'glass', 'pressure', 'rise', 'daughter', 'seek', 'manage.', 'option', 'far', 'others', 'stuff', 'approach', 'peace.', '—', 'shocking', 'claims', 'immortal', 'jellyfish', 'surface', 'internet.']",FAKE
R026,New Report on Policy,"['difficult', 'either', 'them.', 'community', 'gun', 'partner', 'fight.', 'experts', 'discuss', 'ongoing', 'developments', 'policy.']",REAL
R207,New Report on Policy,"['seem', 'tell', 'son', 'office', 'region', 'where.', 'else', 'learn', 'customer', 'health', 'ability.', 'experts', 'discuss', 'ongoing', 'developments', 'policy.']",REAL
F163,Secret Cure Confirmed by Sources,"['local', 'raise', 'fall', 'arrive', 'hear', 'ago.', 'including', 'commercial', 'state', 'attack.', 'long', 'store', 'south', 'population', 'would.', '—', 'shocking', 'claims', 'secret', 'cure', 'surface', 'internet.']",FAKE
F171,Government Cover-Up Confirmed by Sources,"['coach', 'general', 'yourself.', 'building', 'whether', 'serve', 'probably', 'fill', 'social.', '—', 'shocking', 'claims', 'government', 'cover-up', 'surface', 'internet.']",FAKE
F139,Immortal Jellyfish Confirmed by Sources,"['large', 'budget', 'debate.', 'record', 'ago', 'democrat.', 'several', 'item', 'plan', 'tax', 'international', 'authority.', '—', 'shocking', 'claims', 'immortal', 'jellyfish', 'surface', 'internet.']",FAKE
F120,Miracle Drug Confirmed by Sources,"['still', 'market', 'win', 'choose', 'deal.', 'situation', 'general', 'much.', '—', 'shocking', 'claims', 'miracle', 'drug', 'surface', 'internet.']",FAKE
F146,Mind Control Confirmed by Sources,"['analysis', 'car', 'environment', 'attention.', 'control', 'recent', 'throughout', 'participant.', '—', 'shocking', 'claims', 'mind', 'control', 'surface', 'internet.']",FAKE
R115,New Report on Research,"['stand', 'cost', 'trade', 'source', 'ago', 'rock.', 'house', 'evening', 'throw', 'debate', 'science', 'try', 'bag.', 'experts', 'discuss', 'ongoing', 'developments', 'research.']",FAKE
F039,Aliens Confirmed by Sources,"['around', 'ten', 'series', 'save.', 'year', 'easy', 'also.', 'information', 'sometimes', 'likely', 'economic', 'song', 'remember.', '—', 'shocking', 'claims', 'aliens', 'surface', 'internet.']",FAKE
F225,Hoax Confirmed by Sources,"['focus', 'every', 'discussion', 'vote', 'ever', 'throw', 'become.', 'together', 'clear', 'doctor', 'better', 'happen', 'either.', '—', 'shocking', 'claims', 'hoax', 'surface', 'internet.']",FAKE
F140,Aliens Confirmed by Sources,"['section', 'natural.', 'often', 'history', 'leave', 'stay', 'material', 'decide', 'relationship.', 'much', 'type', 'glass', 'social', 'affect.', '—', 'shocking', 'claims', 'aliens', 'surface', 'internet.']",REAL
F122,Mind Control Confirmed by Sources,"['choice', 'phone', 'financial', 'miss', 'knowledge', 'task', 'human.', 'try', 'little', 'free', 'take', 'form', 'black', 'point.', 'leader', 'war', 'plan', 'voice', 'capital.', '—', 'shocking', 'claims', 'mind', 'control', 'surface', 'internet.']",FAKE
R070,New Report on Budget Report,"['market', 'amount', 'recent', 'somebody', 'benefit', 'stuff.', 'score', 'sometimes', 'case', 'market.', 'experts', 'discuss', 'ongoing', 'developments', 'budget', 'report.']",REAL
F248,Celebrity Scandal Confirmed by Sources,"['cost', 'color', 'adult', 'meet.', 'consider', 'fact', 'author', 'beyond.', 'name', 'matter', 'picture.', '—', 'shocking', 'claims', 'celebrity', 'scandal', 'surface', 'internet.']",FAKE
R016,New Report on Technology Breakthrough,"['piece', 'establish', 'relationship', 'like', 'including.', 'choice', 'work', 'suggest', 'response', 'however.', 'executive', 'call', 'leader', 'yard.', 'experts', 'discuss', 'ongoing', 'developments', 'technology', 'breakthrough.']",REAL
R148,New Report on Technology Breakthrough,"['onto', 'represent', 'approach', 'ten', 'pay', 'account', 'focus.', 'bill', 'know', 'million.', 'experts', 'discuss', 'ongoing', 'developments', 'technology', 'breakthrough.']",REAL
R142,New Report on Budget Report,"['truth', 'chance', 'truth', 'give', 'early', 'raise', 'southern', 'hope.', 'first', 'series', 'buy', 'remain', 'officer', 'rather.', 'bar', 'although', 'truth', 'myself.', 'experts', 'discuss', 'ongoing', 'developments', 'budget', 'report.']",REAL
F141,Miracle Drug Confirmed by Sources,"['several', 'arm', 'enter', 'those.', 'hope', 'lawyer', 'activity', 'identify.', '—', 'shocking', 'claims', 'miracle', 'drug', 'surface', 'internet.']",FAKE
R076,New Report on Technology Breakthrough,"['expert', 'pressure', 'blue', 'old', 'raise.', 'arm', 'turn', 'speak', 'century', 'thing', 'plan', 'drive.', 'personal', 'half', 'card', 'finish', 'couple', 'front.', 'experts', 'discuss', 'ongoing', 'developments', 'technology', 'breakthrough.']",REAL
R180,New Report on Budget Report,"['media', 'visit', 'say', 'cover.', 'tell', 'including.', 'experts', 'discuss', 'ongoing', 'developments', 'budget', 'report.']",REAL
F126,Aliens Confirmed by Sources,"['receive', 'friend', 'item.', 'attack', 'job', 'word', 'recognize', 'nature.', 'another', 'prepare', 'letter', 'receive.', 'win', 'country', 'town', 'accept', 'budget.', '—', 'shocking', 'claims', 'aliens', 'surface', 'internet.']",FAKE
R134,New Report on Economic Growth,"['imagine', 'difficult', 'top', 'debate', 'page', 'send.', 'house', 'mouth.', 'according', 'social', 'listen', 'find', 'cut', 'choose.', 'experts', 'discuss', 'ongoing', 'developments', 'economic', 'growth.']",FAKE
F132,Mind Control Confirmed by Sources,"['word', 'though', 'fund', 'toward', 'police.', 'eat', 'reduce', 'citizen', 'create', 'authority', 'all.', 'plant', 'young', 'hour', 'stand', 'doctor.', '—', 'shocking', 'claims', 'mind', 'control', 'surface', 'internet.']",FAKE
F230,Immortal Jellyfish Confirmed by Sources,"['necessary', 'spend', 'foot', 'defense.', 'simple', 'education', 'phone', 'after.', '—', 'shocking', 'claims', 'immortal', 'jellyfish', 'surface', 'internet.']",FAKE
F243,Aliens Confirmed by Sources,"['main', 'buy', 'research', 'look', 'response', 'page', 'present', 'so.', 'behind', 'partner', 'senior', 'family', 'customer.', '—', 'shocking', 'claims', 'aliens', 'surface', 'internet.']",FAKE
R191,New Report on Budget Report,"['certain', 'simply', 'late', 'south', 'see.', 'leave', 'cup', 'hold', 'commercial', 'operation', 'national', 'letter.', 'brother', 'protect', 'ago', 'better', 'body.', 'experts', 'discuss', 'ongoing', 'developments', 'budget', 'report.']",REAL
R130,New Report on Public Health,"['base', 'certainly', 'play.', 'son', 'car', 'life', 'push.', 'owner', 'size', 'level.', 'experts', 'discuss', 'ongoing', 'developments', 'public', 'health.']",REAL
F081,Mind Control Confirmed by Sources,"['million', 'talk', 'product', 'never.', 'ask', 'series', 'hair', 'side', 'method.', '—', 'shocking', 'claims', 'mind', 'control', 'surface', 'internet.']",FAKE
R209,New Report on Technology Breakthrough,"['finally', 'sister', 'assume.', 'discuss', 'attorney', 'food', 'movie', 'public.', 'public', 'determine', 'school', 'experience', 'car', 'animal.', 'experts', 'discuss', 'ongoing', 'developments', 'technology', 'breakthrough.']",REAL
F228,Hoax Confirmed by Sources,"['walk', 'value', 'way', 'along.', 'window', 'ago', 'wall', 'anything', 'week', 'style.', 'similar', 'manage', 'performance', 'unit', 'although', 'believe', 'summer.', '—', 'shocking', 'claims', 'hoax', 'surface', 'internet.']",FAKE
R030,New Report on Budget Report,"['example', 'star', 'sport', 'hit', 'agency.', 'trouble', 'land', 'take', 'boy.', 'fine', 'expect', 'special', 'positive', 'ability.', 'experts', 'discuss', 'ongoing', 'developments', 'budget', 'report.']",REAL
R214,New Report on Education,"['model', 'even', 'always', 'bag', 'break', 'technology.', 'experts', 'discuss', 'ongoing', 'developments', 'education.']",REAL
R175,New Report on Economic Growth,"['include', 'officer', 'movie', 'this.', 'positive', 'agree', 'worry.', 'experts', 'discuss', 'ongoing', 'developments', 'economic', 'growth.']",REAL
