id,filtered_words,features,label_index
R129,"['wall', 'require', 'old', 'let', 'surface.', 'experts', 'discuss', 'ongoing', 'developments', 'election.']","(10000,[3556,3614,4506,4687,5417,6404,7083,8267,8449,9462],[2.8844015909096608,0.6832166123573445,0.691153161953081,0.6871770135734415,5.117993812416755,3.8187108282864943,3.8187108282864943,3.914021008090819,4.019381523748645,0.691153161953081])",1.0
R227,"['late', 'already', 'place', 'offer', 'it.', 'majority', 'dog', 'manager', 'particularly.', 'first', 'turn', 'woman', 'large.', 'experts', 'discuss', 'ongoing', 'developments', 'climate', 'change.']","(10000,[594,821,1652,2059,2958,3079,3614,3713,3886,4506,4563,4687,6390,6403,7805,9168,9244,9462,9564],[4.270695952029551,2.849310271098391,3.8187108282864943,2.60568818844064,4.270695952029551,4.019381523748645,0.6832166123573445,4.830311739964974,4.137164559405029,0.691153161953081,4.019381523748645,0.6871770135734415,4.270695952029551,3.8187108282864943,5.523458920524919,5.523458920524919,4.270695952029551,0.691153161953081,4.607168188650764])",1.0
F231,"['indicate', 'field', 'contain', 'throw', 'foot', 'would.', 'film', 'campaign', 'chair', 'future', 'cut', 'car', 'fly.', '—', 'shocking', 'claims', 'aliens', 'surface', 'internet.']","(10000,[503,650,681,1206,1410,3674,5003,5850,6485,6488,6675,7074,7230,7281,7493,7890,7936,8325,8338],[0.691153161953081,2.958509563063383,4.607168188650764,4.42484663185681,4.607168188650764,4.270695952029551,4.607168188650764,0.691153161953081,4.019381523748645,4.607168188650764,5.523458920524919,3.577548771469606,5.117993812416755,0.6753425559264385,4.42484663185681,4.270695952029551,0.691153161953081,3.8187108282864943,0.691153161953081])",0.0
R066,"['lot', 'authority', 'fact', 'hard', 'staff', 'congress.', 'least', 'way', 'base', 'now.', 'husband', 'power.', 'experts', 'discuss', 'ongoing', 'developments', 'policy.']","(10000,[1029,1176,1634,2513,3614,3802,4506,4687,4943,5125,6224,6944,7208,7215,8173,9391,9462],[4.019381523748645,3.8187108282864943,4.607168188650764,5.523458920524919,0.6832166123573445,5.523458920524919,0.691153161953081,0.6871770135734415,4.137164559405029,4.019381523748645,3.577548771469606,2.8154087194227095,4.607168188650764,4.019381523748645,3.6516567436233283,3.6516567436233283,0.691153161953081])",1.0
F095,"['fast', 'happy', 'realize', 'money', 'rock', 'piece', 'third.', 'bag', 'follow', 'mind', 'member', 'success', 'enjoy.', '—', 'shocking', 'claims', 'mind', 'control', 'surface', 'internet.']","(10000,[415,503,574,1208,1582,3133,3184,5347,5850,6103,6790,6847,7281,7936,8151,8338,9263,9367,9828],[4.019381523748645,0.691153161953081,3.8187108282864943,2.7826188965997183,4.270695952029551,4.607168188650764,5.630817438845419,4.270695952029551,0.691153161953081,4.607168188650764,4.607168188650764,5.523458920524919,0.6753425559264385,0.691153161953081,4.137164559405029,0.691153161953081,3.914021008090819,4.137164559405029,4.830311739964974])",0.0
R174,"['cover', 'doctor.', 'occur', 'take', 'edge.', 'service', 'lay', 'worker', 'build.', 'experts', 'discuss', 'ongoing', 'developments', 'policy.']","(10000,[855,1921,2252,2676,3614,4475,4506,4687,5598,6104,6944,7229,8859,9462],[3.8187108282864943,5.523458920524919,3.914021008090819,4.830311739964974,0.6832166123573445,4.42484663185681,0.691153161953081,0.6871770135734415,4.607168188650764,4.42484663185681,2.8154087194227095,5.117993812416755,4.607168188650764,0.691153161953081])",1.0
R201,"['real', 'everyone', 'term', 'relate', 'actually.', 'experts', 'discuss', 'ongoing', 'developments', 'public', 'health.']","(10000,[988,1770,2188,3614,3888,4506,4687,6219,8893,9462,9691],[4.019381523748645,3.0385522707369192,4.830311739964974,0.6832166123573445,4.607168188650764,0.691153161953081,0.6871770135734415,3.0811118851557153,4.270695952029551,0.691153161953081,4.019381523748645])",1.0
R072,"['church', 'candidate', 'dinner', 'south.', 'simply', 'minute', 'idea.', 'experts', 'discuss', 'ongoing', 'developments', 'education.']","(10000,[1273,1375,1642,2240,3357,3614,4358,4506,4640,4687,5047,9462],[4.137164559405029,5.117993812416755,4.019381523748645,3.8187108282864943,4.137164559405029,0.6832166123573445,4.270695952029551,0.691153161953081,4.42484663185681,0.6871770135734415,2.6902455764687034,0.691153161953081])",1.0
R064,"['north', 'goal', 'evening', 'yeah', 'tell', 'responsibility.', 'especially', 'across', 'treatment', 'important', 'attack', 'represent', 'return.', 'dog', 'tax', 'cultural', 'scene', 'agent', 'model', 'hit', 'spend.', 'experts', 'discuss', 'ongoing', 'developments', 'research.']","(10000,[1778,1850,1967,2523,3249,3614,4506,4516,4687,5016,5089,5286,5693,5844,6587,7066,7074,7102,8015,8173,8252,8684,8717,9233,9462,9564],[4.830311739964974,4.019381523748645,4.42484663185681,5.523458920524919,3.6516567436233283,0.6832166123573445,0.691153161953081,4.830311739964974,0.6871770135734415,4.830311739964974,4.42484663185681,4.607168188650764,4.270695952029551,5.117993812416755,4.270695952029551,2.849310271098391,3.577548771469606,4.270695952029551,4.42484663185681,3.6516567436233283,3.8187108282864943,5.523458920524919,3.6516567436233283,4.137164559405029,0.691153161953081,4.607168188650764])",1.0
F037,"['grow', 'door', 'involve', 'across', 'outside.', 'kid', 'pay', 'ten', 'kid.', 'provide', 'institution', 'maybe', 'social', 'even', 'yeah', 'act.', '—', 'shocking', 'claims', 'miracle', 'drug', 'surface', 'internet.']","(10000,[503,823,856,1256,2141,2404,3243,3249,3723,4818,4847,4897,5085,5850,5946,6271,6406,7074,7281,7860,7936,7954,8338],[0.691153161953081,3.8187108282864943,5.523458920524919,3.125563647726549,5.117993812416755,4.137164559405029,4.270695952029551,3.6516567436233283,4.137164559405029,4.137164559405029,3.914021008090819,4.607168188650764,3.7316994512968646,0.691153161953081,3.8187108282864943,3.8187108282864943,4.137164559405029,3.577548771469606,0.6753425559264385,2.8154087194227095,0.691153161953081,5.523458920524919,0.691153161953081])",0.0
R170,"['morning', 'meeting', 'choice', 'system', 'ahead', 'begin.', 'tv', 'anything', 'carry', 'rock.', 'structure', 'image', 'east', 'ahead', 'mind', 'left', 'hard', 'wall.', 'experts', 'discuss', 'ongoing', 'developments', 'technology', 'breakthrough.']","(10000,[20,454,1020,1662,2114,2227,2996,3072,3160,3184,3614,3996,4506,4547,4687,5125,5303,6053,6576,7274,8268,9296,9462],[4.019381523748645,3.5085558999826545,2.6330871626287546,3.914021008090819,3.8187108282864943,2.7200985396183848,3.7316994512968646,5.117993812416755,4.830311739964974,2.8154087194227095,0.6832166123573445,4.270695952029551,0.691153161953081,4.830311739964974,0.6871770135734415,4.019381523748645,4.270695952029551,3.383392757028649,4.270695952029551,5.117993812416755,7.3033134872466565,4.270695952029551,0.691153161953081])",1.0
F110,"['sort', 'third', 'direction', 'particularly', 'senior.', 'world', 'three', 'less', 'good', 'head.', '—', 'shocking', 'claims', 'celebrity', 'scandal', 'surface', 'internet.']","(10000,[503,1195,3486,3593,4921,5720,5850,5925,6168,6443,7281,7936,8338,8438,8554,8771,9360],[0.691153161953081,4.42484663185681,2.849310271098391,4.830311739964974,2.849310271098391,4.830311739964974,0.691153161953081,4.137164559405029,4.830311739964974,3.8187108282864943,0.6753425559264385,0.691153161953081,0.691153161953081,5.117993812416755,3.914021008090819,4.830311739964974,4.137164559405029])",0.0
F048,"['enough', 'serve', 'sell', 'might', 'sport.', '—', 'shocking', 'claims', 'secret', 'cure', 'surface', 'internet.']","(10000,[503,1725,2111,3892,3924,4485,4748,5850,6747,7281,7936,8338],[0.691153161953081,4.019381523748645,5.523458920524919,2.5530444549552183,4.137164559405029,3.914021008090819,3.914021008090819,0.691153161953081,2.5530444549552183,0.6753425559264385,0.691153161953081,0.691153161953081])",0.0
F082,"['much', 'loss', 'evidence', 'specific', 'behavior.', 'believe', 'century', 'despite', 'similar', 'program.', 'deal', 'miss', 'necessary.', '—', 'shocking', 'claims', 'hoax', 'surface', 'internet.']","(10000,[503,524,533,1071,1107,1301,1433,2054,2059,4377,5329,5850,6988,7025,7046,7281,7841,7936,8338],[0.691153161953081,3.383392757028649,3.914021008090819,4.42484663185681,4.42484663185681,4.270695952029551,4.42484663185681,3.577548771469606,2.60568818844064,2.60568818844064,3.8187108282864943,0.691153161953081,5.523458920524919,4.42484663185681,4.830311739964974,0.6753425559264385,4.42484663185681,0.691153161953081,0.691153161953081])",0.0
F187,"['marriage', 'factor', 'sure', 'through.', 'mr', 'away', 'learn', 'true', 'method', 'five.', 'author', 'change', 'glass', 'beautiful.', '—', 'shocking', 'claims', 'miracle', 'drug', 'surface', 'internet.']","(10000,[387,503,781,870,1256,1776,1821,2647,3737,5850,5967,6015,6229,6932,7188,7281,7860,7936,8338,9350,9561],[4.42484663185681,0.691153161953081,5.523458920524919,5.117993812416755,3.125563647726549,4.607168188650764,4.137164559405029,4.270695952029551,4.270695952029551,0.691153161953081,3.7316994512968646,4.270695952029551,3.914021008090819,3.7316994512968646,4.137164559405029,0.6753425559264385,2.8154087194227095,0.691153161953081,0.691153161953081,4.42484663185681,4.270695952029551])",0.0
F027,"['language', 'election', 'president', 'partner', 'firm', 'become', 'sister', 'then.', 'board', 'decade', 'kind.', 'fact', 'mouth', 'catch', 'bed', 'care', 'house', 'will.', '—', 'shocking', 'claims', 'miracle', 'drug', 'surface', 'internet.']","(10000,[116,132,503,1256,1306,1716,2784,3521,5310,5379,5836,5850,6030,7090,7215,7281,7454,7497,7860,7936,7949,8338,8656,8894,9497],[3.4440173788450834,5.117993812416755,0.691153161953081,3.125563647726549,4.42484663185681,4.019381523748645,5.523458920524919,4.270695952029551,4.270695952029551,5.523458920524919,4.137164559405029,0.691153161953081,4.42484663185681,4.607168188650764,4.019381523748645,0.6753425559264385,3.914021008090819,4.42484663185681,2.8154087194227095,0.691153161953081,4.607168188650764,0.691153161953081,5.523458920524919,3.914021008090819,4.019381523748645])",0.0
F202,"['staff', 'put', 'indeed', 'seem', 'scene.', 'add', 'especially', 'black', 'hot', 'beat', 'music.', '—', 'shocking', 'claims', 'hoax', 'surface', 'internet.']","(10000,[503,1675,1948,2569,2588,4377,4934,5850,6224,7281,7936,8173,8338,8871,9372,9693,9887],[0.691153161953081,5.117993812416755,3.6516567436233283,4.019381523748645,4.019381523748645,2.60568818844064,4.270695952029551,0.691153161953081,3.577548771469606,0.6753425559264385,0.691153161953081,3.6516567436233283,0.691153161953081,4.270695952029551,4.607168188650764,4.270695952029551,4.137164559405029])",1.0
F197,"['age', 'peace', 'difference', 'book', 'food', 'point.', 'another', 'without', 'party.', '—', 'shocking', 'claims', 'secret', 'cure', 'surface', 'internet.']","(10000,[393,454,503,3892,4043,4201,5850,6697,6747,7281,7866,7936,8166,8338,8653,8791],[4.137164559405029,3.5085558999826545,0.691153161953081,2.5530444549552183,3.8187108282864943,5.523458920524919,0.691153161953081,3.8187108282864943,2.5530444549552183,0.6753425559264385,4.270695952029551,0.691153161953081,4.42484663185681,0.691153161953081,4.607168188650764,4.42484663185681])",0.0
R128,"['production', 'still', 'understand.', 'fall', 'bring', 'get', 'prevent', 'full', 'example.', 'movie', 'type', 'century', 'own.', 'experts', 'discuss', 'ongoing', 'developments', 'climate', 'change.']","(10000,[821,1439,1834,2059,3057,3252,3526,3614,3712,3729,4506,4687,7813,7841,8353,8413,8897,9426,9462],[2.849310271098391,3.914021008090819,4.607168188650764,2.60568818844064,4.607168188650764,4.019381523748645,3.914021008090819,0.6832166123573445,4.270695952029551,4.42484663185681,0.691153161953081,0.6871770135734415,5.523458920524919,4.42484663185681,4.019381523748645,3.2721671219184243,4.137164559405029,4.137164559405029,0.691153161953081])",1.0
F157,"['write', 'computer', 'really', 'including', 'option.', 'training', 'large', 'movie', 'let', 'loss', 'partner', 'hotel.', '—', 'shocking', 'claims', 'government', 'cover-up', 'surface', 'internet.']","(10000,[116,503,1439,2259,4112,5169,5329,5445,5850,7022,7281,7334,7538,7936,8151,8267,8338,8569,9813],[3.4440173788450834,0.691153161953081,3.914021008090819,2.8154087194227095,4.42484663185681,5.117993812416755,3.8187108282864943,4.607168188650764,0.691153161953081,3.6516567436233283,0.6753425559264385,4.270695952029551,4.137164559405029,0.691153161953081,4.137164559405029,3.914021008090819,0.691153161953081,5.523458920524919,2.997730276216664])",0.0
F117,"['skill', 'long', 'free', 'stand', 'pass.', '—', 'shocking', 'claims', 'hoax', 'surface', 'internet.']","(10000,[503,1073,4377,5850,6886,7281,7936,8171,8338,8904,9968],[0.691153161953081,4.270695952029551,2.60568818844064,0.691153161953081,3.914021008090819,0.6753425559264385,0.691153161953081,3.914021008090819,0.691153161953081,4.019381523748645,3.914021008090819])",0.0
F173,"['power', 'message', 'debate', 'fast.', 'college', 'happy', 'wonder', 'low', 'others', 'heavy', 'laugh.', 'serve', 'affect', 'establish', 'real', 'congress', 'let.', '—', 'shocking', 'claims', 'secret', 'cure', 'surface', 'internet.']","(10000,[503,1725,2715,2923,3056,3564,3673,3892,4723,4831,5347,5850,6055,6747,6940,7281,7936,8057,8276,8338,8411,8728,8949,9691],[0.691153161953081,4.019381523748645,3.5085558999826545,4.270695952029551,4.42484663185681,5.117993812416755,5.117993812416755,2.5530444549552183,4.137164559405029,5.523458920524919,4.270695952029551,0.691153161953081,4.42484663185681,2.5530444549552183,4.270695952029551,0.6753425559264385,0.691153161953081,4.830311739964974,3.8187108282864943,0.691153161953081,3.914021008090819,3.5085558999826545,4.019381523748645,4.019381523748645])",0.0
F024,"['join', 'anyone', 'current', 'product', 'theory', 'movement.', 'music', 'kitchen', 'training', 'account', 'leader', 'scientist', 'different.', '—', 'shocking', 'claims', 'aliens', 'surface', 'internet.']","(10000,[447,503,650,666,756,1468,1526,3409,4395,5850,6226,6370,7281,7538,7936,8338,8952,9187,9189],[4.270695952029551,0.691153161953081,2.958509563063383,4.607168188650764,4.830311739964974,3.6516567436233283,4.019381523748645,4.607168188650764,5.117993812416755,0.691153161953081,5.117993812416755,4.607168188650764,0.6753425559264385,4.137164559405029,0.691153161953081,0.691153161953081,4.270695952029551,3.5085558999826545,4.42484663185681])",0.0
F096,"['let', 'board', 'general', 'response', 'somebody', 'south.', 'political', 'focus', 'care', 'major', 'friend.', '—', 'shocking', 'claims', 'celebrity', 'scandal', 'surface', 'internet.']","(10000,[503,1058,2445,3089,3228,3486,3931,3935,4640,4921,5310,5465,5850,7281,7454,7936,8267,8338],[0.691153161953081,4.019381523748645,4.137164559405029,4.137164559405029,5.117993812416755,2.849310271098391,3.383392757028649,4.019381523748645,4.42484663185681,2.849310271098391,4.270695952029551,3.6516567436233283,0.691153161953081,0.6753425559264385,3.914021008090819,0.691153161953081,3.914021008090819,0.691153161953081])",0.0
R247,"['minute', 'nice', 'order.', 'north', 'rule', 'back.', 'quite', 'door', 'structure.', 'experts', 'discuss', 'ongoing', 'developments', 'public', 'health.']","(10000,[343,1770,1778,2110,3357,3370,3614,4506,4687,4847,5392,5564,6056,6219,9462],[3.7316994512968646,3.0385522707369192,4.830311739964974,4.830311739964974,4.137164559405029,3.7316994512968646,0.6832166123573445,0.691153161953081,0.6871770135734415,3.914021008090819,4.830311739964974,5.117993812416755,3.7316994512968646,3.0811118851557153,0.691153161953081])",1.0
F226,"['exactly', 'environment', 'lead', 'need', 'society', 'artist.', 'let', 'player', 'system', 'day', 'million', 'business', 'program.', 'piece.', '—', 'shocking', 'claims', 'government', 'cover-up', 'surface', 'internet.']","(10000,[327,503,2096,2259,2407,3996,5356,5374,5850,6537,6604,7025,7117,7281,7936,8267,8338,8651,9133,9784,9813],[4.42484663185681,0.691153161953081,4.270695952029551,2.8154087194227095,4.137164559405029,4.270695952029551,4.830311739964974,3.8187108282864943,0.691153161953081,4.830311739964974,4.270695952029551,4.42484663185681,4.42484663185681,0.6753425559264385,0.691153161953081,3.914021008090819,0.691153161953081,4.137164559405029,4.270695952029551,5.117993812416755,2.997730276216664])",0.0
F100,"['friend', 'house', 'capital', 'industry.', 'recognize', 'especially', 'foot', 'better', 'price', 'audience', 'or.', '—', 'shocking', 'claims', 'flat', 'earth', 'surface', 'internet.']","(10000,[488,503,662,1312,1738,2543,2918,5836,5850,6541,7281,7890,7936,8171,8173,8338,9676,9718],[4.830311739964974,0.691153161953081,5.523458920524919,4.607168188650764,3.914021008090819,3.4440173788450834,3.0385522707369192,4.137164559405029,0.691153161953081,4.607168188650764,0.6753425559264385,4.270695952029551,0.691153161953081,3.914021008090819,3.6516567436233283,0.691153161953081,3.0385522707369192,4.830311739964974])",0.0
F246,"['gas', 'test', 'conference.', 'individual', 'hard', 'part', 'until.', 'show', 'citizen', 'large', 'worker.', 'talk', 'build', 'certain', 'institution', 'wrong', 'yeah.', '—', 'shocking', 'claims', 'government', 'cover-up', 'surface', 'internet.']","(10000,[8,503,1898,2259,3014,3243,4019,4430,5125,5371,5607,5850,6512,6586,7022,7281,7936,8134,8338,8614,8740,8925,9288,9813],[4.137164559405029,0.691153161953081,4.830311739964974,2.8154087194227095,4.137164559405029,4.270695952029551,4.830311739964974,5.117993812416755,4.019381523748645,5.523458920524919,4.270695952029551,0.691153161953081,4.270695952029551,4.137164559405029,3.6516567436233283,0.6753425559264385,0.691153161953081,4.830311739964974,0.691153161953081,4.137164559405029,4.42484663185681,4.137164559405029,4.607168188650764,2.997730276216664])",1.0
F183,"['though', 'mother', 'brother', 'those.', 'mr', 'loss', 'rule', 'color', 'respond.', '—', 'shocking', 'claims', 'aliens', 'surface', 'internet.']","(10000,[291,343,354,503,650,1657,2647,3385,3916,5329,5850,7281,7936,8338,9832],[4.42484663185681,3.7316994512968646,4.270695952029551,0.691153161953081,2.958509563063383,4.830311739964974,4.270695952029551,4.019381523748645,5.523458920524919,3.8187108282864943,0.691153161953081,0.6753425559264385,0.691153161953081,0.691153161953081,3.914021008090819])",0.0
R063,"['positive', 'source', 'learn', 'air.', 'apply', 'situation', 'action', 'floor', 'another.', 'stuff', 'subject', 'discuss', 'firm', 'agreement', 'understand', 'trip.', 'experts', 'discuss', 'ongoing', 'developments', 'policy.']","(10000,[1,1918,3136,3614,4319,4506,4687,5967,6487,6633,6865,6944,7312,7721,7722,7963,8413,8655,8894,9462],[3.914021008090819,5.523458920524919,4.42484663185681,1.366433224714689,3.3262343431887,0.691153161953081,0.6871770135734415,3.7316994512968646,3.7316994512968646,5.117993812416755,4.830311739964974,2.8154087194227095,4.607168188650764,3.8187108282864943,4.42484663185681,4.42484663185681,3.2721671219184243,4.019381523748645,3.914021008090819,0.691153161953081])",0.0
R005,"['indicate', 'age', 'travel', 'mother', 'across.', 'surface', 'together', 'sure', 'know', 'since', 'history', 'range.', 'notice', 'defense', 'of.', 'experts', 'discuss', 'ongoing', 'developments', 'election.']","(10000,[354,1209,1525,1821,2759,3543,3556,3614,4506,4687,5627,6287,6485,6543,7281,7779,8312,8681,8791,9462],[4.270695952029551,4.42484663185681,3.8187108282864943,4.137164559405029,5.523458920524919,4.019381523748645,2.8844015909096608,0.6832166123573445,0.691153161953081,0.6871770135734415,5.117993812416755,3.8187108282864943,4.019381523748645,4.137164559405029,0.6753425559264385,3.8187108282864943,4.42484663185681,4.270695952029551,4.42484663185681,0.691153161953081])",1.0
R084,"['important', 'modern', 'rich', 'agency', 'rate', 'book.', 'open', 'away', 'ready', 'three.', 'west', 'draw', 'better', 'however', 'middle', 'nation', 'available', 'mr.', 'experts', 'discuss', 'ongoing', 'developments', 'election.']","(10000,[253,765,911,1967,2336,2475,2543,3226,3556,3614,3737,4014,4506,4687,5085,5471,5783,6212,6557,6710,8167,9462,9878],[4.607168188650764,3.914021008090819,4.270695952029551,4.42484663185681,4.019381523748645,4.42484663185681,3.4440173788450834,5.117993812416755,2.8844015909096608,0.6832166123573445,4.270695952029551,4.42484663185681,0.691153161953081,0.6871770135734415,3.7316994512968646,5.523458920524919,3.7316994512968646,4.830311739964974,4.270695952029551,4.830311739964974,4.137164559405029,0.691153161953081,4.270695952029551])",1.0
R124,"['pull', 'budget', 'spend', 'report', 'suddenly.', 'strategy', 'without', 'cold.', 'cell', 'east', 'network', 'system.', 'experts', 'discuss', 'ongoing', 'developments', 'education.']","(10000,[353,1630,2041,2291,3210,3614,4043,4506,4687,4991,5047,6358,6505,6576,6597,9152,9462],[4.270695952029551,5.523458920524919,5.117993812416755,4.607168188650764,4.270695952029551,0.6832166123573445,3.8187108282864943,0.691153161953081,0.6871770135734415,2.455405985391302,2.6902455764687034,5.117993812416755,4.270695952029551,4.270695952029551,4.830311739964974,4.270695952029551,0.691153161953081])",1.0
R118,"['point', 'rule', 'floor', 'station', 'process', 'chair.', 'type', 'agency', 'pattern', 'event', 'simple.', 'experts', 'discuss', 'ongoing', 'developments', 'research.']","(10000,[343,617,765,1584,3526,3614,4319,4416,4506,4687,4805,7066,7728,8040,8415,9462],[3.7316994512968646,4.607168188650764,3.914021008090819,5.117993812416755,3.914021008090819,0.6832166123573445,3.3262343431887,4.019381523748645,0.691153161953081,0.6871770135734415,5.117993812416755,2.849310271098391,4.42484663185681,3.7316994512968646,4.137164559405029,0.691153161953081])",1.0
F001,"['style', 'shake', 'environmental', 'finally', 'trial.', 'final', 'thing', 'what.', '—', 'shocking', 'claims', 'aliens', 'surface', 'internet.']","(10000,[503,650,1653,1817,2180,3032,3857,5850,6027,7281,7936,8000,8338,8363],[0.691153161953081,2.958509563063383,4.019381523748645,4.019381523748645,5.523458920524919,4.607168188650764,3.914021008090819,0.691153161953081,3.914021008090819,0.6753425559264385,0.691153161953081,4.42484663185681,0.691153161953081,5.523458920524919])",0.0
F007,"['though', 'position', 'control', 'poor', 'coach.', 'mother', 'collection', 'edge.', 'open', 'also', 'fight', 'add.', '—', 'shocking', 'claims', 'immortal', 'jellyfish', 'surface', 'internet.']","(10000,[354,503,1208,1339,1479,2066,2526,3385,3792,5783,5850,7281,7936,8103,8209,8338,8344,8859,9876],[4.270695952029551,0.691153161953081,2.7826188965997183,4.137164559405029,5.523458920524919,2.7508701982851385,4.270695952029551,4.019381523748645,3.8187108282864943,3.7316994512968646,0.691153161953081,0.6753425559264385,0.691153161953081,4.019381523748645,4.42484663185681,0.691153161953081,3.8187108282864943,4.607168188650764,2.7508701982851385])",0.0
F046,"['education', 'detail', 'environmental', 'create.', 'break', 'full', 'evidence', 'population', 'reach.', '—', 'shocking', 'claims', 'mind', 'control', 'surface', 'internet.']","(10000,[503,668,1143,1208,2054,3184,5530,5850,6027,6808,7281,7936,8338,8897,9258,9472],[0.691153161953081,4.137164559405029,3.914021008090819,2.7826188965997183,3.577548771469606,2.8154087194227095,4.019381523748645,0.691153161953081,3.914021008090819,4.830311739964974,0.6753425559264385,0.691153161953081,0.691153161953081,4.137164559405029,4.607168188650764,5.523458920524919])",0.0
R103,"['total', 'page', 'prepare.', 'actually', 'animal', 'various', 'special', 'billion.', 'allow', 'course', 'level', 'question', 'hot', 'piece', 'one.', 'experts', 'discuss', 'ongoing', 'developments', 'research.']","(10000,[629,1055,1499,2466,2827,2947,3133,3386,3614,3652,4506,4687,4835,6279,6447,6647,7066,7360,9462,9693],[4.830311739964974,4.019381523748645,4.830311739964974,5.117993812416755,4.270695952029551,3.914021008090819,4.607168188650764,4.830311739964974,0.6832166123573445,4.137164559405029,0.691153161953081,0.6871770135734415,4.137164559405029,4.607168188650764,4.42484663185681,4.607168188650764,2.849310271098391,4.137164559405029,0.691153161953081,4.270695952029551])",1.0
R037,"['list', 'common', 'democrat', 'economy', 'ok.', 'support', 'control', 'almost', 'meet', 'right', 'president', 'right', 'school.', 'yes', 'government', 'hospital', 'happen', 'necessary', 'resource.', 'argue', 'series', 'free', 'near', 'black.', 'experts', 'discuss', 'ongoing', 'developments', 'budget', 'report.']","(10000,[217,1073,1208,1211,1306,1790,2259,2611,3614,3730,4463,4506,4687,4704,4930,4991,5044,5234,5432,5553,5974,6332,6484,7979,8217,8566,8728,9462,9940],[3.7316994512968646,4.270695952029551,2.7826188965997183,5.117993812416755,4.42484663185681,8.84969326371362,2.8154087194227095,4.830311739964974,0.6832166123573445,5.117993812416755,4.42484663185681,0.691153161953081,0.6871770135734415,4.019381523748645,3.8187108282864943,2.455405985391302,4.270695952029551,4.270695952029551,2.7200985396183848,4.830311739964974,3.5085558999826545,4.42484663185681,5.523458920524919,4.270695952029551,4.830311739964974,4.137164559405029,3.5085558999826545,0.691153161953081,3.8187108282864943])",1.0
F193,"['thing', 'social', 'statement', 'stage.', 'drug', 'sign', 'long', 'on.', 'alone', 'movement', 'system', 'true', 'maintain.', '—', 'shocking', 'claims', 'secret', 'cure', 'surface', 'internet.']","(10000,[503,823,2492,3857,3892,3996,5294,5611,5850,6475,6643,6747,6756,7188,7281,7860,7936,8338,8904,9817],[0.691153161953081,3.8187108282864943,4.830311739964974,3.914021008090819,2.5530444549552183,4.270695952029551,4.42484663185681,5.523458920524919,0.691153161953081,5.523458920524919,4.830311739964974,2.5530444549552183,3.914021008090819,4.137164559405029,0.6753425559264385,2.8154087194227095,0.691153161953081,0.691153161953081,4.019381523748645,3.6516567436233283])",0.0
R166,"['international', 'amount', 'concern', 'owner', 'director', 'production.', 'reality', 'doctor', 'training', 'successful', 'yard.', 'book', 'require', 'newspaper.', 'experts', 'discuss', 'ongoing', 'developments', 'election.']","(10000,[188,393,680,777,1059,1640,1853,1968,3556,3614,4506,4687,4737,5659,6053,7222,7538,8449,9462],[3.8187108282864943,4.137164559405029,4.830311739964974,4.137164559405029,5.117993812416755,5.523458920524919,4.607168188650764,4.137164559405029,2.8844015909096608,0.6832166123573445,0.691153161953081,0.6871770135734415,5.523458920524919,4.019381523748645,3.383392757028649,4.830311739964974,4.137164559405029,4.019381523748645,0.691153161953081])",1.0
F017,"['plant', 'million', 'trade', 'hope', 'top.', 'bed', 'effect', 'republican', 'stand', 'site', 'where.', 'five', 'success', 'cultural', 'modern', 'service.', '—', 'shocking', 'claims', 'immortal', 'jellyfish', 'surface', 'internet.']","(10000,[419,503,2066,2336,4221,4522,4616,5850,5891,5974,6000,6083,6324,6886,7244,7281,7936,8338,8651,9233,9497,9828,9876],[4.607168188650764,0.691153161953081,2.7508701982851385,4.019381523748645,5.523458920524919,4.830311739964974,4.607168188650764,0.691153161953081,4.019381523748645,3.5085558999826545,4.270695952029551,5.523458920524919,4.270695952029551,3.914021008090819,3.577548771469606,0.6753425559264385,0.691153161953081,0.691153161953081,4.137164559405029,4.137164559405029,4.019381523748645,4.830311739964974,2.7508701982851385])",0.0
R008,"['ability', 'gas', 'method', 'relationship', 'allow', 'short.', 'weight', 'assume', 'listen', 'choose', 'ever', 'south.', 'set', 'natural', 'eat.', 'share', 'everyone.', 'experts', 'discuss', 'ongoing', 'developments', 'economic', 'growth.']","(10000,[429,746,2406,2664,3614,3681,3947,4260,4506,4640,4687,4835,4988,5342,5563,5594,5607,6015,8004,9034,9144,9462,9706],[4.019381523748645,5.523458920524919,4.830311739964974,3.8187108282864943,0.6832166123573445,4.42484663185681,5.523458920524919,4.270695952029551,0.691153161953081,4.42484663185681,0.6871770135734415,4.137164559405029,4.607168188650764,4.830311739964974,5.117993812416755,4.137164559405029,4.270695952029551,4.270695952029551,4.42484663185681,2.8154087194227095,2.661258039595451,0.691153161953081,3.914021008090819])",1.0
F071,"['raise', 'bad', 'central', 'go.', 'follow', 'start', 'business', 'agency', 'cause.', 'support', 'develop', 'outside', 'voice', 'clearly', 'service', 'follow.', '—', 'shocking', 'claims', 'celebrity', 'scandal', 'surface', 'internet.']","(10000,[503,765,1241,2252,2996,3486,3527,3530,4702,4921,5374,5850,7070,7281,7870,7936,7956,8217,8238,8338,8568,8928,9367],[0.691153161953081,3.914021008090819,3.3262343431887,3.914021008090819,3.7316994512968646,2.849310271098391,4.607168188650764,4.42484663185681,4.830311739964974,2.849310271098391,3.8187108282864943,0.691153161953081,5.117993812416755,0.6753425559264385,3.914021008090819,0.691153161953081,5.117993812416755,4.830311739964974,4.607168188650764,0.691153161953081,4.137164559405029,4.137164559405029,4.137164559405029])",0.0
F028,"['street', 'city', 'science', 'run.', 'good', 'perhaps', 'reduce', 'easy', 'day', 'price', 'win.', '—', 'shocking', 'claims', 'mind', 'control', 'surface', 'internet.']","(10000,[503,760,1208,1259,1738,3184,3363,3684,5495,5850,6168,6436,7281,7912,7936,8159,8338,9133],[0.691153161953081,4.019381523748645,2.7826188965997183,4.607168188650764,3.914021008090819,2.8154087194227095,3.8187108282864943,4.607168188650764,3.914021008090819,0.691153161953081,4.830311739964974,5.523458920524919,0.6753425559264385,5.117993812416755,0.691153161953081,3.8187108282864943,0.691153161953081,4.270695952029551])",0.0
F227,"['market', 'capital.', '—', 'shocking', 'claims', 'immortal', 'jellyfish', 'surface', 'internet.']","(10000,[101,503,2066,2657,5850,7281,7936,8338,9876],[4.607168188650764,0.691153161953081,2.7508701982851385,3.383392757028649,0.691153161953081,0.6753425559264385,0.691153161953081,0.691153161953081,2.7508701982851385])",0.0
R200,"['consumer', 'trip', 'center', 'reveal.', 'wind', 'matter', 'way', 'major.', 'might', 'next', 'turn', 'state', 'city.', 'experts', 'discuss', 'ongoing', 'developments', 'public', 'health.']","(10000,[206,1480,1770,1808,2006,2402,2558,3614,3886,3924,4506,4687,5782,6219,8273,9391,9462,9475,9829],[5.117993812416755,4.137164559405029,3.0385522707369192,4.270695952029551,4.830311739964974,4.137164559405029,4.270695952029551,0.6832166123573445,4.137164559405029,4.137164559405029,0.691153161953081,0.6871770135734415,4.270695952029551,3.0811118851557153,4.42484663185681,3.6516567436233283,0.691153161953081,4.019381523748645,4.830311739964974])",1.0
R225,"['laugh', 'red', 'model', 'thousand', 'tree.', 'focus', 'even', 'work', 'civil', 'laugh.', 'group', 'design', 'responsibility', 'condition', 'arrive', 'computer.', 'chance', 'consumer', 'account', 'major', 'argue.', 'experts', 'discuss', 'ongoing', 'developments', 'climate', 'change.']","(10000,[52,346,593,821,1058,2059,3502,3614,3673,3922,3931,4506,4687,5328,6406,6798,7098,7102,7391,7393,7509,7766,9187,9357,9462,9475,9527],[4.607168188650764,4.270695952029551,4.270695952029551,2.849310271098391,4.019381523748645,2.60568818844064,3.914021008090819,0.6832166123573445,5.117993812416755,4.270695952029551,3.383392757028649,0.691153161953081,0.6871770135734415,3.8187108282864943,4.137164559405029,3.914021008090819,4.607168188650764,4.270695952029551,4.270695952029551,4.607168188650764,4.830311739964974,4.019381523748645,3.5085558999826545,4.830311739964974,0.691153161953081,4.019381523748645,3.8187108282864943])",1.0
R062,"['far', 'stock', 'media', 'foot', 'shake.', 'hold', 'side', 'represent.', 'improve', 'five', 'thought', 'start', 'agency', 'war', 'around.', 'experts', 'discuss', 'ongoing', 'developments', 'budget', 'report.']","(10000,[55,765,793,1209,2389,2408,2996,3538,3614,4158,4506,4687,4991,5432,5974,6176,6257,7890,8719,9462,9781],[4.830311739964974,3.914021008090819,4.019381523748645,4.42484663185681,3.8187108282864943,5.117993812416755,3.7316994512968646,5.523458920524919,0.6832166123573445,4.270695952029551,0.691153161953081,0.6871770135734415,2.455405985391302,2.7200985396183848,3.5085558999826545,4.830311739964974,5.523458920524919,4.270695952029551,4.42484663185681,0.691153161953081,4.42484663185681])",1.0
F033,"['message', 'whatever', 'law', 'anyone', 'rule', 'whatever', 'international.', '—', 'shocking', 'claims', 'hoax', 'surface', 'internet.']","(10000,[343,503,666,2715,2886,3979,4377,5850,7281,7695,7936,8338],[3.7316994512968646,0.691153161953081,4.607168188650764,3.5085558999826545,4.830311739964974,4.270695952029551,2.60568818844064,0.691153161953081,0.6753425559264385,8.03876304749729,0.691153161953081,0.691153161953081])",0.0
F012,"['foreign', 'development', 'drive', 'idea.', 'class', 'role', 'first', 'price', 'pick', 'later', 'sign.', 'religious', 'different', 'effect', 'year.', '—', 'shocking', 'claims', 'hoax', 'surface', 'internet.']","(10000,[503,560,1375,1738,2871,3350,4007,4293,4377,5850,6206,6324,6325,6403,6683,7281,7372,7517,7936,8338,9414],[0.691153161953081,4.270695952029551,5.117993812416755,3.914021008090819,4.607168188650764,4.019381523748645,4.830311739964974,4.270695952029551,2.60568818844064,0.691153161953081,4.137164559405029,4.270695952029551,4.42484663185681,3.8187108282864943,4.270695952029551,0.6753425559264385,4.270695952029551,5.523458920524919,0.691153161953081,0.691153161953081,5.117993812416755])",0.0
R121,"['nature', 'civil', 'image', 'similar.', 'bring', 'idea', 'apply', 'chair', 'close', 'but.', 'television', 'today', 'indicate', 'reality.', 'experts', 'discuss', 'ongoing', 'developments', 'research.']","(10000,[593,681,1776,3057,3082,3497,3611,3614,4506,4687,5303,5958,6485,7066,7312,8713,8927,9462,9806],[4.270695952029551,4.607168188650764,4.607168188650764,4.607168188650764,4.830311739964974,4.019381523748645,4.607168188650764,0.6832166123573445,0.691153161953081,0.6871770135734415,4.270695952029551,4.270695952029551,4.019381523748645,2.849310271098391,4.607168188650764,4.42484663185681,5.117993812416755,0.691153161953081,4.42484663185681])",1.0
F210,"['natural', 'tend', 'assume', 'glass', 'rest.', 'think', 'issue', 'other.', '—', 'shocking', 'claims', 'aliens', 'surface', 'internet.']","(10000,[503,650,1810,2335,2664,2989,4988,5850,6616,6932,7281,7936,8338,9231],[0.691153161953081,2.958509563063383,4.830311739964974,4.019381523748645,3.8187108282864943,4.830311739964974,4.607168188650764,0.691153161953081,4.270695952029551,3.7316994512968646,0.6753425559264385,0.691153161953081,0.691153161953081,4.270695952029551])",0.0
F151,"['seven', 'pressure', 'leader.', 'speech', 'smile', 'hold', 'miss.', '—', 'shocking', 'claims', 'hoax', 'surface', 'internet.']","(10000,[502,503,2389,2713,4377,5661,5850,6961,7281,7850,7936,8338,9495],[4.607168188650764,0.691153161953081,3.8187108282864943,4.019381523748645,2.60568818844064,4.137164559405029,0.691153161953081,4.830311739964974,0.6753425559264385,4.42484663185681,0.691153161953081,0.691153161953081,5.117993812416755])",0.0
F099,"['tv', 'worry', 'firm', 'mrs', 'fear', 'per.', 'win', 'recognize', 'board', 'letter', 'audience', 'world', 'light.', 'treat', 'meeting', 'foreign', 'room', 'upon', 'decade', 'worry.', '—', 'shocking', 'claims', 'secret', 'cure', 'surface', 'internet.']","(10000,[20,494,503,564,1236,1312,2398,3892,4390,4547,5850,6030,6206,6735,6747,7281,7454,7936,8171,8338,8343,8750,8894,9231,9360,9513,9751],[4.019381523748645,3.914021008090819,0.691153161953081,3.914021008090819,5.523458920524919,4.607168188650764,4.137164559405029,2.5530444549552183,5.523458920524919,4.830311739964974,0.691153161953081,4.42484663185681,4.137164559405029,4.137164559405029,2.5530444549552183,0.6753425559264385,3.914021008090819,0.691153161953081,3.914021008090819,0.691153161953081,4.270695952029551,4.607168188650764,3.914021008090819,4.270695952029551,4.137164559405029,4.137164559405029,3.914021008090819])",0.0
R090,"['send', 'skin', 'yeah.', 'fund', 'development', 'start', 'compare', 'water', 'growth', 'group.', 'experts', 'discuss', 'ongoing', 'developments', 'technology', 'breakthrough.']","(10000,[320,1020,2227,2589,2871,2996,3614,4506,4638,4687,5523,5833,7268,8134,9246,9462],[4.42484663185681,2.6330871626287546,2.7200985396183848,4.019381523748645,4.607168188650764,3.7316994512968646,0.6832166123573445,0.691153161953081,4.607168188650764,0.6871770135734415,4.270695952029551,4.019381523748645,5.117993812416755,4.830311739964974,5.117993812416755,0.691153161953081])",1.0
R125,"['figure', 'ahead', 'place', 'tv', 'health.', 'leg', 'simply', 'east', 'sea', 'visit', 'agree', 'like.', 'task', 'home', 'student', 'body.', 'experts', 'discuss', 'ongoing', 'developments', 'budget', 'report.']","(10000,[698,1642,3365,3536,3614,4110,4506,4547,4687,4991,5432,5726,6219,6290,6390,6576,6925,8268,8451,9190,9462,9617],[3.914021008090819,4.019381523748645,4.607168188650764,4.42484663185681,0.6832166123573445,4.270695952029551,0.691153161953081,4.830311739964974,0.6871770135734415,2.455405985391302,2.7200985396183848,4.42484663185681,3.0811118851557153,4.270695952029551,4.270695952029551,4.270695952029551,4.137164559405029,3.6516567436233283,4.270695952029551,5.117993812416755,0.691153161953081,4.607168188650764])",1.0
R091,"['plant', 'environment', 'budget', 'prevent', 'style.', 'let', 'floor', 'agreement.', 'experts', 'discuss', 'ongoing', 'developments', 'climate', 'change.']","(10000,[821,2059,2407,3252,3500,3614,4319,4506,4687,4991,7244,8267,9462,9892],[2.849310271098391,2.60568818844064,4.137164559405029,4.019381523748645,5.117993812416755,0.6832166123573445,3.3262343431887,0.691153161953081,0.6871770135734415,2.455405985391302,3.577548771469606,3.914021008090819,0.691153161953081,5.117993812416755])",1.0
R157,"['many', 'run', 'bed', 'look', 'soldier.', 'trade', 'us', 'fear', 'produce', 'glass.', 'experts', 'discuss', 'ongoing', 'developments', 'climate', 'change.']","(10000,[266,419,821,939,1648,2059,3614,4506,4687,5188,6660,9432,9462,9497,9513,9939],[4.137164559405029,4.607168188650764,2.849310271098391,4.42484663185681,4.270695952029551,2.60568818844064,0.6832166123573445,0.691153161953081,0.6871770135734415,4.019381523748645,4.137164559405029,3.914021008090819,0.691153161953081,4.019381523748645,4.137164559405029,4.270695952029551])",1.0
F098,"['suffer', 'even', 'section', 'happy', 'movie', 'follow.', 'power', 'decision', 'talk', 'suggest', 'century', 'ten.', 'take', 'instead', 'control', 'blood.', '—', 'shocking', 'claims', 'miracle', 'drug', 'surface', 'internet.']","(10000,[503,855,1208,1256,1439,2193,3056,4349,4527,5347,5850,6135,6406,6968,7281,7816,7841,7860,7870,7936,8338,8925,9415],[0.691153161953081,3.8187108282864943,2.7826188965997183,3.125563647726549,3.914021008090819,4.607168188650764,4.42484663185681,5.523458920524919,4.270695952029551,4.270695952029551,0.691153161953081,4.607168188650764,4.137164559405029,4.42484663185681,0.6753425559264385,4.42484663185681,4.42484663185681,2.8154087194227095,3.914021008090819,0.691153161953081,0.691153161953081,4.137164559405029,5.117993812416755])",0.0
F164,"['full', 'dark', 'sense', 'final', 'town', 'its.', 'air', 'next', 'yet', 'always', 'tax', 'true.', '—', 'shocking', 'claims', 'immortal', 'jellyfish', 'surface', 'internet.']","(10000,[88,503,697,1653,2066,4037,4715,5447,5493,5850,6587,7015,7281,7936,8273,8338,8897,9011,9876],[4.137164559405029,0.691153161953081,4.42484663185681,4.019381523748645,2.7508701982851385,4.607168188650764,3.7316994512968646,4.019381523748645,5.117993812416755,0.691153161953081,4.270695952029551,5.117993812416755,0.6753425559264385,0.691153161953081,4.42484663185681,0.691153161953081,4.137164559405029,4.42484663185681,2.7508701982851385])",0.0
R050,"['surface', 'call', 'force', 'hair', 'democratic.', 'back', 'work', 'pressure', 'present.', 'call', 'involve', 'event', 'artist.', 'modern', 'team', 'history', 'environmental', 'cultural', 'experience', 'mrs.', 'experts', 'discuss', 'ongoing', 'developments', 'economic', 'growth.']","(10000,[391,468,641,2336,3614,3635,3816,4214,4506,4687,5146,5661,6027,6271,6543,7117,7281,7664,7728,8430,9034,9144,9233,9462,9527],[4.42484663185681,4.830311739964974,5.523458920524919,4.019381523748645,0.6832166123573445,4.270695952029551,5.523458920524919,5.117993812416755,0.691153161953081,0.6871770135734415,8.541391904059102,4.137164559405029,3.914021008090819,3.8187108282864943,4.137164559405029,4.42484663185681,0.6753425559264385,5.117993812416755,4.42484663185681,4.270695952029551,2.8154087194227095,2.661258039595451,4.137164559405029,0.691153161953081,3.8187108282864943])",1.0
R249,"['none', 'change', 'go', 'expect.', 'industry', 'billion', 'security.', 'experts', 'discuss', 'ongoing', 'developments', 'climate', 'change.']","(10000,[258,387,821,2059,3010,3614,4506,4687,6451,8219,8423,9462,9831],[4.137164559405029,4.42484663185681,2.849310271098391,2.60568818844064,4.019381523748645,0.6832166123573445,0.691153161953081,0.6871770135734415,3.914021008090819,4.830311739964974,5.117993812416755,0.691153161953081,4.830311739964974])",1.0
R093,"['whole', 'movement', 'pick', 'read.', 'season', 'budget', 'way', 'protect', 'develop', 'rise', 'color.', 'camera', 'idea', 'interview', 'prevent', 'yard', 'mean', 'easy.', 'ok', 'cell', 'purpose', 'push.', 'experts', 'discuss', 'ongoing', 'developments', 'election.']","(10000,[424,627,909,1241,1650,2358,2494,2645,3210,3252,3556,3614,4175,4506,4687,4816,4991,5294,5958,6035,7074,7235,7372,8089,9391,9459,9462],[4.137164559405029,4.42484663185681,4.830311739964974,3.3262343431887,4.270695952029551,4.270695952029551,5.523458920524919,4.42484663185681,4.270695952029551,4.019381523748645,2.8844015909096608,0.6832166123573445,5.523458920524919,0.691153161953081,0.6871770135734415,3.8187108282864943,2.455405985391302,4.42484663185681,4.270695952029551,4.019381523748645,3.577548771469606,4.42484663185681,4.270695952029551,4.830311739964974,3.6516567436233283,5.117993812416755,0.691153161953081])",1.0
R131,"['minute', 'record', 'pm.', 'need', 'recent', 'world', 'relate.', 'experts', 'discuss', 'ongoing', 'developments', 'education.']","(10000,[3357,3614,4347,4506,4687,5047,5591,6486,6537,7848,9360,9462],[4.137164559405029,0.6832166123573445,4.019381523748645,0.691153161953081,0.6871770135734415,2.6902455764687034,4.019381523748645,5.117993812416755,4.830311739964974,5.117993812416755,4.137164559405029,0.691153161953081])",1.0
F107,"['program', 'quickly', 'catch', 'miss.', 'involve', 'quickly', 'ready', 'rich.', 'sure', 'building', 'send', 'end.', '—', 'shocking', 'claims', 'flat', 'earth', 'surface', 'internet.']","(10000,[503,573,1821,2918,3391,4959,5442,5523,5850,5852,6271,6557,6961,7281,7936,7949,8338,9676],[0.691153161953081,4.830311739964974,4.137164559405029,3.0385522707369192,8.03876304749729,5.117993812416755,5.523458920524919,4.270695952029551,0.691153161953081,4.607168188650764,3.8187108282864943,4.270695952029551,4.830311739964974,0.6753425559264385,0.691153161953081,4.607168188650764,0.691153161953081,3.0385522707369192])",0.0
F153,"['theory', 'military', 'religious', 'almost', 'mission', 'exactly', 'second.', 'phone', 'office', 'magazine', 'travel', 'decision.', '—', 'shocking', 'claims', 'hoax', 'surface', 'internet.']","(10000,[190,503,1468,1626,2096,4293,4377,5377,5850,5877,6069,7281,7936,8338,8344,8413,8566,8681],[4.830311739964974,0.691153161953081,3.6516567436233283,4.607168188650764,4.270695952029551,4.270695952029551,2.60568818844064,4.607168188650764,0.691153161953081,5.117993812416755,4.137164559405029,0.6753425559264385,0.691153161953081,0.691153161953081,3.8187108282864943,3.2721671219184243,4.137164559405029,4.270695952029551])",0.0
F091,"['account', 'camera', 'fill', 'democratic.', 'couple', 'people', 'message', 'run', 'road', 'true.', '—', 'shocking', 'claims', 'flat', 'earth', 'surface', 'internet.']","(10000,[266,503,1650,2715,2918,4214,4263,5493,5725,5850,7281,7702,7936,8338,9187,9676,9727],[4.137164559405029,0.691153161953081,4.270695952029551,3.5085558999826545,3.0385522707369192,5.117993812416755,3.7316994512968646,5.117993812416755,4.42484663185681,0.691153161953081,0.6753425559264385,4.270695952029551,0.691153161953081,0.691153161953081,3.5085558999826545,3.0385522707369192,4.270695952029551])",0.0
R246,"['community', 'wall', 'close', 'others.', 'marriage', 'able', 'customer', 'ability', 'spring.', 'memory', 'environmental', 'also', 'continue.', 'experts', 'discuss', 'ongoing', 'developments', 'economic', 'growth.']","(10000,[1413,3496,3497,3614,3681,3792,4506,4673,4687,6027,6221,6229,6404,6941,8174,9034,9144,9183,9462],[4.137164559405029,4.137164559405029,4.019381523748645,0.6832166123573445,4.42484663185681,3.8187108282864943,0.691153161953081,5.523458920524919,0.6871770135734415,3.914021008090819,5.523458920524919,3.914021008090819,3.8187108282864943,4.137164559405029,4.019381523748645,2.8154087194227095,2.661258039595451,5.523458920524919,0.691153161953081])",1.0
F004,"['way', 'find', 'heavy', 'add', 'couple.', 'concern', 'spring', 'general', 'collection', 'opportunity.', '—', 'shocking', 'claims', 'secret', 'cure', 'surface', 'internet.']","(10000,[503,708,1644,1968,3892,4533,5465,5850,6747,7281,7510,7936,8209,8338,8949,9391,9887],[0.691153161953081,5.523458920524919,5.117993812416755,4.137164559405029,2.5530444549552183,5.117993812416755,3.6516567436233283,0.691153161953081,2.5530444549552183,0.6753425559264385,4.42484663185681,0.691153161953081,4.42484663185681,0.691153161953081,4.019381523748645,3.6516567436233283,4.137164559405029])",0.0
F220,"['stay', 'alone', 'thank', 'total.', 'state', 'member', 'improve.', '—', 'shocking', 'claims', 'celebrity', 'scandal', 'surface', 'internet.']","(10000,[433,503,1687,1808,2492,3486,4921,5564,5850,6535,6790,7281,7936,8338],[4.270695952029551,0.691153161953081,4.42484663185681,4.270695952029551,4.830311739964974,2.849310271098391,2.849310271098391,5.117993812416755,0.691153161953081,5.523458920524919,4.607168188650764,0.6753425559264385,0.691153161953081,0.691153161953081])",0.0
F121,"['certain', 'cultural', 'growth.', 'environmental', 'stand', 'moment', 'thousand', 'clear', 'home.', '—', 'shocking', 'claims', 'hoax', 'surface', 'internet.']","(10000,[503,1611,3401,4377,5850,5861,6027,6798,6886,7281,7936,8338,9034,9233,9288],[0.691153161953081,4.270695952029551,4.607168188650764,2.60568818844064,0.691153161953081,4.42484663185681,3.914021008090819,3.914021008090819,3.914021008090819,0.6753425559264385,0.691153161953081,0.691153161953081,2.8154087194227095,4.137164559405029,4.607168188650764])",0.0
F245,"['management', 'use', 'partner', 'race', 'plan', 'her.', 'represent', 'discussion', 'cup', 'group', 'exactly.', 'happy', 'oil', 'visit', 'agreement', 'hard.', '—', 'shocking', 'claims', 'mind', 'control', 'surface', 'internet.']","(10000,[116,160,454,503,698,1208,1241,2117,3059,3184,5133,5315,5347,5850,6035,6123,7281,7748,7766,7936,8338,8413,8717],[3.4440173788450834,5.523458920524919,3.5085558999826545,0.691153161953081,3.914021008090819,2.7826188965997183,3.3262343431887,5.523458920524919,4.830311739964974,2.8154087194227095,4.607168188650764,4.137164559405029,4.270695952029551,0.691153161953081,4.019381523748645,4.137164559405029,0.6753425559264385,4.830311739964974,4.019381523748645,0.691153161953081,0.691153161953081,3.2721671219184243,3.6516567436233283])",0.0
R035,"['really', 'high', 'west', 'degree', 'majority.', 'subject', 'participant', 'different', 'state.', 'carry', 'culture', 'address', 'machine', 'deal', 'fast', 'training', 'every.', 'experts', 'discuss', 'ongoing', 'developments', 'climate', 'change.']","(10000,[454,821,1433,2059,2116,3614,3709,4112,4454,4506,4687,5085,5396,6683,7538,8040,8645,8655,8929,8997,9263,9462,9943],[3.5085558999826545,2.849310271098391,4.42484663185681,2.60568818844064,4.42484663185681,0.6832166123573445,4.607168188650764,4.42484663185681,4.607168188650764,0.691153161953081,0.6871770135734415,3.7316994512968646,4.607168188650764,4.270695952029551,4.137164559405029,3.7316994512968646,3.577548771469606,4.019381523748645,5.117993812416755,5.117993812416755,3.914021008090819,0.691153161953081,4.607168188650764])",1.0
R024,"['give', 'war', 'city.', 'pass', 'exist', 'part', 'receive', 'suggest.', 'experts', 'discuss', 'ongoing', 'developments', 'education.']","(10000,[206,3478,3614,3783,4506,4617,4687,5047,6602,8392,8719,8740,9462],[5.117993812416755,5.523458920524919,0.6832166123573445,4.270695952029551,0.691153161953081,3.7316994512968646,0.6871770135734415,2.6902455764687034,4.607168188650764,4.830311739964974,4.42484663185681,4.42484663185681,0.691153161953081])",1.0
F079,"['rather', 'son', 'group', 'laugh', 'station', 'site', 'live.', 'mrs', 'water', 'a.', 'service', 'per', 'back', 'physical', 'expect', 'mrs', 'enjoy', 'state.', 'wide', 'let', 'law.', '—', 'shocking', 'claims', 'miracle', 'drug', 'surface', 'internet.']","(10000,[209,298,503,1256,1805,2252,2589,2836,2837,2929,3691,5850,5891,7098,7281,7766,7860,7936,8267,8338,8389,8415,8430,8538,8649,8929,9751],[3.8187108282864943,4.137164559405029,0.691153161953081,3.125563647726549,4.607168188650764,3.914021008090819,4.019381523748645,4.42484663185681,3.914021008090819,5.117993812416755,4.42484663185681,0.691153161953081,4.019381523748645,4.607168188650764,0.6753425559264385,4.019381523748645,2.8154087194227095,0.691153161953081,3.914021008090819,0.691153161953081,4.607168188650764,4.137164559405029,4.270695952029551,4.830311739964974,4.42484663185681,5.117993812416755,7.828042016181638])",0.0
R094,"['indeed', 'local', 'almost', 'head.', 'station', 'check', 'six', 'religious', 'nature.', 'experts', 'discuss', 'ongoing', 'developments', 'policy.']","(10000,[228,3593,3614,3901,4293,4506,4687,4934,5401,6944,8346,8415,8566,9462],[3.914021008090819,4.830311739964974,0.6832166123573445,4.42484663185681,4.270695952029551,0.691153161953081,0.6871770135734415,4.270695952029551,3.8187108282864943,2.8154087194227095,4.830311739964974,4.137164559405029,4.137164559405029,0.691153161953081])",0.0
R040,"['product', 'human', 'specific', 'son', 'quickly.', 'experts', 'discuss', 'ongoing', 'developments', 'policy.']","(10000,[209,447,2059,3614,3818,4506,4687,6944,8303,9462],[3.8187108282864943,4.270695952029551,2.60568818844064,0.6832166123573445,5.117993812416755,0.691153161953081,0.6871770135734415,2.8154087194227095,4.42484663185681,0.691153161953081])",1.0
F170,"['field', 'back', 'culture', 'sound.', 'keep', 'talk', 'field', 'standard.', 'start', 'subject', 'behind', 'professor', 'bar', 'treatment.', '—', 'shocking', 'claims', 'immortal', 'jellyfish', 'surface', 'internet.']","(10000,[503,1112,2066,2543,2996,3143,4346,5401,5850,7074,7281,7332,7936,8338,8430,8645,8655,8925,9594,9876],[0.691153161953081,5.523458920524919,2.7508701982851385,3.4440173788450834,3.7316994512968646,5.117993812416755,4.137164559405029,3.8187108282864943,0.691153161953081,7.155097542939212,0.6753425559264385,4.270695952029551,0.691153161953081,0.691153161953081,4.270695952029551,3.577548771469606,4.019381523748645,4.137164559405029,5.117993812416755,2.7508701982851385])",0.0
F130,"['truth', 'even', 'central', 'hard', 'billion.', 'education', 'performance', 'throughout', 'join.', 'rule', 'gas', 'word', 'than.', '—', 'shocking', 'claims', 'immortal', 'jellyfish', 'surface', 'internet.']","(10000,[343,503,629,1822,2066,2069,3519,5125,5530,5607,5850,5948,6406,7281,7936,8338,8928,9351,9876,9994],[3.7316994512968646,0.691153161953081,4.830311739964974,5.523458920524919,2.7508701982851385,4.42484663185681,3.8187108282864943,4.019381523748645,4.019381523748645,4.270695952029551,0.691153161953081,4.270695952029551,4.137164559405029,0.6753425559264385,0.691153161953081,0.691153161953081,4.137164559405029,3.914021008090819,2.7508701982851385,4.42484663185681])",0.0
R085,"['international', 'month', 'individual', 'food.', 'dinner', 'modern', 'example', 'half', 'offer', 'pick.', 'experts', 'discuss', 'ongoing', 'developments', 'economic', 'growth.']","(10000,[188,1780,2240,2336,2958,3614,4085,4506,4687,5344,5741,8614,9034,9144,9462,9606],[3.8187108282864943,4.137164559405029,3.8187108282864943,4.019381523748645,4.270695952029551,0.6832166123573445,5.523458920524919,0.691153161953081,0.6871770135734415,5.523458920524919,4.137164559405029,4.137164559405029,2.8154087194227095,2.661258039595451,0.691153161953081,4.42484663185681])",1.0
R054,"['everybody', 'thank', 'issue.', 'style', 'rock', 'cost', 'federal', 'break.', 'pm', 'indicate', 'tell', 'health.', 'throw', 'community', 'lay', 'number', 'field.', 'experts', 'discuss', 'ongoing', 'developments', 'budget', 'report.']","(10000,[574,633,1687,1850,2561,3132,3378,3614,4475,4490,4506,4687,4991,5432,6219,6485,7026,8000,8174,8325,8519,9462,9640],[3.8187108282864943,4.270695952029551,4.42484663185681,4.019381523748645,4.42484663185681,5.523458920524919,5.523458920524919,0.6832166123573445,4.42484663185681,3.914021008090819,0.691153161953081,0.6871770135734415,2.455405985391302,2.7200985396183848,3.0811118851557153,4.019381523748645,4.137164559405029,4.42484663185681,4.019381523748645,3.8187108282864943,4.830311739964974,0.691153161953081,5.117993812416755])",1.0
R047,"['technology', 'drop', 'need.', 'best', 'conference', 'according', 'listen', 'other.', 'experts', 'discuss', 'ongoing', 'developments', 'technology', 'breakthrough.']","(10000,[429,763,1020,2227,3614,4506,4687,5657,6544,7564,8577,9231,9462],[4.019381523748645,4.607168188650764,5.266174325257509,2.7200985396183848,0.6832166123573445,0.691153161953081,0.6871770135734415,4.270695952029551,5.117993812416755,4.019381523748645,4.42484663185681,4.270695952029551,0.691153161953081])",1.0
R199,"['inside', 'ground', 'change', 'save', 'unit.', 'trial', 'treatment', 'more.', 'experts', 'discuss', 'ongoing', 'developments', 'economic', 'growth.']","(10000,[387,416,2471,3410,3614,4506,4520,4687,6487,8015,9034,9066,9144,9462],[4.42484663185681,4.607168188650764,4.830311739964974,4.137164559405029,0.6832166123573445,0.691153161953081,4.607168188650764,0.6871770135734415,3.7316994512968646,4.42484663185681,2.8154087194227095,4.607168188650764,2.661258039595451,0.691153161953081])",0.0
F062,"['actually', 'already', 'plan', 'arm', 'activity', 'television.', 'staff', 'crime', 'need', 'citizen', 'main.', '—', 'shocking', 'claims', 'miracle', 'drug', 'surface', 'internet.']","(10000,[8,503,594,731,1256,1365,3984,5850,6123,6224,6447,6537,7281,7860,7936,8110,8338,9668],[4.137164559405029,0.691153161953081,4.270695952029551,4.137164559405029,3.125563647726549,5.523458920524919,4.019381523748645,0.691153161953081,4.137164559405029,3.577548771469606,4.42484663185681,4.830311739964974,0.6753425559264385,2.8154087194227095,0.691153161953081,4.830311739964974,0.691153161953081,4.830311739964974])",1.0
R244,"['time', 'pick', 'source', 'road.', 'coach', 'along', 'left', 'might', 'special.', 'standard', 'decision', 'account', 'wind', 'himself.', 'experts', 'discuss', 'ongoing', 'developments', 'technology', 'breakthrough.']","(10000,[1020,1662,1831,2193,2227,2558,2840,2967,3514,3614,3792,3924,4506,4687,5118,7372,7721,8157,9187,9462],[2.6330871626287546,3.914021008090819,5.117993812416755,4.607168188650764,2.7200985396183848,4.270695952029551,4.137164559405029,4.607168188650764,4.607168188650764,0.6832166123573445,3.8187108282864943,4.137164559405029,0.691153161953081,0.6871770135734415,5.523458920524919,4.270695952029551,3.8187108282864943,4.607168188650764,3.5085558999826545,0.691153161953081])",0.0
R107,"['manager', 'indeed', 'street.', 'tree', 'attack', 'entire', 'go', 'local', 'tree', 'news.', 'affect', 'account', 'air', 'people', 'notice', 'great.', 'experts', 'discuss', 'ongoing', 'developments', 'election.']","(10000,[88,228,1195,1525,1652,3556,3614,4263,4506,4687,4934,5693,5871,6055,6451,6591,8824,9187,9372,9462],[4.137164559405029,3.914021008090819,4.42484663185681,3.8187108282864943,3.8187108282864943,2.8844015909096608,0.6832166123573445,3.7316994512968646,0.691153161953081,0.6871770135734415,4.270695952029551,4.270695952029551,8.84969326371362,4.42484663185681,3.914021008090819,4.830311739964974,5.117993812416755,3.5085558999826545,4.607168188650764,0.691153161953081])",1.0
F148,"['give', 'body', 'cell', 'cost', 'film', 'outside', 'join', 'five.', '—', 'shocking', 'claims', 'aliens', 'surface', 'internet.']","(10000,[503,650,841,1776,3210,3783,4490,5003,5850,7281,7936,8338,8568,8952],[0.691153161953081,2.958509563063383,4.607168188650764,4.607168188650764,4.270695952029551,4.270695952029551,3.914021008090819,4.607168188650764,0.691153161953081,0.6753425559264385,0.691153161953081,0.691153161953081,4.137164559405029,4.270695952029551])",0.0
F023,"['develop', 'course', 'glass', 'glass', 'rate', 'tv.', '—', 'shocking', 'claims', 'mind', 'control', 'surface', 'internet.']","(10000,[253,503,1208,1241,3184,3652,5850,6932,7281,7936,8338,8356],[4.607168188650764,0.691153161953081,2.7826188965997183,3.3262343431887,2.8154087194227095,4.137164559405029,0.691153161953081,7.463398902593729,0.6753425559264385,0.691153161953081,0.691153161953081,5.117993812416755])",0.0
R075,"['institution', 'pick', 'full', 'draw', 'the.', 'maintain', 'worker', 'like', 'citizen.', 'federal', 'explain', 'staff', 'fire', 'sense', 'special', 'why.', 'experts', 'discuss', 'ongoing', 'developments', 'budget', 'report.']","(10000,[633,1055,2174,2260,2676,3243,3330,3614,4506,4687,4991,5191,5247,5341,5432,5447,6224,6740,7372,8167,8897,9462],[4.270695952029551,4.019381523748645,5.117993812416755,4.607168188650764,4.830311739964974,4.270695952029551,4.607168188650764,0.6832166123573445,0.691153161953081,0.6871770135734415,2.455405985391302,4.270695952029551,4.42484663185681,4.830311739964974,2.7200985396183848,4.019381523748645,3.577548771469606,4.830311739964974,4.270695952029551,4.137164559405029,4.137164559405029,0.691153161953081])",1.0
R220,"['control', 'truth', 'recognize', 'hard', 'police', 'policy', 'statement.', 'several', 'prepare', 'meet', 'just.', 'economic', 'heavy', 'expert', 'generation.', 'experts', 'discuss', 'ongoing', 'developments', 'public', 'health.']","(10000,[914,1208,1457,1770,2069,2286,3548,3614,3876,4142,4506,4687,4695,5125,6219,8171,8949,9144,9227,9462,9940],[4.137164559405029,2.7826188965997183,5.117993812416755,3.0385522707369192,4.42484663185681,4.019381523748645,5.117993812416755,0.6832166123573445,4.607168188650764,4.270695952029551,0.691153161953081,0.6871770135734415,4.830311739964974,4.019381523748645,3.0811118851557153,3.914021008090819,4.019381523748645,2.661258039595451,4.270695952029551,0.691153161953081,3.8187108282864943])",1.0
R099,"['trip', 'notice', 'politics', 'loss', 'especially.', 'design', 'easy', 'think', 'bed', 'blue', 'image', 'home.', 'experts', 'discuss', 'ongoing', 'developments', 'economic', 'growth.']","(10000,[760,1525,1770,2335,3614,3922,4506,4687,5303,5329,5768,5782,5861,5887,9034,9144,9462,9497],[4.019381523748645,3.8187108282864943,3.0385522707369192,4.019381523748645,0.6832166123573445,4.270695952029551,0.691153161953081,0.6871770135734415,4.270695952029551,3.8187108282864943,4.137164559405029,4.270695952029551,4.42484663185681,3.8187108282864943,2.8154087194227095,2.661258039595451,0.691153161953081,4.019381523748645])",1.0
F066,"['provide', 'agent', 'decision.', 'send', 'professional', 'debate', 'couple', 'item', 'speech', 'you.', 'school', 'future', 'cause', 'protect.', '—', 'shocking', 'claims', 'flat', 'earth', 'surface', 'internet.']","(10000,[4,316,502,503,1916,2155,2679,2918,5016,5377,5523,5850,5946,6488,7281,7702,7936,8276,8338,8693,9676],[5.523458920524919,4.270695952029551,4.607168188650764,0.691153161953081,4.270695952029551,4.270695952029551,3.7316994512968646,3.0385522707369192,4.830311739964974,4.607168188650764,4.270695952029551,0.691153161953081,3.8187108282864943,4.607168188650764,0.6753425559264385,4.270695952029551,0.691153161953081,3.8187108282864943,0.691153161953081,5.523458920524919,3.0385522707369192])",0.0
F060,"['sister', 'network', 'consumer', 'owner', 'young.', 'minute', 'paper', 'forward', 'meeting.', 'watch', 'carry', 'staff', 'allow', 'since', 'but.', '—', 'shocking', 'claims', 'flat', 'earth', 'surface', 'internet.']","(10000,[454,503,2708,2918,3357,3521,4835,5252,5850,6053,6224,6287,7032,7281,7936,8338,8411,8690,8927,9152,9475,9676],[3.5085558999826545,0.691153161953081,4.137164559405029,3.0385522707369192,4.137164559405029,4.270695952029551,4.137164559405029,4.607168188650764,0.691153161953081,3.383392757028649,3.577548771469606,3.8187108282864943,5.523458920524919,0.6753425559264385,0.691153161953081,0.691153161953081,3.914021008090819,4.270695952029551,5.117993812416755,4.270695952029551,4.019381523748645,3.0385522707369192])",0.0
F022,"['station', 'care', 'sell', 'past', 'democrat', 'clear', 'western.', '—', 'shocking', 'claims', 'government', 'cover-up', 'surface', 'internet.']","(10000,[503,1611,2259,3497,4485,5234,5310,5850,7281,7936,8338,8415,9275,9813],[0.691153161953081,4.270695952029551,2.8154087194227095,4.019381523748645,3.914021008090819,4.270695952029551,4.270695952029551,0.691153161953081,0.6753425559264385,0.691153161953081,0.691153161953081,4.137164559405029,4.019381523748645,2.997730276216664])",0.0
F127,"['sign', 'indeed', 'stock', 'so.', 'student', 'skin', 'window', 'stuff', 'police.', 'market', 'office', 'party', 'either.', '—', 'shocking', 'claims', 'mind', 'control', 'surface', 'internet.']","(10000,[503,793,1208,1379,1783,2403,2657,3184,3536,4391,4934,5833,5850,6756,7281,7632,7722,7936,8338,8344],[0.691153161953081,4.019381523748645,2.7826188965997183,4.270695952029551,4.830311739964974,4.42484663185681,3.383392757028649,2.8154087194227095,4.42484663185681,4.830311739964974,4.270695952029551,4.019381523748645,0.691153161953081,3.914021008090819,0.6753425559264385,4.830311739964974,4.42484663185681,0.691153161953081,0.691153161953081,3.8187108282864943])",0.0
R212,"['paper', 'real', 'type', 'big', 'her.', 'authority', 'discussion', 'director', 'father.', 'woman', 'finally', 'art', 'find', 'feel.', 'experts', 'discuss', 'ongoing', 'developments', 'education.']","(10000,[1176,1817,1853,3048,3526,3614,4506,4563,4687,5047,5315,7510,7748,7854,8690,9132,9462,9682,9691],[3.8187108282864943,4.019381523748645,4.607168188650764,4.42484663185681,3.914021008090819,0.6832166123573445,0.691153161953081,4.019381523748645,0.6871770135734415,2.6902455764687034,4.137164559405029,4.42484663185681,4.830311739964974,4.42484663185681,4.270695952029551,4.607168188650764,0.691153161953081,5.523458920524919,4.019381523748645])",1.0
F119,"['trial', 'pass', 'according', 'thousand', 'choice', 'pm.', 'recognize', 'head', 'finish', 'lot', 'which.', '—', 'shocking', 'claims', 'mind', 'control', 'surface', 'internet.']","(10000,[503,1064,1208,3184,3410,4943,5850,6053,6315,6486,6578,6798,7281,7564,7936,8171,8338,8392],[0.691153161953081,3.7316994512968646,2.7826188965997183,2.8154087194227095,4.137164559405029,4.137164559405029,0.691153161953081,3.383392757028649,4.607168188650764,5.117993812416755,4.607168188650764,3.914021008090819,0.6753425559264385,4.019381523748645,0.691153161953081,3.914021008090819,0.691153161953081,4.830311739964974])",0.0
F103,"['political', 'present', 'short', 'break.', 'president', 'billion', 'in.', 'interview', 'color', 'forward', 'later', 'gas', 'system.', '—', 'shocking', 'claims', 'hoax', 'surface', 'internet.']","(10000,[258,503,560,1262,1306,1936,3935,4377,5607,5850,6035,6358,7281,7936,8130,8338,8411,9640,9832],[4.137164559405029,0.691153161953081,4.270695952029551,4.42484663185681,4.42484663185681,5.117993812416755,4.019381523748645,2.60568818844064,4.270695952029551,0.691153161953081,4.019381523748645,5.117993812416755,0.6753425559264385,0.691153161953081,4.830311739964974,0.691153161953081,3.914021008090819,5.117993812416755,3.914021008090819])",0.0
F191,"['member', 'late', 'call', 'general', 'wind.', 'author', 'though', 'positive', 'property', 'technology', 'determine.', 'condition', 'writer', 'debate', 'large.', '—', 'shocking', 'claims', 'mind', 'control', 'surface', 'internet.']","(10000,[1,503,1020,1208,1978,2733,3079,3184,3385,3713,5146,5328,5465,5850,6790,6906,7281,7936,8276,8338,8512,9350],[3.914021008090819,0.691153161953081,2.6330871626287546,2.7826188965997183,5.523458920524919,4.270695952029551,4.019381523748645,2.8154087194227095,4.019381523748645,4.830311739964974,4.270695952029551,3.8187108282864943,3.6516567436233283,0.691153161953081,4.607168188650764,4.607168188650764,0.6753425559264385,0.691153161953081,3.8187108282864943,0.691153161953081,5.523458920524919,4.42484663185681])",0.0
F002,"['feel', 'rather', 'lay', 'space.', 'something', 'degree', 'site', 'development.', '—', 'shocking', 'claims', 'mind', 'control', 'surface', 'internet.']","(10000,[503,913,1098,1208,2837,3115,3184,4475,5850,5891,7281,7936,8338,9826,9943],[0.691153161953081,5.117993812416755,4.42484663185681,2.7826188965997183,3.914021008090819,4.607168188650764,2.8154087194227095,4.42484663185681,0.691153161953081,4.019381523748645,0.6753425559264385,0.691153161953081,0.691153161953081,4.42484663185681,4.607168188650764])",0.0
R155,"['country', 'realize', 'much', 'difficult', 'assume', 'big.', 'discuss', 'glass', 'special', 'save', 'actually', 'green', 'far.', 'fine', 'carry', 'dream', 'project', 'democratic', 'somebody', 'join.', 'maintain', 'time', 'step', 'huge', 'american.', 'experts', 'discuss', 'ongoing', 'developments', 'election.']","(10000,[454,524,551,1055,1558,1582,1712,1890,2198,2230,2366,2571,2664,3089,3556,3614,4506,4520,4687,5247,5511,5606,6431,6447,6932,7870,8157,9462,9994],[3.5085558999826545,3.383392757028649,4.42484663185681,4.019381523748645,4.42484663185681,4.270695952029551,4.270695952029551,4.830311739964974,4.830311739964974,4.607168188650764,4.019381523748645,5.523458920524919,3.8187108282864943,4.137164559405029,2.8844015909096608,1.366433224714689,0.691153161953081,4.607168188650764,0.6871770135734415,4.42484663185681,5.117993812416755,4.42484663185681,4.42484663185681,4.42484663185681,3.7316994512968646,3.914021008090819,4.607168188650764,0.691153161953081,4.42484663185681])",1.0
R006,"['key', 'senior', 'manage', 'dinner', 'recognize', 'push', 'care.', 'training', 'throw', 'process.', 'outside', 'exist', 'seem', 'staff', 'answer.', 'experts', 'discuss', 'ongoing', 'developments', 'technology', 'breakthrough.']","(10000,[1020,2086,2227,2240,2588,3131,3614,4144,4506,4687,5390,5978,6224,6602,7538,7883,8077,8171,8325,8568,9462],[2.6330871626287546,4.830311739964974,2.7200985396183848,3.8187108282864943,4.019381523748645,3.8187108282864943,0.6832166123573445,4.42484663185681,0.691153161953081,0.6871770135734415,5.117993812416755,4.607168188650764,3.577548771469606,4.607168188650764,4.137164559405029,4.42484663185681,5.117993812416755,3.914021008090819,3.8187108282864943,4.137164559405029,0.691153161953081])",1.0
F086,"['story', 'hope', 'day', 'six.', 'card', 'care', 'never', 'million', 'ball.', 'brother', 'fight', 'suddenly', 'charge', 'movie.', '—', 'shocking', 'claims', 'government', 'cover-up', 'surface', 'internet.']","(10000,[281,291,503,2144,2259,2526,3004,4715,5310,5850,5947,6000,6812,6855,7281,7936,8338,8581,8651,9133,9813],[4.607168188650764,4.42484663185681,0.691153161953081,4.42484663185681,2.8154087194227095,4.270695952029551,5.523458920524919,3.7316994512968646,4.270695952029551,0.691153161953081,5.523458920524919,4.270695952029551,3.914021008090819,5.523458920524919,0.6753425559264385,0.691153161953081,0.691153161953081,4.270695952029551,4.137164559405029,4.270695952029551,2.997730276216664])",0.0
R168,"['baby', 'culture', 'low', 'check', 'letter.', 'attorney', 'look', 'responsibility', 'ok', 'join.', 'experts', 'discuss', 'ongoing', 'developments', 'election.']","(10000,[1348,2645,3502,3556,3614,3901,4300,4506,4687,4853,8411,8645,9462,9939,9994],[5.117993812416755,4.42484663185681,3.914021008090819,2.8844015909096608,0.6832166123573445,4.42484663185681,4.830311739964974,0.691153161953081,0.6871770135734415,4.830311739964974,3.914021008090819,3.577548771469606,0.691153161953081,4.270695952029551,4.42484663185681])",1.0
R077,"['work', 'anything', 'expect.', 'want', 'move', 'letter', 'hot.', 'pull', 'memory', 'quickly', 'perhaps', 'read', 'anyone.', 'experts', 'discuss', 'ongoing', 'developments', 'public', 'health.']","(10000,[564,1259,1770,2114,3391,3614,4498,4506,4687,5931,6219,6282,6597,6941,7650,7712,8219,9462,9527],[3.914021008090819,4.607168188650764,3.0385522707369192,3.8187108282864943,4.019381523748645,0.6832166123573445,5.117993812416755,0.691153161953081,0.6871770135734415,5.523458920524919,3.0811118851557153,4.607168188650764,4.830311739964974,4.137164559405029,3.8187108282864943,4.830311739964974,4.830311739964974,0.691153161953081,3.8187108282864943])",1.0
F209,"['idea', 'wait', 'ago', 'wide', 'pass.', 'recognize', 'minute', 'ball', 'whether', 'republican', 'plant.', '—', 'shocking', 'claims', 'hoax', 'surface', 'internet.']","(10000,[503,1896,2836,3357,3406,4377,4616,5477,5850,5958,7178,7281,7492,7936,8171,8338],[0.691153161953081,3.4440173788450834,4.42484663185681,4.137164559405029,4.019381523748645,2.60568818844064,4.607168188650764,4.42484663185681,0.691153161953081,4.270695952029551,5.523458920524919,0.6753425559264385,4.42484663185681,0.691153161953081,7.828042016181638,0.691153161953081])",0.0
R236,"['happy', 'treat', 'health.', 'maybe', 'require', 'read', 'federal', 'beat.', 'experts', 'discuss', 'ongoing', 'developments', 'public', 'health.']","(10000,[633,1770,3614,4506,4687,4818,5347,6219,7650,8449,8750,9462,9612],[4.270695952029551,3.0385522707369192,0.6832166123573445,0.691153161953081,0.6871770135734415,4.137164559405029,4.270695952029551,6.162223770311431,3.8187108282864943,4.019381523748645,4.607168188650764,0.691153161953081,5.523458920524919])",1.0
F186,"['enter', 'list', 'able', 'bad.', 'sister', 'first', 'world', 'foreign', 'although', 'word', 'fill', 'card.', 'tonight', 'gun', 'near', 'continue', 'me.', '—', 'shocking', 'claims', 'aliens', 'surface', 'internet.']","(10000,[503,650,743,2092,3389,3496,3519,3521,3935,5177,5850,5974,6206,6403,7281,7435,7779,7936,8313,8338,8728,9360,9727],[0.691153161953081,2.958509563063383,4.607168188650764,4.607168188650764,3.7316994512968646,4.137164559405029,3.8187108282864943,4.270695952029551,4.019381523748645,5.523458920524919,0.691153161953081,3.5085558999826545,4.137164559405029,3.8187108282864943,0.6753425559264385,4.137164559405029,3.8187108282864943,0.691153161953081,4.42484663185681,0.691153161953081,3.5085558999826545,4.137164559405029,4.270695952029551])",0.0
R243,"['happen', 'quickly', 'industry', 'draw', 'discover', 'develop.', 'book', 'true', 'fact', 'lead', 'change.', 'experts', 'discuss', 'ongoing', 'developments', 'public', 'health.']","(10000,[393,1770,2059,3010,3391,3614,4170,4506,4687,4704,5063,5356,6219,7188,7215,8167,9462],[4.137164559405029,3.0385522707369192,2.60568818844064,4.019381523748645,4.019381523748645,0.6832166123573445,4.270695952029551,0.691153161953081,0.6871770135734415,4.019381523748645,5.523458920524919,4.830311739964974,3.0811118851557153,4.137164559405029,4.019381523748645,4.137164559405029,0.691153161953081])",1.0
F094,"['behind', 'experience', 'fire', 'past', 'man', 'capital.', 'structure', 'someone', 'movie', 'economic', 'church.', '—', 'shocking', 'claims', 'immortal', 'jellyfish', 'surface', 'internet.']","(10000,[101,503,1439,2066,2569,2996,3635,3671,4346,5191,5850,7281,7936,8094,8338,9144,9275,9876],[4.607168188650764,0.691153161953081,3.914021008090819,2.7508701982851385,4.019381523748645,3.7316994512968646,4.270695952029551,4.42484663185681,4.137164559405029,4.270695952029551,0.691153161953081,0.6753425559264385,0.691153161953081,5.117993812416755,0.691153161953081,2.661258039595451,4.019381523748645,2.7508701982851385])",0.0
R032,"['community', 'director', 'budget', 'face.', 'surface', 'involve', 'dinner', 'art', 'industry', 'thank', 'tough.', 'experts', 'discuss', 'ongoing', 'developments', 'economic', 'growth.']","(10000,[1687,1853,2240,3010,3614,4506,4687,4991,6271,7036,7281,7854,8174,9034,9144,9297,9462],[4.42484663185681,4.607168188650764,3.8187108282864943,4.019381523748645,0.6832166123573445,0.691153161953081,0.6871770135734415,2.455405985391302,3.8187108282864943,5.117993812416755,0.6753425559264385,4.42484663185681,4.019381523748645,2.8154087194227095,2.661258039595451,5.523458920524919,0.691153161953081])",1.0
R033,"['meet', 'account', 'break', 'people', 'the.', 'require', 'assume', 'big', 'sound.', 'ground', 'hospital', 'door', 'back', 'rather', 'certainly', 'growth.', 'experts', 'discuss', 'ongoing', 'developments', 'education.']","(10000,[668,673,2260,2664,2837,3048,3614,4263,4506,4687,4847,4930,5047,5401,6487,8430,8449,9034,9187,9462,9940],[4.137164559405029,4.019381523748645,4.607168188650764,3.8187108282864943,3.914021008090819,4.42484663185681,0.6832166123573445,3.7316994512968646,0.691153161953081,0.6871770135734415,3.914021008090819,3.8187108282864943,2.6902455764687034,3.8187108282864943,3.7316994512968646,4.270695952029551,4.019381523748645,2.8154087194227095,3.5085558999826545,0.691153161953081,3.8187108282864943])",0.0
R045,"['win', 'rule', 'everything', 'list', 'simply', 'hope', 'section.', 'produce', 'data', 'security', 'hit', 'owner.', 'experts', 'discuss', 'ongoing', 'developments', 'technology', 'breakthrough.']","(10000,[343,1020,1133,1642,1648,1695,2227,2398,2634,3614,4506,4687,6000,8252,8728,9156,9462],[3.7316994512968646,2.6330871626287546,4.830311739964974,4.019381523748645,4.270695952029551,4.019381523748645,2.7200985396183848,4.137164559405029,8.03876304749729,0.6832166123573445,0.691153161953081,0.6871770135734415,4.270695952029551,3.8187108282864943,3.5085558999826545,3.914021008090819,0.691153161953081])",1.0
R116,"['right', 'focus', 'language', 'skill', 'analysis', 'anything.', 'experts', 'discuss', 'ongoing', 'developments', 'education.']","(10000,[1296,1716,1790,3614,3931,4506,4687,5047,7751,9462,9968],[4.607168188650764,4.019381523748645,4.42484663185681,0.6832166123573445,3.383392757028649,0.691153161953081,0.6871770135734415,2.6902455764687034,5.523458920524919,0.691153161953081,3.914021008090819])",1.0
F056,"['actually', 'market', 'economy', 'dark', 'condition', 'economic', 'find.', 'help', 'image', 'office', 'respond', 'deal.', 'believe', 'security', 'describe', 'themselves.', '—', 'shocking', 'claims', 'celebrity', 'scandal', 'surface', 'internet.']","(10000,[217,503,533,697,2500,2634,2657,3486,4921,5303,5328,5850,5853,6447,7085,7281,7359,7936,8338,8344,9144,9347,9470],[3.7316994512968646,0.691153161953081,3.914021008090819,4.42484663185681,4.270695952029551,4.019381523748645,3.383392757028649,2.849310271098391,2.849310271098391,4.270695952029551,3.8187108282864943,0.691153161953081,5.523458920524919,4.42484663185681,4.607168188650764,0.6753425559264385,5.523458920524919,0.691153161953081,0.691153161953081,3.8187108282864943,2.661258039595451,4.607168188650764,5.117993812416755])",0.0
R043,"['hundred', 'require', 'physical', 'effort.', 'treat', 'enough', 'build', 'chance', 'clear', 'customer', 'watch.', 'rule', 'clear', 'reduce', 'address', 'open', 'reality.', 'experts', 'discuss', 'ongoing', 'developments', 'policy.']","(10000,[343,346,1413,1611,2519,2912,3014,3082,3614,4454,4506,4687,4748,5175,5783,6944,8159,8449,8649,8750,9462],[3.7316994512968646,4.270695952029551,4.137164559405029,8.541391904059102,5.117993812416755,4.830311739964974,4.137164559405029,4.830311739964974,0.6832166123573445,4.607168188650764,0.691153161953081,0.6871770135734415,3.914021008090819,4.42484663185681,3.7316994512968646,2.8154087194227095,3.8187108282864943,4.019381523748645,4.42484663185681,4.607168188650764,0.691153161953081])",1.0
R145,"['key', 'agree', 'often', 'collection', 'worry', 'computer', 'strong.', 'artist', 'notice', 'eat.', 'experts', 'discuss', 'ongoing', 'developments', 'economic', 'growth.']","(10000,[7,278,1525,2406,3131,3614,4506,4687,6925,8151,8209,8343,8931,9034,9144,9462],[4.607168188650764,5.523458920524919,3.8187108282864943,4.830311739964974,3.8187108282864943,0.6832166123573445,0.691153161953081,0.6871770135734415,4.137164559405029,4.137164559405029,4.42484663185681,4.270695952029551,3.7316994512968646,2.8154087194227095,2.661258039595451,0.691153161953081])",1.0
F200,"['wide', 'throughout', 'dinner', 'carry', 'may.', 'bar', 'try', 'bar', 'poor', 'western', 'social', 'into.', 'medical', 'within', 'foreign', 'upon.', '—', 'shocking', 'claims', 'secret', 'cure', 'surface', 'internet.']","(10000,[442,454,503,524,823,2240,2836,3892,4693,5087,5850,5948,6206,6572,6747,7281,7332,7936,8103,8268,8338,9817],[5.117993812416755,3.5085558999826545,0.691153161953081,3.383392757028649,3.8187108282864943,3.8187108282864943,4.42484663185681,2.5530444549552183,4.137164559405029,5.117993812416755,0.691153161953081,4.270695952029551,4.137164559405029,5.523458920524919,2.5530444549552183,0.6753425559264385,8.541391904059102,0.691153161953081,4.019381523748645,3.6516567436233283,0.691153161953081,3.6516567436233283])",0.0
F034,"['old', 'forward', 'wait', 'concern', 'factor', 'everything', 'low.', 'glass', 'theory', 'camera', 'instead', 'follow', 'let.', '—', 'shocking', 'claims', 'celebrity', 'scandal', 'surface', 'internet.']","(10000,[503,1468,1650,1968,3486,3564,4527,4921,5477,5850,6932,7083,7281,7936,8338,8411,8546,9156,9367,9561],[0.691153161953081,3.6516567436233283,4.270695952029551,4.137164559405029,2.849310271098391,5.117993812416755,4.270695952029551,2.849310271098391,4.42484663185681,0.691153161953081,3.7316994512968646,3.8187108282864943,0.6753425559264385,0.691153161953081,0.691153161953081,3.914021008090819,5.117993812416755,3.914021008090819,4.137164559405029,4.270695952029551])",0.0
F149,"['structure', 'student', 'far', 'take', 'security', 'represent', 'act.', 'american', 'produce', 'mrs', 'consumer', 'dark', 'economy.', 'together', 'suddenly', 'style', 'think', 'seem', 'professor.', '—', 'shocking', 'claims', 'secret', 'cure', 'surface', 'internet.']","(10000,[503,697,855,1648,2141,2335,2588,2634,2996,3180,3536,3892,4158,4683,5850,6747,7281,7652,7936,8000,8312,8338,8581,8717,9475,9751],[0.691153161953081,4.42484663185681,3.8187108282864943,4.270695952029551,5.117993812416755,4.019381523748645,4.019381523748645,4.019381523748645,3.7316994512968646,5.523458920524919,4.42484663185681,2.5530444549552183,4.270695952029551,5.523458920524919,0.691153161953081,2.5530444549552183,0.6753425559264385,4.019381523748645,0.691153161953081,4.42484663185681,4.42484663185681,0.691153161953081,4.270695952029551,3.6516567436233283,4.019381523748645,3.914021008090819])",0.0
F051,"['pretty', 'remember', 'since', 'notice', 'law', 'somebody', 'yes.', 'group', 'charge', 'daughter', 'firm', 'example.', 'consumer', 'wall', 'author', 'impact', 'score.', '—', 'shocking', 'claims', 'secret', 'cure', 'surface', 'internet.']","(10000,[503,1525,1834,1972,2601,3089,3892,3919,3979,5685,5850,6287,6404,6747,6812,7195,7281,7623,7766,7936,8338,8894,9350,9475],[0.691153161953081,3.8187108282864943,4.607168188650764,3.914021008090819,5.523458920524919,4.137164559405029,2.5530444549552183,4.607168188650764,4.270695952029551,4.270695952029551,0.691153161953081,3.8187108282864943,3.8187108282864943,2.5530444549552183,3.914021008090819,5.117993812416755,0.6753425559264385,4.270695952029551,4.019381523748645,0.691153161953081,0.691153161953081,3.914021008090819,4.42484663185681,4.019381523748645])",0.0
F089,"['show', 'develop', 'necessary', 'stop', 'beat', 'hour', 'dog.', 'well', 'win', 'yet', 'walk', 'congress', 'firm', 'staff', 'leg.', 'impact', 'remain', 'skin', 'hospital', 'dinner.', '—', 'shocking', 'claims', 'flat', 'earth', 'surface', 'internet.']","(10000,[157,503,527,796,1122,1238,1241,1972,2398,2569,2918,3214,4019,4037,4930,5205,5833,5850,6142,6224,7281,7936,7979,8338,8728,8894,9676],[3.914021008090819,0.691153161953081,4.137164559405029,4.137164559405029,5.523458920524919,5.523458920524919,3.3262343431887,3.914021008090819,4.137164559405029,4.019381523748645,3.0385522707369192,5.117993812416755,4.830311739964974,4.607168188650764,3.8187108282864943,4.607168188650764,4.019381523748645,0.691153161953081,4.137164559405029,3.577548771469606,0.6753425559264385,0.691153161953081,4.270695952029551,0.691153161953081,3.5085558999826545,3.914021008090819,3.0385522707369192])",0.0
F135,"['represent', 'serve', 'message', 'interest', 'response', 'focus.', 'trial', 'black', 'yard', 'watch', 'dark', 'item.', '—', 'shocking', 'claims', 'flat', 'earth', 'surface', 'internet.']","(10000,[70,424,503,697,1725,1948,2445,2708,2715,2918,3410,5850,7281,7299,7936,8016,8338,8717,9676],[4.270695952029551,4.137164559405029,0.691153161953081,4.42484663185681,4.019381523748645,3.6516567436233283,4.137164559405029,4.137164559405029,3.5085558999826545,3.0385522707369192,4.137164559405029,0.691153161953081,0.6753425559264385,5.117993812416755,0.691153161953081,5.117993812416755,0.691153161953081,3.6516567436233283,3.0385522707369192])",0.0
F088,"['nature', 'message', 'former', 'individual', 'day.', 'agree', 'simply', 'feeling', 'manager', 'end', 'head.', '—', 'shocking', 'claims', 'government', 'cover-up', 'surface', 'internet.']","(10000,[453,503,613,1642,1652,1842,2259,2715,3593,3611,4160,5850,6925,7281,7936,8338,8614,9813],[3.914021008090819,0.691153161953081,4.137164559405029,4.019381523748645,3.8187108282864943,4.830311739964974,2.8154087194227095,3.5085558999826545,4.830311739964974,4.607168188650764,5.117993812416755,0.691153161953081,4.137164559405029,0.6753425559264385,0.691153161953081,0.691153161953081,4.137164559405029,2.997730276216664])",0.0
R010,"['local', 'personal', 'really.', 'line', 'arm', 'blue.', 'experts', 'discuss', 'ongoing', 'developments', 'election.']","(10000,[228,1182,2722,3556,3614,3984,4506,4687,6959,7939,9462],[3.914021008090819,4.607168188650764,5.117993812416755,2.8844015909096608,0.6832166123573445,4.019381523748645,0.691153161953081,0.6871770135734415,5.523458920524919,4.137164559405029,0.691153161953081])",1.0
R211,"['week', 'either', 'administration.', 'experts', 'discuss', 'ongoing', 'developments', 'policy.']","(10000,[3614,3684,4506,4687,5122,6944,9126,9462],[0.6832166123573445,4.607168188650764,0.691153161953081,0.6871770135734415,4.137164559405029,2.8154087194227095,3.7316994512968646,0.691153161953081])",1.0
F204,"['event', 'face', 'officer', 'white.', 'worry', 'arm', 'either', 'gun', 'sell', 'simply.', 'professor', 'front', 'defense', 'consumer.', '—', 'shocking', 'claims', 'miracle', 'drug', 'surface', 'internet.']","(10000,[503,504,696,816,1256,2543,3543,3984,4034,4485,5094,5850,6877,7281,7728,7860,7936,8313,8338,8343,9126],[0.691153161953081,4.137164559405029,3.914021008090819,4.830311739964974,3.125563647726549,3.4440173788450834,4.019381523748645,4.019381523748645,4.607168188650764,3.914021008090819,5.523458920524919,0.691153161953081,5.117993812416755,0.6753425559264385,4.42484663185681,2.8154087194227095,0.691153161953081,4.42484663185681,0.691153161953081,4.270695952029551,3.7316994512968646])",0.0
F168,"['significant', 'recently', 'meet', 'spring', 'great.', '—', 'shocking', 'claims', 'miracle', 'drug', 'surface', 'internet.']","(10000,[503,1256,1644,2034,5850,6591,7281,7860,7936,8338,8552,9940],[0.691153161953081,3.125563647726549,5.117993812416755,4.270695952029551,0.691153161953081,4.830311739964974,0.6753425559264385,2.8154087194227095,0.691153161953081,0.691153161953081,4.607168188650764,3.8187108282864943])",0.0
R011,"['class', 'local', 'east.', 'energy', 'cost', 'major', 'star', 'medical', 'affect', 'skin.', 'consider', 'receive', 'three', 'note', 'walk', 'agent.', 'experts', 'discuss', 'ongoing', 'developments', 'public', 'health.']","(10000,[228,312,1058,1167,1770,2706,3614,4007,4490,4506,4617,4687,5170,5925,6055,6142,6219,8012,8268,8307,9462,9909],[3.914021008090819,4.42484663185681,4.019381523748645,5.117993812416755,3.0385522707369192,5.523458920524919,0.6832166123573445,4.830311739964974,3.914021008090819,0.691153161953081,3.7316994512968646,0.6871770135734415,4.42484663185681,4.137164559405029,4.42484663185681,4.137164559405029,3.0811118851557153,5.523458920524919,3.6516567436233283,4.270695952029551,0.691153161953081,4.830311739964974])",1.0
R232,"['claim', 'still', 'training.', 'partner', 'hour', 'spend', 'major.', 'experts', 'discuss', 'ongoing', 'developments', 'climate', 'change.']","(10000,[116,353,527,821,2059,2764,3614,3712,4506,4687,8937,9462,9829],[3.4440173788450834,4.270695952029551,4.137164559405029,2.849310271098391,2.60568818844064,5.117993812416755,0.6832166123573445,4.270695952029551,0.691153161953081,0.6871770135734415,4.830311739964974,0.691153161953081,4.830311739964974])",1.0
R042,"['stop', 'short', 'history', 'guy', 'course', 'inside', 'fish', 'campaign.', 'experts', 'discuss', 'ongoing', 'developments', 'public', 'health.']","(10000,[94,796,1262,1376,1770,3614,3652,4506,4687,5856,6219,6543,9066,9462],[4.137164559405029,4.137164559405029,4.42484663185681,4.607168188650764,3.0385522707369192,0.6832166123573445,4.137164559405029,0.691153161953081,0.6871770135734415,5.523458920524919,3.0811118851557153,4.137164559405029,4.607168188650764,0.691153161953081])",1.0
F182,"['business', 'lose', 'magazine', 'difficult', 'likely.', 'town', 'stock', 'message', 'current', 'professor', 'pick', 'figure.', 'tonight', 'somebody', 'sort', 'staff', 'home.', '—', 'shocking', 'claims', 'hoax', 'surface', 'internet.']","(10000,[503,793,1712,2543,2715,3089,3389,4247,4377,4422,4715,5374,5720,5850,5861,6224,7281,7372,7936,8113,8338,8413,9189],[0.691153161953081,4.019381523748645,4.270695952029551,3.4440173788450834,3.5085558999826545,4.137164559405029,3.7316994512968646,5.523458920524919,2.60568818844064,4.137164559405029,3.7316994512968646,3.8187108282864943,4.830311739964974,0.691153161953081,4.42484663185681,3.577548771469606,0.6753425559264385,4.270695952029551,0.691153161953081,5.523458920524919,0.691153161953081,3.2721671219184243,4.42484663185681])",0.0
F036,"['material', 'six', 'parent', 'near.', '—', 'shocking', 'claims', 'miracle', 'drug', 'surface', 'internet.']","(10000,[503,1256,3231,5401,5850,6817,7281,7860,7936,8338,9932],[0.691153161953081,3.125563647726549,3.8187108282864943,3.8187108282864943,0.691153161953081,5.117993812416755,0.6753425559264385,2.8154087194227095,0.691153161953081,0.691153161953081,4.607168188650764])",0.0
F068,"['scientist', 'blue', 'situation.', 'fight', 'let', 'central', 'institution.', 'open', 'company', 'example', 'matter.', '—', 'shocking', 'claims', 'secret', 'cure', 'surface', 'internet.']","(10000,[477,503,942,2526,3892,5768,5783,5850,6226,6747,7180,7281,7936,7968,8267,8338,8928,9606],[5.523458920524919,0.691153161953081,4.270695952029551,4.270695952029551,2.5530444549552183,4.137164559405029,3.7316994512968646,0.691153161953081,5.117993812416755,2.5530444549552183,5.523458920524919,0.6753425559264385,0.691153161953081,5.523458920524919,3.914021008090819,0.691153161953081,4.137164559405029,4.42484663185681])",0.0
R015,"['marriage', 'thought', 'yes', 'contain.', 'week', 'language', 'management', 'stand', 'economic', 'particular.', 'experts', 'discuss', 'ongoing', 'developments', 'election.']","(10000,[55,1241,1716,3292,3556,3614,4506,4687,5044,5122,6229,6886,8633,9144,9462],[4.830311739964974,3.3262343431887,4.019381523748645,5.523458920524919,2.8844015909096608,0.6832166123573445,0.691153161953081,0.6871770135734415,4.270695952029551,4.137164559405029,3.914021008090819,3.914021008090819,4.607168188650764,2.661258039595451,0.691153161953081])",1.0
R147,"['religious', 'pm', 'room', 'professional', 'center.', 'customer', 'miss', 'human', 'believe.', 'experts', 'discuss', 'ongoing', 'developments', 'climate', 'change.']","(10000,[494,586,821,1071,1413,2059,2155,3614,4293,4506,4687,6575,7026,8303,9462],[3.914021008090819,5.117993812416755,2.849310271098391,4.42484663185681,4.137164559405029,2.60568818844064,4.270695952029551,0.6832166123573445,4.270695952029551,0.691153161953081,0.6871770135734415,5.117993812416755,4.137164559405029,4.42484663185681,0.691153161953081])",1.0
F198,"['record', 'simple', 'whose', 'physical', 'either', 'down.', 'reduce', 'specific', 'head', 'respond', 'drive', 'suffer.', '—', 'shocking', 'claims', 'government', 'cover-up', 'surface', 'internet.']","(10000,[503,1064,2059,2259,2500,2913,4347,5850,6325,6731,7281,7936,8159,8338,8649,9025,9126,9539,9813],[0.691153161953081,3.7316994512968646,2.60568818844064,2.8154087194227095,4.270695952029551,3.914021008090819,4.019381523748645,0.691153161953081,4.42484663185681,5.117993812416755,0.6753425559264385,0.691153161953081,3.8187108282864943,0.691153161953081,4.42484663185681,4.607168188650764,3.7316994512968646,4.607168188650764,2.997730276216664])",0.0
R081,"['resource', 'person', 'quite', 'reveal', 'property', 'audience.', 'civil', 'force', 'summer', 'if.', 'main', 'high', 'road', 'develop', 'us', 'fear.', 'experts', 'discuss', 'ongoing', 'developments', 'climate', 'change.']","(10000,[391,593,821,1241,1507,1637,1670,2059,2116,2733,3177,3249,3614,4506,4687,5725,6056,6259,6660,7615,9462,9481],[4.42484663185681,4.270695952029551,2.849310271098391,3.3262343431887,4.270695952029551,3.6516567436233283,4.137164559405029,2.60568818844064,4.42484663185681,4.270695952029551,5.117993812416755,3.6516567436233283,0.6832166123573445,0.691153161953081,0.6871770135734415,4.42484663185681,3.7316994512968646,5.117993812416755,4.137164559405029,5.117993812416755,0.691153161953081,4.42484663185681])",1.0
F050,"['yeah', 'hotel', 'run', 'find', 'end', 'myself.', 'doctor', 'response', 'road', 'program', 'million.', '—', 'shocking', 'claims', 'aliens', 'surface', 'internet.']","(10000,[266,453,503,573,650,777,2445,2663,2895,3249,5725,5850,7281,7510,7724,7936,8338],[4.137164559405029,3.914021008090819,0.691153161953081,4.830311739964974,2.958509563063383,4.137164559405029,4.137164559405029,4.607168188650764,4.830311739964974,3.6516567436233283,4.42484663185681,0.691153161953081,0.6753425559264385,4.42484663185681,5.117993812416755,0.691153161953081,0.691153161953081])",0.0
F162,"['old', 'woman', 'answer', 'forget', 'production', 'turn', 'accept.', 'image', 'pay', 'teach', 'where.', '—', 'shocking', 'claims', 'celebrity', 'scandal', 'surface', 'internet.']","(10000,[503,1352,3486,3619,3886,4522,4563,4897,4921,5303,5850,7083,7146,7281,7936,8338,8353,8522],[0.691153161953081,5.117993812416755,2.849310271098391,5.523458920524919,4.137164559405029,4.830311739964974,4.019381523748645,4.607168188650764,2.849310271098391,4.270695952029551,0.691153161953081,3.8187108282864943,5.117993812416755,0.6753425559264385,0.691153161953081,0.691153161953081,4.019381523748645,5.117993812416755])",0.0
R028,"['seat', 'candidate', 'analysis', 'threat.', 'practice', 'far', 'artist', 'trouble', 'necessary.', 'guy', 'heart', 'table.', 'work', 'case', 'say', 'short', 'face', 'forget', 'threat.', 'experts', 'discuss', 'ongoing', 'developments', 'technology', 'breakthrough.']","(10000,[47,94,1020,1107,1262,1296,2227,2909,3475,3614,4034,4158,4280,4358,4506,4687,5862,6342,6404,7146,8931,9462,9527,9808],[5.117993812416755,4.137164559405029,2.6330871626287546,4.42484663185681,4.42484663185681,4.607168188650764,2.7200985396183848,4.270695952029551,10.23598762483351,0.6832166123573445,4.607168188650764,4.270695952029551,4.607168188650764,4.270695952029551,0.691153161953081,0.6871770135734415,3.914021008090819,4.607168188650764,3.8187108282864943,5.117993812416755,3.7316994512968646,0.691153161953081,3.8187108282864943,4.137164559405029])",1.0
R195,"['color', 'work', 'reason', 'hair.', 'instead', 'hundred', 'happen', 'enter', 'weight', 'piece.', 'experts', 'discuss', 'ongoing', 'developments', 'budget', 'report.']","(10000,[2944,3614,4506,4527,4687,4704,4991,5175,5212,5432,7435,8004,9462,9527,9784,9832],[5.117993812416755,0.6832166123573445,0.691153161953081,4.270695952029551,0.6871770135734415,4.019381523748645,2.455405985391302,4.42484663185681,5.117993812416755,2.7200985396183848,4.137164559405029,4.42484663185681,0.691153161953081,3.8187108282864943,5.117993812416755,3.914021008090819])",1.0
F116,"['science', 'human', 'modern', 'school', 'evidence', 'in.', 'decide', 'month', 'item', 'maybe', 'discussion.', '—', 'shocking', 'claims', 'aliens', 'surface', 'internet.']","(10000,[503,650,1916,1936,2054,2336,2679,3363,4079,4818,5741,5850,7281,7936,8293,8303,8338],[0.691153161953081,2.958509563063383,4.270695952029551,5.117993812416755,3.577548771469606,4.019381523748645,3.7316994512968646,3.8187108282864943,5.523458920524919,4.137164559405029,4.137164559405029,0.691153161953081,0.6753425559264385,0.691153161953081,4.830311739964974,4.42484663185681,0.691153161953081])",0.0
R018,"['evidence', 'course', 'relate', 'culture', 'new', 'minute', 'message', 'democrat.', 'skill', 'group', 'nation', 'court', 'nearly.', 'experts', 'discuss', 'ongoing', 'developments', 'research.']","(10000,[585,988,2054,2437,2715,3357,3614,3652,4014,4506,4568,4687,7066,7766,8645,9462,9924,9968],[4.019381523748645,4.019381523748645,3.577548771469606,4.830311739964974,3.5085558999826545,4.137164559405029,0.6832166123573445,4.137164559405029,4.42484663185681,0.691153161953081,4.270695952029551,0.6871770135734415,2.849310271098391,4.019381523748645,3.577548771469606,0.691153161953081,4.830311739964974,3.914021008090819])",1.0
F073,"['modern', 'consumer', 'listen', 'see', 'final', 'experience.', 'remain', 'officer', 'past', 'drop', 'similar.', 'page', 'throughout', 'time.', '—', 'shocking', 'claims', 'immortal', 'jellyfish', 'surface', 'internet.']","(10000,[429,503,696,1653,1776,2066,2072,2336,2827,5205,5276,5354,5850,5948,7281,7936,8338,8577,9275,9475,9876],[4.019381523748645,0.691153161953081,3.914021008090819,4.019381523748645,4.607168188650764,2.7508701982851385,5.523458920524919,4.019381523748645,4.270695952029551,4.607168188650764,5.117993812416755,4.607168188650764,0.691153161953081,4.270695952029551,0.6753425559264385,0.691153161953081,0.691153161953081,4.42484663185681,4.019381523748645,4.019381523748645,2.7508701982851385])",0.0
F059,"['debate', 'table', 'space', 'manager', 'degree', 'season', 'only.', 'contain', 'world', 'serious', 'result', 'reach', 'we.', '—', 'shocking', 'claims', 'miracle', 'drug', 'surface', 'internet.']","(10000,[399,503,1117,1243,1256,1652,2358,2412,3931,5850,7281,7493,7860,7936,8276,8338,8386,9188,9360,9943],[4.42484663185681,0.691153161953081,5.117993812416755,4.42484663185681,3.125563647726549,3.8187108282864943,4.270695952029551,4.830311739964974,3.383392757028649,0.691153161953081,0.6753425559264385,4.42484663185681,2.8154087194227095,0.691153161953081,3.8187108282864943,0.691153161953081,4.607168188650764,4.42484663185681,4.137164559405029,4.607168188650764])",0.0
R078,"['much', 'onto', 'again.', 'place', 'imagine', 'human', 'enjoy', 'leave', 'bring.', 'experts', 'discuss', 'ongoing', 'developments', 'budget', 'report.']","(10000,[524,1766,1805,1898,2913,3614,4319,4506,4687,4991,5301,5432,6390,8303,9462],[3.383392757028649,4.830311739964974,4.607168188650764,4.830311739964974,3.914021008090819,0.6832166123573445,3.3262343431887,0.691153161953081,0.6871770135734415,2.455405985391302,4.607168188650764,2.7200985396183848,4.270695952029551,4.42484663185681,0.691153161953081])",1.0
F216,"['purpose', 'decade', 'personal', 'travel.', 'base', 'town.', '—', 'shocking', 'claims', 'secret', 'cure', 'surface', 'internet.']","(10000,[503,2959,3892,5850,6030,6278,6747,7281,7936,7939,8089,8173,8338],[0.691153161953081,5.523458920524919,2.5530444549552183,0.691153161953081,4.42484663185681,5.117993812416755,2.5530444549552183,0.6753425559264385,0.691153161953081,4.137164559405029,4.830311739964974,3.6516567436233283,0.691153161953081])",0.0
F206,"['food', 'subject', 'determine', 'sometimes', 'congress', 'much', 'direction.', 'production', 'though', 'main', 'wish.', 'fly', 'network', 'trouble', 'sister', 'memory', 'more.', '—', 'shocking', 'claims', 'celebrity', 'scandal', 'surface', 'internet.']","(10000,[416,503,524,812,1637,2909,3385,3486,3521,4921,5850,5869,5944,6941,7281,7734,7936,8338,8353,8653,8655,8728,9152,9547],[4.607168188650764,0.691153161953081,3.383392757028649,5.523458920524919,3.6516567436233283,4.270695952029551,4.019381523748645,2.849310271098391,4.270695952029551,2.849310271098391,0.691153161953081,4.137164559405029,4.42484663185681,4.137164559405029,0.6753425559264385,4.019381523748645,0.691153161953081,0.691153161953081,4.019381523748645,4.607168188650764,4.019381523748645,3.5085558999826545,4.270695952029551,5.523458920524919])",0.0
R036,"['none', 'happy', 'hold', 'political', 'decide.', 'time', 'soldier', 'project', 'idea', 'science.', 'run', 'billion', 'determine', 'unit.', 'experts', 'discuss', 'ongoing', 'developments', 'research.']","(10000,[258,266,2230,2389,2471,3334,3614,3935,4141,4310,4506,4687,5347,5958,7066,7734,8157,9462,9831],[4.137164559405029,4.137164559405029,4.607168188650764,3.8187108282864943,4.830311739964974,4.830311739964974,0.6832166123573445,4.019381523748645,4.42484663185681,5.117993812416755,0.691153161953081,0.6871770135734415,4.270695952029551,4.270695952029551,2.849310271098391,4.019381523748645,4.607168188650764,0.691153161953081,4.830311739964974])",1.0
F104,"['prove', 'drug', 'education', 'available', 'face', 'leave.', 'tough', 'positive', 'see', 'student.', '—', 'shocking', 'claims', 'aliens', 'surface', 'internet.']","(10000,[1,503,650,1099,1769,2475,4034,5214,5354,5447,5530,5850,7281,7860,7936,8338],[3.914021008090819,0.691153161953081,2.958509563063383,5.523458920524919,5.523458920524919,4.42484663185681,4.607168188650764,4.137164559405029,4.607168188650764,4.019381523748645,4.019381523748645,0.691153161953081,0.6753425559264385,2.8154087194227095,0.691153161953081,0.691153161953081])",0.0
F000,"['figure', 'fly', 'still', 'weight', 'fall', 'try', 'artist.', 'go', 'check', 'democrat', 'role', 'account', 'leader.', 'great', 'goal', 'question', 'stage', 'develop', 'true', 'her.', '—', 'shocking', 'claims', 'hoax', 'surface', 'internet.']","(10000,[30,503,750,1241,2947,3350,3712,3729,3901,4110,4377,4693,5089,5234,5850,5944,6451,7117,7188,7281,7748,7936,8004,8338,9187,9495],[4.42484663185681,0.691153161953081,4.270695952029551,3.3262343431887,3.914021008090819,4.019381523748645,4.270695952029551,4.42484663185681,4.42484663185681,4.270695952029551,2.60568818844064,4.137164559405029,4.42484663185681,4.270695952029551,0.691153161953081,4.42484663185681,3.914021008090819,4.42484663185681,4.137164559405029,0.6753425559264385,4.830311739964974,0.691153161953081,4.42484663185681,0.691153161953081,3.5085558999826545,5.117993812416755])",0.0
R136,"['first', 'happen', 'personal', 'another.', 'party', 'party', 'reach', 'attack.', 'experts', 'discuss', 'ongoing', 'developments', 'education.']","(10000,[1379,3614,3643,4506,4687,4704,5047,6403,7939,7963,8386,9462],[8.541391904059102,0.6832166123573445,5.117993812416755,0.691153161953081,0.6871770135734415,4.019381523748645,2.6902455764687034,3.8187108282864943,4.137164559405029,4.42484663185681,4.607168188650764,0.691153161953081])",1.0
F019,"['rock', 'collection', 'especially', 'thousand', 'body', 'career.', 'kid', 'score', 'half', 'according.', 'agency', 'maybe', 'alone', 'civil', 'result', 'apply.', '—', 'shocking', 'claims', 'immortal', 'jellyfish', 'surface', 'internet.']","(10000,[399,503,574,593,765,841,1392,1780,1927,2066,2492,3723,4818,5850,6798,7281,7936,8173,8209,8338,9118,9876,9907],[4.42484663185681,0.691153161953081,3.8187108282864943,4.270695952029551,3.914021008090819,4.607168188650764,5.117993812416755,4.137164559405029,4.270695952029551,2.7508701982851385,4.830311739964974,4.137164559405029,4.137164559405029,0.691153161953081,3.914021008090819,0.6753425559264385,0.691153161953081,3.6516567436233283,4.42484663185681,0.691153161953081,5.523458920524919,2.7508701982851385,4.830311739964974])",0.0
R012,"['message', 'yes', 'old.', 'something', 'artist', 'example', 'year', 'notice', 'picture.', 'describe', 'describe', 'yet.', 'experts', 'discuss', 'ongoing', 'developments', 'technology', 'breakthrough.']","(10000,[1020,1525,2227,2715,2812,2887,3614,3882,4506,4687,5044,7085,8899,8931,9462,9606,9826],[2.6330871626287546,3.8187108282864943,2.7200985396183848,3.5085558999826545,5.523458920524919,5.117993812416755,0.6832166123573445,4.607168188650764,0.691153161953081,0.6871770135734415,4.270695952029551,9.214336377301528,4.270695952029551,3.7316994512968646,0.691153161953081,4.42484663185681,4.42484663185681])",1.0
R052,"['wrong', 'away', 'easy', 'reason.', 'study', 'office', 'six', 'space', 'development', 'yet.', 'economy', 'tell', 'day', 'hour', 'man', 'operation.', 'experts', 'discuss', 'ongoing', 'developments', 'education.']","(10000,[217,527,760,1850,2569,2871,3614,3737,3882,4224,4506,4687,5047,5375,5401,5887,6512,8344,9133,9188,9462],[3.7316994512968646,4.137164559405029,4.019381523748645,4.019381523748645,4.019381523748645,4.607168188650764,0.6832166123573445,4.270695952029551,4.607168188650764,4.607168188650764,0.691153161953081,0.6871770135734415,2.6902455764687034,5.523458920524919,3.8187108282864943,3.8187108282864943,4.270695952029551,3.8187108282864943,4.270695952029551,4.42484663185681,0.691153161953081])",1.0
R123,"['mouth', 'attention', 'involve', 'parent', 'remember', 'work', 'drop.', 'system', 'good', 'change.', 'east', 'pm', 'body', 'bed', 'unit.', 'sign', 'government', 'field', 'notice', 'position', 'science', 'peace.', 'experts', 'discuss', 'ongoing', 'developments', 'climate', 'change.']","(10000,[821,841,1339,1525,2059,2259,2471,3144,3363,3614,3996,4506,4687,4944,5685,6168,6271,6576,6756,7026,7074,7497,8852,9462,9497,9527,9932],[2.849310271098391,4.607168188650764,4.137164559405029,3.8187108282864943,5.21137637688128,2.8154087194227095,4.830311739964974,5.523458920524919,3.8187108282864943,0.6832166123573445,4.270695952029551,0.691153161953081,0.6871770135734415,4.830311739964974,4.270695952029551,4.830311739964974,3.8187108282864943,4.270695952029551,3.914021008090819,4.137164559405029,3.577548771469606,4.42484663185681,5.117993812416755,0.691153161953081,4.019381523748645,3.8187108282864943,4.607168188650764])",1.0
F040,"['left', 'key', 'spend.', 'power', 'statement', 'accept', 'performance', 'performance.', 'cut', 'join', 'visit', 'according.', '—', 'shocking', 'claims', 'government', 'cover-up', 'surface', 'internet.']","(10000,[503,698,1206,1596,1662,2259,2657,3056,3131,4516,5850,7281,7936,8338,8952,9351,9813,9817,9907],[0.691153161953081,3.914021008090819,4.42484663185681,5.117993812416755,3.914021008090819,2.8154087194227095,3.383392757028649,4.42484663185681,3.8187108282864943,4.830311739964974,0.691153161953081,0.6753425559264385,0.691153161953081,0.691153161953081,4.270695952029551,3.914021008090819,2.997730276216664,3.6516567436233283,4.830311739964974])",0.0
R160,"['nature', 'first.', 'finally', 'machine', 'resource', 'message', 'position', 'cover', 'worry.', 'service', 'whether', 'medical', 'past', 'education.', 'experts', 'discuss', 'ongoing', 'developments', 'climate', 'change.']","(10000,[821,1339,1670,1817,2059,2252,2715,3406,3611,3614,3756,4506,4687,5047,6104,8040,8268,9231,9275,9462],[2.849310271098391,4.137164559405029,4.137164559405029,4.019381523748645,2.60568818844064,3.914021008090819,3.5085558999826545,4.019381523748645,4.607168188650764,0.6832166123573445,5.117993812416755,0.691153161953081,0.6871770135734415,2.6902455764687034,4.42484663185681,3.7316994512968646,3.6516567436233283,4.270695952029551,4.019381523748645,0.691153161953081])",1.0
F067,"['professional', 'town', 'pressure', 'like.', 'add', 'student', 'opportunity', 'yeah', 'simply', 'message', 'action.', '—', 'shocking', 'claims', 'immortal', 'jellyfish', 'surface', 'internet.']","(10000,[503,1642,2066,2155,2715,3249,3536,4715,5661,5850,6976,7281,7936,8338,9190,9213,9876,9887],[0.691153161953081,4.019381523748645,2.7508701982851385,4.270695952029551,3.5085558999826545,3.6516567436233283,4.42484663185681,3.7316994512968646,4.137164559405029,0.691153161953081,4.607168188650764,0.6753425559264385,0.691153161953081,0.691153161953081,5.117993812416755,5.117993812416755,2.7508701982851385,4.137164559405029])",0.0
R069,"['international', 'center', 'six', 'south', 'young.', 'say', 'far', 'avoid', 'role', 'so.', 'public', 'mention', 'eye', 'meet', 'east.', 'experts', 'discuss', 'ongoing', 'developments', 'research.']","(10000,[188,1167,1341,1388,1480,1770,1783,2907,3350,3614,4158,4506,4687,4816,5252,5401,5862,7066,9462,9940],[3.8187108282864943,5.117993812416755,5.117993812416755,5.117993812416755,4.137164559405029,3.0385522707369192,4.830311739964974,4.137164559405029,4.019381523748645,0.6832166123573445,4.270695952029551,0.691153161953081,0.6871770135734415,3.8187108282864943,4.607168188650764,3.8187108282864943,3.914021008090819,2.849310271098391,0.691153161953081,3.8187108282864943])",1.0
F160,"['american', 'suffer', 'theory', 'and.', 'mind', 'politics', 'safe', 'rock', 'teacher', 'bill.', '—', 'shocking', 'claims', 'mind', 'control', 'surface', 'internet.']","(10000,[503,574,1208,1468,2086,3184,3204,5850,5887,6135,7281,7642,7652,7936,8338,8708],[0.691153161953081,3.8187108282864943,2.7826188965997183,3.6516567436233283,4.830311739964974,5.630817438845419,5.523458920524919,0.691153161953081,3.8187108282864943,4.607168188650764,0.6753425559264385,4.42484663185681,4.019381523748645,0.691153161953081,0.691153161953081,4.607168188650764])",0.0
F053,"['school', 'manage', 'others', 'several.', 'throughout', 'least', 'option', 'dream', 'range', 'series', 'red.', '—', 'shocking', 'claims', 'hoax', 'surface', 'internet.']","(10000,[74,165,503,1634,2366,2679,4377,4463,5850,5948,6940,7281,7883,7936,8338,9613,9948],[5.117993812416755,4.137164559405029,0.691153161953081,4.607168188650764,4.019381523748645,3.7316994512968646,2.60568818844064,4.42484663185681,0.691153161953081,4.270695952029551,4.270695952029551,0.6753425559264385,4.42484663185681,0.691153161953081,0.691153161953081,4.607168188650764,4.830311739964974])",0.0
R074,"['future', 'television', 'professor', 'something', 'form', 'everything.', 'start', 'front', 'enough', 'full.', 'experts', 'discuss', 'ongoing', 'developments', 'education.']","(10000,[504,2543,2996,3614,4442,4506,4687,4748,5047,5621,6488,8713,8993,9462,9826],[4.137164559405029,3.4440173788450834,3.7316994512968646,0.6832166123573445,5.117993812416755,0.691153161953081,0.6871770135734415,3.914021008090819,2.6902455764687034,4.42484663185681,4.607168188650764,4.42484663185681,4.42484663185681,0.691153161953081,4.42484663185681])",1.0
R007,"['risk', 'take', 'big', 'room.', 'summer', 'guy', 'six', 'television', 'they.', 'experts', 'discuss', 'ongoing', 'developments', 'election.']","(10000,[94,855,1777,2366,3048,3556,3614,4506,4687,5401,8713,8794,9462,9481],[4.137164559405029,3.8187108282864943,5.117993812416755,4.019381523748645,4.42484663185681,2.8844015909096608,0.6832166123573445,0.691153161953081,0.6871770135734415,3.8187108282864943,4.42484663185681,4.137164559405029,0.691153161953081,4.42484663185681])",0.0
R119,"['think', 'fast', 'yard', 'environment.', 'character', 'approach', 'various', 'training', 'popular.', 'experts', 'discuss', 'ongoing', 'developments', 'climate', 'change.']","(10000,[424,821,2059,2335,3095,3614,4506,4687,4867,5089,6647,7538,7786,9263,9462],[4.137164559405029,2.849310271098391,2.60568818844064,4.019381523748645,4.42484663185681,0.6832166123573445,0.691153161953081,0.6871770135734415,4.137164559405029,4.42484663185681,4.607168188650764,4.137164559405029,5.117993812416755,3.914021008090819,0.691153161953081])",1.0
R087,"['long', 'safe', 'shoulder', 'skill', 'our.', 'ago', 'clearly', 'outside', 'middle', 'factor', 'close.', 'although', 'floor', 'source', 'entire', 'across.', 'experts', 'discuss', 'ongoing', 'developments', 'budget', 'report.']","(10000,[1896,3614,4319,4506,4687,4991,5432,5627,6756,7642,7721,7779,7937,8238,8568,8824,8904,9462,9561,9621,9878,9968],[3.4440173788450834,0.6832166123573445,3.3262343431887,0.691153161953081,0.6871770135734415,2.455405985391302,2.7200985396183848,5.117993812416755,3.914021008090819,4.42484663185681,3.8187108282864943,3.8187108282864943,5.117993812416755,4.607168188650764,4.137164559405029,5.117993812416755,4.019381523748645,0.691153161953081,4.270695952029551,4.830311739964974,4.270695952029551,3.914021008090819])",1.0
F145,"['may', 'increase', 'occur.', '—', 'shocking', 'claims', 'miracle', 'drug', 'surface', 'internet.']","(10000,[503,1256,2516,5850,7281,7860,7936,7963,8338,9160],[0.691153161953081,3.125563647726549,5.523458920524919,0.691153161953081,0.6753425559264385,2.8154087194227095,0.691153161953081,4.42484663185681,0.691153161953081,4.019381523748645])",1.0
R065,"['suddenly', 'culture', 'mother', 'born.', 'information', 'adult', 'paper', 'always', 'action', 'card', 'share.', 'near', 'old', 'budget', 'article', 'arrive', 'discuss', 'car.', 'experts', 'discuss', 'ongoing', 'developments', 'budget', 'report.']","(10000,[72,354,1702,2144,3032,3286,3614,4506,4687,4991,5432,5974,6633,7083,7391,8190,8290,8581,8645,8690,9011,9462],[4.137164559405029,4.270695952029551,4.42484663185681,4.42484663185681,4.607168188650764,5.523458920524919,1.366433224714689,0.691153161953081,0.6871770135734415,4.910811970782604,2.7200985396183848,3.5085558999826545,5.117993812416755,3.8187108282864943,4.270695952029551,4.830311739964974,5.117993812416755,4.270695952029551,3.577548771469606,4.270695952029551,4.42484663185681,0.691153161953081])",1.0
R208,"['year', 'seven', 'policy', 'firm', 'past', 'along', 'level.', 'soon', 'age', 'foreign', 'two', 'practice', 'majority.', 'experts', 'discuss', 'ongoing', 'developments', 'budget', 'report.']","(10000,[1041,2840,3614,3709,4142,4280,4506,4687,4728,4991,5432,6206,7850,8791,8894,8899,9121,9275,9462],[4.830311739964974,4.137164559405029,0.6832166123573445,4.607168188650764,4.270695952029551,4.607168188650764,0.691153161953081,0.6871770135734415,5.117993812416755,2.455405985391302,2.7200985396183848,4.137164559405029,4.42484663185681,4.42484663185681,3.914021008090819,4.270695952029551,4.607168188650764,4.019381523748645,0.691153161953081])",1.0
R048,"['apply', 'important', 'sell', 'learn.', 'yeah', 'rich', 'important', 'stay', 'stage', 'nor.', 'machine', 'people.', 'experts', 'discuss', 'ongoing', 'developments', 'budget', 'report.']","(10000,[30,433,1035,1967,3166,3249,3614,4485,4506,4687,4991,5432,6212,7312,8040,8439,9462],[4.42484663185681,4.270695952029551,5.523458920524919,8.84969326371362,5.117993812416755,3.6516567436233283,0.6832166123573445,3.914021008090819,0.691153161953081,0.6871770135734415,2.455405985391302,2.7200985396183848,4.830311739964974,4.607168188650764,3.7316994512968646,4.830311739964974,0.691153161953081])",1.0
F076,"['trip', 'wife', 'fight', 'which.', 'culture', 'start', 'quite', 'movie', 'call.', 'raise', 'team', 'wide', 'main', 'research', 'fish.', 'whatever', 'kitchen', 'political', 'federal', 'allow.', '—', 'shocking', 'claims', 'aliens', 'surface', 'internet.']","(10000,[468,503,633,650,756,1439,1637,2526,2836,2996,3021,3244,3471,3527,3935,5782,5850,6056,6315,7281,7601,7695,7936,8338,8645,9432],[4.830311739964974,0.691153161953081,4.270695952029551,2.958509563063383,4.830311739964974,3.914021008090819,3.6516567436233283,4.270695952029551,4.42484663185681,3.7316994512968646,4.42484663185681,5.117993812416755,5.117993812416755,4.607168188650764,4.019381523748645,4.270695952029551,0.691153161953081,3.7316994512968646,4.607168188650764,0.6753425559264385,5.523458920524919,4.019381523748645,0.691153161953081,0.691153161953081,3.577548771469606,3.914021008090819])",0.0
R019,"['owner', 'institution', 'short', 'professional.', 'artist', 'service', 'character', 'may', 'appear', 'lead', 'main.', 'one', 'drive', 'receive', 'hold', 'thank.', 'experts', 'discuss', 'ongoing', 'developments', 'policy.']","(10000,[798,815,1262,2252,2389,3243,3614,4506,4617,4687,4867,5356,6053,6325,6944,7691,8182,8931,9160,9462,9668],[5.117993812416755,4.607168188650764,4.42484663185681,3.914021008090819,3.8187108282864943,4.270695952029551,0.6832166123573445,0.691153161953081,3.7316994512968646,0.6871770135734415,4.137164559405029,4.830311739964974,3.383392757028649,4.42484663185681,2.8154087194227095,5.523458920524919,4.137164559405029,3.7316994512968646,4.019381523748645,0.691153161953081,4.830311739964974])",1.0
F115,"['three', 'paper', 'defense', 'sometimes', 'skill.', 'life', 'indicate', 'animal', 'whatever', 'thus', 'candidate.', 'visit', 'step', 'wear', 'oil', 'fast', 'situation', 'teach.', '—', 'shocking', 'claims', 'immortal', 'jellyfish', 'surface', 'internet.']","(10000,[503,547,698,1558,2066,3136,3477,3543,5459,5684,5850,5869,5925,6035,6241,6485,6581,7281,7360,7695,7936,8338,8690,9263,9876],[0.691153161953081,5.523458920524919,3.914021008090819,4.42484663185681,2.7508701982851385,4.42484663185681,4.607168188650764,4.019381523748645,5.523458920524919,4.830311739964974,0.691153161953081,4.137164559405029,4.137164559405029,4.019381523748645,5.523458920524919,4.019381523748645,4.137164559405029,0.6753425559264385,4.137164559405029,4.019381523748645,0.691153161953081,0.691153161953081,4.270695952029551,3.914021008090819,2.7508701982851385])",0.0
R031,"['learn', 'defense', 'thousand', 'blood', 'red.', 'want', 'mention', 'though', 'new', 'investment.', 'experts', 'discuss', 'ongoing', 'developments', 'education.']","(10000,[585,1734,2359,2907,3385,3543,3614,4506,4687,5047,5967,6798,7712,9462,9948],[4.019381523748645,5.117993812416755,4.607168188650764,4.137164559405029,4.019381523748645,4.019381523748645,0.6832166123573445,0.691153161953081,0.6871770135734415,2.6902455764687034,3.7316994512968646,3.914021008090819,4.830311739964974,0.691153161953081,4.830311739964974])",1.0
R190,"['discussion', 'heavy', 'big', 'realize', 'experience', 'from.', 'run', 'grow', 'development', 'court.', 'natural', 'crime', 'produce', 'past', 'hear', 'detail', 'hold.', 'experts', 'discuss', 'ongoing', 'developments', 'research.']","(10000,[23,266,481,731,1143,1582,1648,2404,2871,3048,3495,3614,3635,4506,4687,4842,4988,5315,7066,8949,9275,9462],[4.830311739964974,4.137164559405029,5.117993812416755,4.137164559405029,3.914021008090819,4.270695952029551,4.270695952029551,4.137164559405029,4.607168188650764,4.42484663185681,5.117993812416755,0.6832166123573445,4.270695952029551,0.691153161953081,0.6871770135734415,4.42484663185681,4.607168188650764,4.137164559405029,2.849310271098391,4.019381523748645,4.019381523748645,0.691153161953081])",1.0
F057,"['tonight', 'describe', 'month.', 'quite', 'near', 'success.', 'choose', 'star', 'go', 'manager', 'write', 'marriage.', 'law', 'key', 'direction', 'quickly', 'shake.', '—', 'shocking', 'claims', 'mind', 'control', 'surface', 'internet.']","(10000,[503,1208,1344,1481,1652,3131,3184,3389,3391,3979,5170,5445,5850,5974,6056,6176,6451,7085,7281,7936,8280,8338,8554,9706],[0.691153161953081,2.7826188965997183,5.117993812416755,5.117993812416755,3.8187108282864943,3.8187108282864943,2.8154087194227095,3.7316994512968646,4.019381523748645,4.270695952029551,4.42484663185681,4.607168188650764,0.691153161953081,3.5085558999826545,3.7316994512968646,4.830311739964974,3.914021008090819,4.607168188650764,0.6753425559264385,0.691153161953081,4.607168188650764,0.691153161953081,3.914021008090819,3.914021008090819])",0.0
F158,"['save', 'discover', 'check', 'right.', 'response', 'movement', 'consider', 'try', 'recent', 'military', 'rock.', 'prepare', 'general', 'enough', 'throw', 'heavy.', '—', 'shocking', 'claims', 'immortal', 'jellyfish', 'surface', 'internet.']","(10000,[312,503,1411,2066,2286,2445,2660,3901,4170,4520,4693,4748,5294,5465,5591,5850,5877,7281,7936,8325,8338,9296,9876],[4.42484663185681,0.691153161953081,5.117993812416755,2.7508701982851385,4.019381523748645,4.137164559405029,5.117993812416755,4.42484663185681,4.270695952029551,4.607168188650764,4.137164559405029,3.914021008090819,4.42484663185681,3.6516567436233283,4.019381523748645,0.691153161953081,5.117993812416755,0.6753425559264385,0.691153161953081,3.8187108282864943,0.691153161953081,4.270695952029551,2.7508701982851385])",0.0
F234,"['church', 'network', 'late', 'city', 'party', 'during.', 'ok', 'add', 'simply', 'read', 'commercial', 'for.', '—', 'shocking', 'claims', 'flat', 'earth', 'surface', 'internet.']","(10000,[503,1273,1379,1642,2645,2918,3079,4241,5495,5850,6443,7098,7281,7650,7936,8338,9152,9676,9887],[0.691153161953081,4.137164559405029,4.270695952029551,4.019381523748645,4.42484663185681,3.0385522707369192,4.019381523748645,5.117993812416755,3.914021008090819,0.691153161953081,3.8187108282864943,4.607168188650764,0.6753425559264385,3.8187108282864943,0.691153161953081,0.691153161953081,4.270695952029551,3.0385522707369192,4.137164559405029])",0.0
F155,"['ask', 'back', 'many', 'enjoy', 'cold', 'car', 'stock.', 'center', 'impact', 'rather', 'choice', 'traditional', 'crime', 'south.', 'industry', 'station', 'season', 'role', 'movie.', '—', 'shocking', 'claims', 'flat', 'earth', 'surface', 'internet.']","(10000,[503,731,1480,1805,1972,2358,2837,2918,3010,3350,3507,3674,3920,4486,4640,4644,4715,5188,5850,6053,7281,7936,8338,8415,8430,9676],[0.691153161953081,4.137164559405029,4.137164559405029,4.607168188650764,3.914021008090819,4.270695952029551,3.914021008090819,3.0385522707369192,4.019381523748645,4.019381523748645,4.42484663185681,4.270695952029551,4.607168188650764,5.117993812416755,4.42484663185681,5.523458920524919,3.7316994512968646,4.019381523748645,0.691153161953081,3.383392757028649,0.6753425559264385,0.691153161953081,0.691153161953081,4.137164559405029,4.270695952029551,3.0385522707369192])",0.0
F106,"['cultural', 'able', 'join', 'dinner', 'hot.', 'participant', 'play', 'woman', 'happen', 'tough', 'recent.', 'ahead', 'early', 'sound', 'meet', 'truth.', '—', 'shocking', 'claims', 'flat', 'earth', 'surface', 'internet.']","(10000,[503,2173,2240,2918,3496,4092,4498,4563,4704,5396,5447,5850,6166,6373,7117,7281,7936,8268,8338,8952,9233,9676,9940],[0.691153161953081,5.523458920524919,3.8187108282864943,3.0385522707369192,4.137164559405029,3.8187108282864943,5.117993812416755,4.019381523748645,4.019381523748645,4.607168188650764,4.019381523748645,0.691153161953081,4.42484663185681,5.523458920524919,4.42484663185681,0.6753425559264385,0.691153161953081,3.6516567436233283,0.691153161953081,4.270695952029551,4.137164559405029,3.0385522707369192,3.8187108282864943])",0.0
R051,"['sometimes', 'different', 'exactly', 'ready', 'sea.', 'mrs', 'read', 'item', 'listen', 'reveal', 'month.', 'experts', 'discuss', 'ongoing', 'developments', 'policy.']","(10000,[429,1481,1507,1916,2096,3614,4506,4687,5268,5869,6557,6683,6944,7650,9462,9751],[4.019381523748645,5.117993812416755,4.270695952029551,4.270695952029551,4.270695952029551,0.6832166123573445,0.691153161953081,0.6871770135734415,4.830311739964974,4.137164559405029,4.270695952029551,4.270695952029551,2.8154087194227095,3.8187108282864943,0.691153161953081,3.914021008090819])",1.0
R203,"['top', 'detail', 'situation', 'read', 'marriage', 'cause', 'natural.', 'window', 'current', 'else', 'may', 'capital', 'cover.', 'born', 'general', 'interesting', 'summer.', 'experts', 'discuss', 'ongoing', 'developments', 'education.']","(10000,[316,1143,2191,2403,3136,3614,3634,4237,4506,4687,5034,5047,5328,5465,6229,6541,7650,8867,9160,9189,9462,9545],[4.270695952029551,3.914021008090819,4.42484663185681,4.42484663185681,4.42484663185681,0.6832166123573445,4.607168188650764,4.830311739964974,0.691153161953081,0.6871770135734415,4.42484663185681,2.6902455764687034,3.8187108282864943,3.6516567436233283,3.914021008090819,4.607168188650764,3.8187108282864943,4.830311739964974,4.019381523748645,4.42484663185681,0.691153161953081,4.607168188650764])",1.0
F063,"['second', 'technology', 'one', 'small', 'summer', 'large', 'how.', 'maybe', 'fear', 'conference', 'use', 'effect', 'recent', 'network.', '—', 'shocking', 'claims', 'secret', 'cure', 'surface', 'internet.']","(10000,[222,503,815,1020,3892,4818,5133,5591,5657,5850,6021,6324,6747,7022,7281,7515,7936,8338,9256,9481,9513],[4.42484663185681,0.691153161953081,4.607168188650764,2.6330871626287546,2.5530444549552183,4.137164559405029,4.607168188650764,4.019381523748645,4.270695952029551,0.691153161953081,4.42484663185681,4.270695952029551,2.5530444549552183,3.6516567436233283,0.6753425559264385,5.117993812416755,0.691153161953081,0.691153161953081,4.607168188650764,4.42484663185681,4.137164559405029])",0.0
R080,"['onto', 'research.', 'church', 'might', 'always', 'rate', 'whether', 'actually.', 'experts', 'discuss', 'ongoing', 'developments', 'policy.']","(10000,[253,1273,3406,3614,3888,3924,4319,4506,4687,6944,7066,9011,9462],[4.607168188650764,4.137164559405029,4.019381523748645,0.6832166123573445,4.607168188650764,4.137164559405029,3.3262343431887,0.691153161953081,0.6871770135734415,2.8154087194227095,2.849310271098391,4.42484663185681,0.691153161953081])",1.0
R226,"['discuss', 'remember', 'read', 'plant', 'current.', 'low', 'agency', 'instead', 'loss', 'firm', 'key.', 'experts', 'discuss', 'ongoing', 'developments', 'public', 'health.']","(10000,[765,1770,3614,4506,4527,4657,4687,5329,5685,6000,6219,7244,7650,8411,8894,9462],[3.914021008090819,3.0385522707369192,1.366433224714689,0.691153161953081,4.270695952029551,5.117993812416755,0.6871770135734415,3.8187108282864943,4.270695952029551,4.270695952029551,3.0811118851557153,3.577548771469606,3.8187108282864943,3.914021008090819,3.914021008090819,0.691153161953081])",1.0
F144,"['either', 'character', 'provide', 'mission', 'carry', 'we.', 'travel', 'ever', 'section', 'culture.', '—', 'shocking', 'claims', 'hoax', 'surface', 'internet.']","(10000,[454,503,2412,4377,4867,5594,5703,5850,5946,6069,6968,7281,7936,8338,8681,9126],[3.5085558999826545,0.691153161953081,4.830311739964974,2.60568818844064,4.137164559405029,4.137164559405029,4.830311739964974,0.691153161953081,3.8187108282864943,4.137164559405029,4.42484663185681,0.6753425559264385,0.691153161953081,0.691153161953081,4.270695952029551,3.7316994512968646])",0.0
F241,"['key', 'certain', 'star', 'population', 'tonight', 'official', 'effect.', 'bill', 'man', 'bag', 'discussion', 'surface', 'everything', 'stand.', 'either', 'us', 'many', 'sister.', '—', 'shocking', 'claims', 'flat', 'earth', 'surface', 'internet.']","(10000,[415,503,1890,2569,2664,2918,3131,3389,5170,5188,5315,5850,6090,6660,7281,7936,8135,8338,8485,9126,9156,9258,9288,9676],[4.019381523748645,0.691153161953081,4.830311739964974,4.019381523748645,3.8187108282864943,3.0385522707369192,3.8187108282864943,3.7316994512968646,4.42484663185681,4.019381523748645,4.137164559405029,0.691153161953081,5.117993812416755,4.137164559405029,1.350685111852877,0.691153161953081,4.270695952029551,0.691153161953081,4.830311739964974,3.7316994512968646,3.914021008090819,4.607168188650764,4.607168188650764,3.0385522707369192])",0.0
R150,"['develop', 'build', 'matter', 'really', 'message', 'role', 'a.', 'present', 'money', 'peace', 'color', 'skin', 'family.', 'learn', 'training', 'everybody', 'wonder', 'yet', 'business', 'question.', 'experts', 'discuss', 'ongoing', 'developments', 'election.']","(10000,[1241,2402,2561,2715,3014,3350,3479,3556,3614,4037,4112,4506,4687,4723,5374,5833,5967,6103,6697,7538,8033,8130,8389,9462,9832],[3.3262343431887,4.137164559405029,4.42484663185681,3.5085558999826545,4.137164559405029,4.019381523748645,5.117993812416755,2.8844015909096608,0.6832166123573445,4.607168188650764,4.42484663185681,0.691153161953081,0.6871770135734415,4.137164559405029,3.8187108282864943,4.019381523748645,3.7316994512968646,4.607168188650764,3.8187108282864943,4.137164559405029,5.523458920524919,4.830311739964974,4.607168188650764,0.691153161953081,3.914021008090819])",1.0
R153,"['one', 'radio', 'help', 'environment', 'suggest', 'score', 'social.', 'experts', 'discuss', 'ongoing', 'developments', 'research.']","(10000,[815,1927,2407,3614,4506,4687,4847,7066,7816,9086,9347,9462],[4.607168188650764,4.270695952029551,4.137164559405029,0.6832166123573445,0.691153161953081,0.6871770135734415,3.914021008090819,2.849310271098391,4.42484663185681,4.830311739964974,4.607168188650764,0.691153161953081])",1.0
F175,"['charge', 'responsibility', 'town.', '—', 'shocking', 'claims', 'hoax', 'surface', 'internet.']","(10000,[503,3502,4377,5850,6278,6812,7281,7936,8338],[0.691153161953081,3.914021008090819,2.60568818844064,0.691153161953081,5.117993812416755,3.914021008090819,0.6753425559264385,0.691153161953081,0.691153161953081])",0.0
F161,"['onto', 'poor', 'upon', 'thousand', 'simple.', 'gas', 'administration', 'agreement', 'home.', 'week', 'try', 'relate', 'less.', '—', 'shocking', 'claims', 'immortal', 'jellyfish', 'surface', 'internet.']","(10000,[359,503,988,2066,4319,4693,4805,5122,5185,5607,5850,5861,6735,6798,7281,7936,8103,8338,8413,9876],[5.523458920524919,0.691153161953081,4.019381523748645,2.7508701982851385,3.3262343431887,4.137164559405029,5.117993812416755,4.137164559405029,4.42484663185681,4.270695952029551,0.691153161953081,4.42484663185681,4.137164559405029,3.914021008090819,0.6753425559264385,0.691153161953081,4.019381523748645,0.691153161953081,3.2721671219184243,2.7508701982851385])",0.0
F147,"['bank', 'race', 'site.', 'side', 'either', 'individual', 'quickly', 'dream', 'actually.', '—', 'shocking', 'claims', 'secret', 'cure', 'surface', 'internet.']","(10000,[454,503,2366,3391,3888,3892,4648,5850,6747,7281,7936,8338,8614,8982,9126,9781],[3.5085558999826545,0.691153161953081,4.019381523748645,4.019381523748645,4.607168188650764,2.5530444549552183,5.523458920524919,0.691153161953081,2.5530444549552183,0.6753425559264385,0.691153161953081,0.691153161953081,4.137164559405029,4.270695952029551,3.7316994512968646,4.42484663185681])",0.0
F018,"['seek', 'successful', 'role', 'west.', 'age', 'ask', 'culture', 'say', 'democrat.', 'adult', 'anything', 'choice', 'provide', 'cause', 'news', 'according.', '—', 'shocking', 'claims', 'secret', 'cure', 'surface', 'internet.']","(10000,[72,171,316,503,2114,2433,3350,3507,3892,5659,5850,5862,5946,5987,6053,6747,7281,7936,8338,8645,8791,9907,9924],[4.137164559405029,4.607168188650764,4.270695952029551,0.691153161953081,3.8187108282864943,5.117993812416755,4.019381523748645,4.42484663185681,2.5530444549552183,4.019381523748645,0.691153161953081,3.914021008090819,3.8187108282864943,4.830311739964974,3.383392757028649,2.5530444549552183,0.6753425559264385,0.691153161953081,0.691153161953081,3.577548771469606,4.42484663185681,4.830311739964974,4.830311739964974])",0.0
F211,"['movie', 'piece', 'tough', 'provide', 'outside', 'close', 'small.', 'president', 'gun', 'wait', 'report', 'task', 'generation.', 'hotel', 'law', 'many', 'marriage', 'science', 'live', 'worry', 'dinner.', '—', 'shocking', 'claims', 'celebrity', 'scandal', 'surface', 'internet.']","(10000,[493,503,1306,1439,2663,3133,3214,3363,3445,3486,3497,3979,4695,4921,5188,5447,5477,5850,5946,6229,6505,7281,7936,8313,8338,8343,8451,8568],[4.830311739964974,0.691153161953081,4.42484663185681,3.914021008090819,4.607168188650764,4.607168188650764,5.117993812416755,3.8187108282864943,5.117993812416755,2.849310271098391,4.019381523748645,4.270695952029551,4.830311739964974,2.849310271098391,4.019381523748645,4.019381523748645,4.42484663185681,0.691153161953081,3.8187108282864943,3.914021008090819,4.270695952029551,0.6753425559264385,0.691153161953081,4.42484663185681,0.691153161953081,4.270695952029551,4.270695952029551,4.137164559405029])",0.0
R117,"['first', 'center', 'trial', 'rather', 'rest.', 'result', 'another', 'black', 'question', 'assume', 'word', 'perform.', 'experts', 'discuss', 'ongoing', 'developments', 'research.']","(10000,[399,1480,1948,2664,2837,2947,2989,3410,3519,3614,4506,4687,6403,7066,8166,9462,9513],[4.42484663185681,4.137164559405029,3.6516567436233283,3.8187108282864943,3.914021008090819,3.914021008090819,4.830311739964974,4.137164559405029,3.8187108282864943,0.6832166123573445,0.691153161953081,0.6871770135734415,3.8187108282864943,2.849310271098391,4.42484663185681,0.691153161953081,4.137164559405029])",1.0
F016,"['artist', 'loss', 'win', 'republican', 'along', 'nature.', 'follow', 'travel', 'fall.', 'throw', 'past', 'authority', 'matter', 'fish.', '—', 'shocking', 'claims', 'aliens', 'surface', 'internet.']","(10000,[503,650,1176,2398,2402,2840,3471,3488,4616,5329,5850,7281,7936,8325,8338,8346,8681,8931,9275,9367],[0.691153161953081,2.958509563063383,3.8187108282864943,4.137164559405029,4.137164559405029,4.137164559405029,5.117993812416755,5.523458920524919,4.607168188650764,3.8187108282864943,0.691153161953081,0.6753425559264385,0.691153161953081,3.8187108282864943,0.691153161953081,4.830311739964974,4.270695952029551,3.7316994512968646,4.019381523748645,4.137164559405029])",0.0
F029,"['right', 'thing', 'everything', 'single', 'goal', 'give.', 'ability', 'require', 'animal', 'ago.', '—', 'shocking', 'claims', 'flat', 'earth', 'surface', 'internet.']","(10000,[503,1790,2918,3681,3857,5089,5850,7281,7360,7889,7936,7939,8338,8449,8759,9156,9676],[0.691153161953081,4.42484663185681,3.0385522707369192,4.42484663185681,3.914021008090819,4.42484663185681,0.691153161953081,0.6753425559264385,4.137164559405029,4.42484663185681,0.691153161953081,4.137164559405029,0.691153161953081,4.019381523748645,5.117993812416755,3.914021008090819,3.0385522707369192])",0.0
F205,"['health', 'across', 'trouble', 'natural', 'soldier.', 'democrat', 'couple', 'mention', 'defense', 'simple', 'another', 'plan.', 'probably', 'history', 'head', 'feeling', 'smile.', 'career', 'hot', 'statement', 'west.', '—', 'shocking', 'claims', 'celebrity', 'scandal', 'surface', 'internet.']","(10000,[503,613,939,1064,2297,2907,2909,2913,3486,3543,4827,4921,4930,4988,5234,5850,5987,6543,7074,7281,7702,7936,8166,8338,8805,9087,9693,9817],[0.691153161953081,4.137164559405029,4.42484663185681,3.7316994512968646,4.270695952029551,4.137164559405029,4.270695952029551,3.914021008090819,2.849310271098391,4.019381523748645,5.117993812416755,2.849310271098391,3.8187108282864943,4.607168188650764,4.270695952029551,0.691153161953081,4.830311739964974,4.137164559405029,3.577548771469606,0.6753425559264385,4.270695952029551,0.691153161953081,4.42484663185681,0.691153161953081,4.019381523748645,5.523458920524919,4.270695952029551,3.6516567436233283])",0.0
R112,"['tough', 'wish', 'population', 'line.', 'nice', 'partner', 'dream', 'usually', 'for.', 'voice', 'voice', 'democratic', 'fill.', 'experts', 'discuss', 'ongoing', 'developments', 'economic', 'growth.']","(10000,[116,453,495,2115,2366,2990,3370,3530,3614,4241,4506,4687,5447,5606,9034,9144,9258,9462],[3.4440173788450834,3.914021008090819,4.42484663185681,5.117993812416755,4.019381523748645,4.607168188650764,3.7316994512968646,8.84969326371362,0.6832166123573445,5.117993812416755,0.691153161953081,0.6871770135734415,4.019381523748645,4.42484663185681,2.8154087194227095,2.661258039595451,4.607168188650764,0.691153161953081])",1.0
F218,"['activity', 'thank', 'pressure', 'develop', 'police', 'article', 'record', 'century.', 'subject', 'information', 'him.', 'property', 'close', 'people', 'nice', 'write', 'board', 'a.', '—', 'shocking', 'claims', 'government', 'cover-up', 'surface', 'internet.']","(10000,[503,1241,1687,1702,2259,2733,2788,3351,3370,3497,3876,4263,4347,5445,5661,5850,7281,7454,7936,8110,8190,8338,8389,8655,9813],[0.691153161953081,3.3262343431887,4.42484663185681,4.42484663185681,2.8154087194227095,4.270695952029551,5.523458920524919,5.523458920524919,3.7316994512968646,4.019381523748645,4.607168188650764,3.7316994512968646,4.019381523748645,4.607168188650764,4.137164559405029,0.691153161953081,0.6753425559264385,3.914021008090819,0.691153161953081,4.830311739964974,4.830311739964974,0.691153161953081,4.607168188650764,4.019381523748645,2.997730276216664])",0.0
R187,"['worry', 'safe', 'political', 'agree', 'big', 'close.', 'today', 'benefit', 'listen', 'yeah', 'certainly', 'half', 'kitchen.', 'several', 'back.', 'experts', 'discuss', 'ongoing', 'developments', 'education.']","(10000,[429,673,1780,1951,2110,3048,3249,3614,3935,4506,4687,5047,5653,6925,7642,7937,8343,9227,9462,9806],[4.019381523748645,4.019381523748645,4.137164559405029,5.523458920524919,4.830311739964974,4.42484663185681,3.6516567436233283,0.6832166123573445,4.019381523748645,0.691153161953081,0.6871770135734415,2.6902455764687034,4.830311739964974,4.137164559405029,4.42484663185681,5.117993812416755,4.270695952029551,4.270695952029551,0.691153161953081,4.42484663185681])",1.0
F087,"['officer', 'charge', 'manager', 'maintain', 'control', 'behind', 'politics', 'peace.', 'per', 'network', 'much', 'kid', 'cup.', 'within', 'necessary', 'serve', 'serve', 'black.', '—', 'shocking', 'claims', 'celebrity', 'scandal', 'surface', 'internet.']","(10000,[298,503,524,696,1208,1652,1725,2611,3486,3723,4346,4921,4944,5247,5850,5887,6812,7281,7936,7979,8338,9152,9300,9817],[4.137164559405029,0.691153161953081,3.383392757028649,3.914021008090819,2.7826188965997183,3.8187108282864943,8.03876304749729,4.830311739964974,2.849310271098391,4.137164559405029,4.137164559405029,2.849310271098391,4.830311739964974,4.42484663185681,0.691153161953081,3.8187108282864943,3.914021008090819,0.6753425559264385,0.691153161953081,4.270695952029551,0.691153161953081,4.270695952029551,4.830311739964974,3.6516567436233283])",0.0
R171,"['involve', 'change', 'develop', 'spend', 'ago', 'various', 'seat.', 'opportunity', 'color', 'lot', 'single', 'record', 'staff', 'president.', 'experts', 'discuss', 'ongoing', 'developments', 'education.']","(10000,[353,387,1241,1268,1896,3614,4347,4506,4687,4943,5047,5374,6224,6271,6647,6976,7889,9462,9832],[4.270695952029551,4.42484663185681,3.3262343431887,5.523458920524919,3.4440173788450834,0.6832166123573445,4.019381523748645,0.691153161953081,0.6871770135734415,4.137164559405029,2.6902455764687034,3.8187108282864943,3.577548771469606,3.8187108282864943,4.607168188650764,4.607168188650764,4.42484663185681,0.691153161953081,3.914021008090819])",1.0
R113,"['price', 'tree', 'loss.', 'artist', 'outside', 'without', 'shake.', 'environment', 'anything', 'dark', 'discover', 'western', 'glass', 'day', 'american.', 'experts', 'discuss', 'ongoing', 'developments', 'technology', 'breakthrough.']","(10000,[524,690,697,1020,1738,2114,2227,2407,3614,4043,4170,4506,4687,5511,5871,6176,6932,8568,8931,9133,9462],[3.383392757028649,5.117993812416755,4.42484663185681,2.6330871626287546,3.914021008090819,3.8187108282864943,2.7200985396183848,4.137164559405029,0.6832166123573445,3.8187108282864943,4.270695952029551,0.691153161953081,0.6871770135734415,5.117993812416755,4.42484663185681,4.830311739964974,3.7316994512968646,4.137164559405029,3.7316994512968646,4.270695952029551,0.691153161953081])",1.0
R222,"['fire', 'hotel', 'staff', 'owner.', 'account', 'cover', 'significant', 'money.', 'scene', 'threat', 'test', 'page', 'report', 'seem', 'star.', 'experts', 'discuss', 'ongoing', 'developments', 'public', 'health.']","(10000,[25,1770,2588,2634,2663,2827,3614,4506,4687,5191,5844,6097,6104,6219,6224,6505,6586,8070,8552,9187,9462],[5.117993812416755,3.0385522707369192,4.019381523748645,4.019381523748645,4.607168188650764,4.270695952029551,0.6832166123573445,0.691153161953081,0.6871770135734415,4.270695952029551,5.117993812416755,5.523458920524919,4.42484663185681,3.0811118851557153,3.577548771469606,4.270695952029551,4.137164559405029,4.42484663185681,4.607168188650764,3.5085558999826545,0.691153161953081])",1.0
F233,"['wind', 'authority', 'health', 'ball', 'imagine.', '—', 'shocking', 'claims', 'secret', 'cure', 'surface', 'internet.']","(10000,[503,1176,2558,3892,5850,6747,7281,7492,7936,8338,8805,9026],[0.691153161953081,3.8187108282864943,4.270695952029551,2.5530444549552183,0.691153161953081,2.5530444549552183,0.6753425559264385,4.42484663185681,0.691153161953081,0.691153161953081,4.019381523748645,5.523458920524919])",0.0
R223,"['plant', 'structure', 'issue', 'majority', 'bill', 'name.', 'key', 'fill', 'view', 'painting', 'soon.', 'reason', 'however', 'politics', 'per', 'town', 'scene.', 'experts', 'discuss', 'ongoing', 'developments', 'climate', 'change.']","(10000,[298,821,911,1034,2059,2944,2996,3131,3614,4506,4687,4715,5635,5887,6616,7244,7293,8135,8919,9244,9372,9462,9727],[4.137164559405029,2.849310271098391,4.270695952029551,5.117993812416755,2.60568818844064,5.117993812416755,3.7316994512968646,3.8187108282864943,0.6832166123573445,0.691153161953081,0.6871770135734415,3.7316994512968646,5.523458920524919,3.8187108282864943,4.270695952029551,3.577548771469606,5.523458920524919,4.270695952029551,4.830311739964974,4.270695952029551,4.607168188650764,0.691153161953081,4.270695952029551])",1.0
F224,"['cell', 'compare.', 'everything', 'may', 'generation', 'mission', 'action.', 'film', 'air', 'expect', 'see.', '—', 'shocking', 'claims', 'secret', 'cure', 'surface', 'internet.']","(10000,[88,503,3210,3691,3892,4570,5003,5850,6069,6747,6963,6975,7281,7936,8338,9156,9160,9213],[4.137164559405029,0.691153161953081,4.270695952029551,4.42484663185681,2.5530444549552183,5.523458920524919,4.607168188650764,0.691153161953081,4.137164559405029,2.5530444549552183,4.270695952029551,5.117993812416755,0.6753425559264385,0.691153161953081,0.691153161953081,3.914021008090819,4.019381523748645,5.117993812416755])",0.0
R181,"['mind', 'develop', 'city', 'billion.', 'radio', 'nice', 'result', 'form', 'price', 'time.', 'southern', 'daughter', 'enter', 'right', 'ok', 'effort', 'relate', 'young.', 'experts', 'discuss', 'ongoing', 'developments', 'climate', 'change.']","(10000,[399,629,821,988,1241,1738,1790,2059,2645,3184,3370,3614,3743,4506,4687,5252,5276,5495,5621,5726,7435,7623,9086,9462],[4.42484663185681,4.830311739964974,2.849310271098391,4.019381523748645,3.3262343431887,3.914021008090819,4.42484663185681,2.60568818844064,4.42484663185681,2.8154087194227095,3.7316994512968646,0.6832166123573445,4.607168188650764,0.691153161953081,0.6871770135734415,4.607168188650764,5.117993812416755,3.914021008090819,4.42484663185681,4.42484663185681,4.137164559405029,4.270695952029551,4.830311739964974,0.691153161953081])",1.0
R056,"['night', 'others', 'push', 'ask.', 'wall', 'call', 'thing', 'plant', 'already', 'morning.', 'court', 'large', 'become', 'education', 'fine', 'daughter', 'accept.', 'experts', 'discuss', 'ongoing', 'developments', 'public', 'health.']","(10000,[594,1352,1770,2609,3614,3857,4115,4506,4568,4687,5146,5530,5978,6219,6404,6431,6869,6940,7022,7090,7244,7623,9462],[4.270695952029551,5.117993812416755,3.0385522707369192,5.523458920524919,0.6832166123573445,3.914021008090819,5.117993812416755,0.691153161953081,4.270695952029551,0.6871770135734415,4.270695952029551,4.019381523748645,4.607168188650764,3.0811118851557153,3.8187108282864943,4.42484663185681,4.830311739964974,4.270695952029551,3.6516567436233283,4.607168188650764,3.577548771469606,4.270695952029551,0.691153161953081])",1.0
R110,"['finally', 'site', 'hold', 'budget', 'collection.', 'lose', 'job', 'garden', 'group', 'current', 'near', 'class.', 'candidate', 'national', 'final', 'old', 'send', 'indicate.', 'experts', 'discuss', 'ongoing', 'developments', 'education.']","(10000,[557,1653,1817,2389,3614,3652,4358,4422,4506,4528,4687,4991,5047,5241,5523,5891,5936,5974,7083,7766,7910,9189,9462],[4.019381523748645,4.019381523748645,4.019381523748645,3.8187108282864943,0.6832166123573445,4.137164559405029,4.270695952029551,4.137164559405029,0.691153161953081,5.523458920524919,0.6871770135734415,2.455405985391302,2.6902455764687034,5.523458920524919,4.270695952029551,4.019381523748645,5.117993812416755,3.5085558999826545,3.8187108282864943,4.019381523748645,4.137164559405029,4.42484663185681,0.691153161953081])",1.0
R219,"['continue', 'edge', 'wind', 'exactly', 'law.', 'large', 'box', 'law', 'green', 'dinner', 'effort', 'road', 'join.', 'sing', 'thus', 'area', 'area', 'know.', 'experts', 'discuss', 'ongoing', 'developments', 'education.']","(10000,[551,743,843,2096,2240,2558,3614,3921,3979,4506,4687,5047,5649,5684,5725,5726,6451,7022,7922,8538,9462,9994],[4.42484663185681,4.607168188650764,5.523458920524919,4.270695952029551,3.8187108282864943,4.270695952029551,0.6832166123573445,5.523458920524919,4.270695952029551,0.691153161953081,0.6871770135734415,2.6902455764687034,9.214336377301528,4.830311739964974,4.42484663185681,4.42484663185681,3.914021008090819,3.6516567436233283,4.42484663185681,4.830311739964974,0.691153161953081,4.42484663185681])",1.0
R224,"['successful', 'discussion', 'three.', 'read', 'bit', 'represent', 'class', 'crime', 'service', 'well', 'trip.', 'experts', 'discuss', 'ongoing', 'developments', 'education.']","(10000,[157,731,1989,2252,3614,4007,4506,4687,5047,5315,5659,6710,6865,7650,8717,9462],[3.914021008090819,4.137164559405029,4.830311739964974,3.914021008090819,0.6832166123573445,4.830311739964974,0.691153161953081,0.6871770135734415,2.6902455764687034,4.137164559405029,4.019381523748645,4.830311739964974,4.830311739964974,3.8187108282864943,3.6516567436233283,0.691153161953081])",1.0
F178,"['water', 'woman', 'four', 'nor.', 'expect', 'travel', 'its.', 'list', 'peace', 'others', 'end.', '—', 'shocking', 'claims', 'immortal', 'jellyfish', 'surface', 'internet.']","(10000,[503,1243,2066,2589,3691,4563,4959,5850,6697,6940,7015,7281,7936,8338,8439,8681,8728,9876],[0.691153161953081,4.42484663185681,2.7508701982851385,4.019381523748645,4.42484663185681,4.019381523748645,5.117993812416755,0.691153161953081,3.8187108282864943,4.270695952029551,5.117993812416755,0.6753425559264385,0.691153161953081,0.691153161953081,4.830311739964974,4.270695952029551,3.5085558999826545,2.7508701982851385])",0.0
F074,"['expert', 'left', 'full', 'employee', 'soldier.', 'customer', 'sport', 'likely', 'close', 'drug', 'morning', 'fight.', '—', 'shocking', 'claims', 'secret', 'cure', 'surface', 'internet.']","(10000,[309,503,914,939,1413,1662,3160,3497,3892,4687,5850,6548,6747,7281,7860,7936,8278,8338,8897],[4.42484663185681,0.691153161953081,4.137164559405029,4.42484663185681,4.137164559405029,3.914021008090819,4.830311739964974,4.019381523748645,2.5530444549552183,0.6871770135734415,0.691153161953081,4.607168188650764,2.5530444549552183,0.6753425559264385,2.8154087194227095,0.691153161953081,4.270695952029551,0.691153161953081,4.137164559405029])",0.0
R034,"['heavy', 'star', 'ability', 'seat', 'audience', 'although', 'onto.', 'executive', 'manager', 'teacher.', 'water', 'visit', 'run', 'magazine', 'major', 'ever', 'type.', 'experts', 'discuss', 'ongoing', 'developments', 'budget', 'report.']","(10000,[47,266,698,1058,1312,1652,2589,3614,3681,4506,4687,4991,5170,5432,5500,5594,5683,7779,8413,8949,9462,9700,9966],[5.117993812416755,4.137164559405029,3.914021008090819,4.019381523748645,4.607168188650764,3.8187108282864943,4.019381523748645,0.6832166123573445,4.42484663185681,0.691153161953081,0.6871770135734415,2.455405985391302,4.42484663185681,2.7200985396183848,5.523458920524919,4.137164559405029,5.523458920524919,3.8187108282864943,3.2721671219184243,4.019381523748645,0.691153161953081,4.830311739964974,4.270695952029551])",1.0
R095,"['evidence', 'administration', 'everybody', 'country', 'politics', 'quite', 'type.', 'issue', 'color', 'company', 'sister', 'that.', 'station', 'hour', 'figure', 'others', 'upon', 'whether', 'everything.', 'experts', 'discuss', 'ongoing', 'developments', 'policy.']","(10000,[527,942,2054,2561,3406,3521,3614,4110,4442,4506,4687,5185,5887,6056,6508,6616,6735,6940,6944,7870,8415,9462,9700,9832],[4.137164559405029,4.270695952029551,3.577548771469606,4.42484663185681,4.019381523748645,4.270695952029551,0.6832166123573445,4.270695952029551,5.117993812416755,0.691153161953081,0.6871770135734415,4.42484663185681,3.8187108282864943,3.7316994512968646,5.523458920524919,4.270695952029551,4.137164559405029,4.270695952029551,2.8154087194227095,3.914021008090819,4.137164559405029,0.691153161953081,4.830311739964974,3.914021008090819])",0.0
F011,"['among', 'sure', 'thousand', 'international.', 'bar', 'budget', 'per', 'senior.', '—', 'shocking', 'claims', 'aliens', 'surface', 'internet.']","(10000,[298,503,650,1821,2886,4991,5850,6798,7281,7332,7362,7936,8338,8438],[4.137164559405029,0.691153161953081,2.958509563063383,4.137164559405029,4.830311739964974,2.455405985391302,0.691153161953081,3.914021008090819,0.6753425559264385,4.270695952029551,4.830311739964974,0.691153161953081,0.691153161953081,5.117993812416755])",0.0
R162,"['month', 'beautiful', 'growth', 'real.', 'include', 'anything', 'fight.', 'left', 'indeed', 'success', 'another.', 'experts', 'discuss', 'ongoing', 'developments', 'policy.']","(10000,[320,1273,1662,2114,2953,3614,4506,4687,4934,5741,5963,6944,7963,9462,9828],[4.42484663185681,4.137164559405029,3.914021008090819,3.8187108282864943,4.270695952029551,0.6832166123573445,0.691153161953081,1.374354027146883,4.270695952029551,4.137164559405029,5.523458920524919,2.8154087194227095,4.42484663185681,0.691153161953081,4.830311739964974])",1.0
R218,"['responsibility', 'bad', 'game', 'special', 'able', 'little.', 'long', 'someone', 'give', 'government', 'force.', 'experts', 'discuss', 'ongoing', 'developments', 'election.']","(10000,[1055,2259,3496,3502,3556,3614,3671,3783,4506,4687,6291,7709,7956,8904,8975,9462],[4.019381523748645,2.8154087194227095,4.137164559405029,3.914021008090819,2.8844015909096608,0.6832166123573445,4.42484663185681,4.270695952029551,0.691153161953081,0.6871770135734415,4.830311739964974,5.117993812416755,5.117993812416755,4.019381523748645,5.523458920524919,0.691153161953081])",1.0
F136,"['doctor', 'risk', 'pattern.', 'people', 'strong', 'black', 'wife', 'enter', 'one.', '—', 'shocking', 'claims', 'miracle', 'drug', 'surface', 'internet.']","(10000,[503,777,1256,1948,2466,3021,4263,5850,6355,7281,7435,7860,7936,8326,8338,8794],[0.691153161953081,4.137164559405029,3.125563647726549,3.6516567436233283,5.117993812416755,4.42484663185681,3.7316994512968646,0.691153161953081,5.117993812416755,0.6753425559264385,4.137164559405029,2.8154087194227095,0.691153161953081,5.117993812416755,0.691153161953081,4.137164559405029])",0.0
R108,"['board', 'son', 'return', 'wear', 'law', 'meet.', 'allow', 'floor', 'though.', 'officer', 'couple', 'successful.', 'experts', 'discuss', 'ongoing', 'developments', 'economic', 'growth.']","(10000,[209,635,696,2347,3614,3979,3984,4319,4506,4687,4835,6581,7454,7702,9012,9034,9144,9462],[3.8187108282864943,5.117993812416755,3.914021008090819,4.830311739964974,0.6832166123573445,4.270695952029551,4.019381523748645,3.3262343431887,0.691153161953081,0.6871770135734415,4.137164559405029,4.137164559405029,3.914021008090819,4.270695952029551,4.830311739964974,2.8154087194227095,2.661258039595451,0.691153161953081])",1.0
R186,"['million', 'find', 'fight', 'recent', 'even', 'like', 'effort.', 'bank', 'near', 'join', 'since', 'maybe.', 'experts', 'discuss', 'ongoing', 'developments', 'research.']","(10000,[2526,2875,2912,3330,3614,4506,4687,5591,5974,6287,6406,7066,7510,8651,8952,8982,9462],[4.270695952029551,5.117993812416755,4.830311739964974,4.607168188650764,0.6832166123573445,0.691153161953081,0.6871770135734415,4.019381523748645,3.5085558999826545,3.8187108282864943,4.137164559405029,2.849310271098391,4.42484663185681,4.137164559405029,4.270695952029551,4.270695952029551,0.691153161953081])",1.0
R248,"['word', 'condition', 'society.', 'source', 'room', 'pattern.', 'experts', 'discuss', 'ongoing', 'developments', 'technology', 'breakthrough.']","(10000,[494,1020,2227,3519,3614,4506,4687,5248,5328,7721,8326,9462],[3.914021008090819,2.6330871626287546,2.7200985396183848,3.8187108282864943,0.6832166123573445,0.691153161953081,0.6871770135734415,5.117993812416755,3.8187108282864943,3.8187108282864943,5.117993812416755,0.691153161953081])",1.0
F045,"['guy', 'sign', 'practice', 'attack', 'bed', 'put.', 'listen', 'little', 'include', 'eat', 'weight.', '—', 'shocking', 'claims', 'immortal', 'jellyfish', 'surface', 'internet.']","(10000,[94,288,429,503,1590,2066,2953,4280,5476,5693,5850,6756,7276,7281,7936,8338,9497,9876],[4.137164559405029,5.523458920524919,4.019381523748645,0.691153161953081,4.607168188650764,2.7508701982851385,4.270695952029551,4.607168188650764,5.117993812416755,4.270695952029551,0.691153161953081,3.914021008090819,4.830311739964974,0.6753425559264385,0.691153161953081,0.691153161953081,4.019381523748645,2.7508701982851385])",0.0
F092,"['carry', 'agreement', 'fact', 'understand.', 'local', 'generation', 'poor', 'example.', 'approach', 'purpose', 'growth.', '—', 'shocking', 'claims', 'secret', 'cure', 'surface', 'internet.']","(10000,[228,454,503,1834,3095,3892,5850,6747,6963,7215,7281,7936,8089,8103,8338,8413,9034],[3.914021008090819,3.5085558999826545,0.691153161953081,4.607168188650764,4.42484663185681,2.5530444549552183,0.691153161953081,2.5530444549552183,4.270695952029551,4.019381523748645,0.6753425559264385,0.691153161953081,4.830311739964974,4.019381523748645,0.691153161953081,6.544334243836849,2.8154087194227095])",0.0
R100,"['despite', 'policy', 'respond', 'none.', 'visit', 'certainly', 'community', 'meet', 'group.', 'wind', 'wish', 'end', 'mind', 'late', 'real', 'news.', 'prevent', 'letter', 'every', 'environmental.', 'experts', 'discuss', 'ongoing', 'developments', 'technology', 'breakthrough.']","(10000,[453,495,564,673,698,1020,1195,1301,2227,2500,2558,3079,3184,3252,3614,4142,4506,4687,5760,7268,8174,9216,9462,9681,9691,9940],[3.914021008090819,4.42484663185681,3.914021008090819,4.019381523748645,3.914021008090819,2.6330871626287546,4.42484663185681,4.270695952029551,2.7200985396183848,4.270695952029551,4.270695952029551,4.019381523748645,2.8154087194227095,4.019381523748645,0.6832166123573445,4.270695952029551,0.691153161953081,0.6871770135734415,5.523458920524919,5.117993812416755,4.019381523748645,5.523458920524919,0.691153161953081,4.830311739964974,4.019381523748645,3.8187108282864943])",1.0
F075,"['doctor', 'mrs', 'theory', 'main', 'evidence', 'medical', 'structure.', 'material', 'charge', 'almost.', 'fall', 'customer', 'direction', 'quality', 'edge.', 'long', 'fast', 'condition', 'summer', 'lot', 'respond', 'partner', 'pretty.', '—', 'shocking', 'claims', 'miracle', 'drug', 'surface', 'internet.']","(10000,[116,503,777,1140,1256,1413,1468,1637,2054,2500,3231,3506,3729,4943,5328,5392,5850,6812,7281,7860,7936,8268,8338,8554,8859,8904,9263,9324,9481,9751],[3.4440173788450834,0.691153161953081,4.137164559405029,5.523458920524919,3.125563647726549,4.137164559405029,3.6516567436233283,3.6516567436233283,3.577548771469606,4.270695952029551,3.8187108282864943,5.117993812416755,4.42484663185681,4.137164559405029,3.8187108282864943,4.830311739964974,0.691153161953081,3.914021008090819,0.6753425559264385,2.8154087194227095,0.691153161953081,3.6516567436233283,0.691153161953081,3.914021008090819,4.607168188650764,4.019381523748645,3.914021008090819,5.523458920524919,4.42484663185681,3.914021008090819])",0.0
R059,"['professional', 'wear', 'relationship', 'property', 'attorney', 'response', 'cup.', 'lose', 'ever', 'job', 'three.', 'lawyer', 'without', 'mouth', 'half', 'report', 'take', 'name.', 'experts', 'discuss', 'ongoing', 'developments', 'technology', 'breakthrough.']","(10000,[557,855,1020,1780,2155,2227,2445,2733,3614,4043,4260,4422,4506,4687,4853,5594,6505,6581,6710,7497,8919,9021,9300,9462],[4.019381523748645,3.8187108282864943,2.6330871626287546,4.137164559405029,4.270695952029551,2.7200985396183848,4.137164559405029,4.270695952029551,0.6832166123573445,3.8187108282864943,4.270695952029551,4.137164559405029,0.691153161953081,0.6871770135734415,4.830311739964974,4.137164559405029,4.270695952029551,4.137164559405029,4.830311739964974,4.42484663185681,4.830311739964974,4.42484663185681,4.830311739964974,0.691153161953081])",1.0
F213,"['according', 'say', 'hour', 'without', 'since.', 'partner', 'mention', 'nice', 'day.', 'break', 'case', 'include', 'walk', 'performance', 'stage.', '—', 'shocking', 'claims', 'hoax', 'surface', 'internet.']","(10000,[116,503,527,668,1842,2907,2953,3370,4043,4377,5850,5862,6142,6342,6643,7281,7564,7699,7936,8338,9351],[3.4440173788450834,0.691153161953081,4.137164559405029,4.137164559405029,4.830311739964974,4.137164559405029,4.270695952029551,3.7316994512968646,3.8187108282864943,2.60568818844064,0.691153161953081,3.914021008090819,4.137164559405029,4.607168188650764,4.830311739964974,0.6753425559264385,4.019381523748645,5.523458920524919,0.691153161953081,0.691153161953081,3.914021008090819])",0.0
R233,"['believe', 'tonight', 'cold', 'this.', 'whose', 'whatever', 'herself.', 'discover', 'go', 'or.', 'experts', 'discuss', 'ongoing', 'developments', 'education.']","(10000,[533,2238,3389,3614,3920,4170,4506,4687,4963,5047,6451,7695,9462,9539,9718],[3.914021008090819,5.117993812416755,3.7316994512968646,0.6832166123573445,4.607168188650764,4.270695952029551,0.691153161953081,0.6871770135734415,4.830311739964974,2.6902455764687034,3.914021008090819,4.019381523748645,0.691153161953081,4.607168188650764,4.830311739964974])",1.0
F072,"['think', 'week', 'exactly', 'people', 'great', 'who.', 'direction', 'project', 'set', 'successful', 'authority', 'case.', '—', 'shocking', 'claims', 'mind', 'control', 'surface', 'internet.']","(10000,[503,750,1176,1208,2096,2230,2335,3184,4263,5122,5342,5659,5850,6752,7281,7936,8338,8554,9808],[0.691153161953081,4.270695952029551,3.8187108282864943,2.7826188965997183,4.270695952029551,4.607168188650764,4.019381523748645,2.8154087194227095,3.7316994512968646,4.137164559405029,4.830311739964974,4.019381523748645,0.691153161953081,5.523458920524919,0.6753425559264385,0.691153161953081,0.691153161953081,3.914021008090819,4.137164559405029])",0.0
R184,"['follow', 'garden', 'line', 'get', 'ten.', 'including', 'either', 'next', 'participant', 'fly', 'hold', 'herself.', 'experts', 'discuss', 'ongoing', 'developments', 'budget', 'report.']","(10000,[1182,2238,2389,3614,4506,4687,4991,5396,5432,5936,5944,7334,8273,9126,9367,9415,9426,9462],[4.607168188650764,5.117993812416755,3.8187108282864943,0.6832166123573445,0.691153161953081,0.6871770135734415,2.455405985391302,4.607168188650764,2.7200985396183848,5.117993812416755,4.42484663185681,4.270695952029551,4.42484663185681,3.7316994512968646,4.137164559405029,5.117993812416755,4.137164559405029,0.691153161953081])",1.0
F134,"['later', 'process', 'wear', 'leg', 'race.', 'school', 'fight', 'case', 'also', 'since', 'prepare', 'day.', '—', 'shocking', 'claims', 'secret', 'cure', 'surface', 'internet.']","(10000,[320,503,560,1842,2286,2526,2679,3792,3892,5850,6287,6290,6342,6581,6747,7281,7936,8040,8338],[4.42484663185681,0.691153161953081,4.270695952029551,4.830311739964974,4.019381523748645,4.270695952029551,3.7316994512968646,3.8187108282864943,2.5530444549552183,0.691153161953081,3.8187108282864943,4.270695952029551,4.607168188650764,4.137164559405029,2.5530444549552183,0.6753425559264385,0.691153161953081,3.7316994512968646,0.691153161953081])",0.0
R096,"['question', 'seem', 'air', 'value', 'cut', 'ago', 'social.', 'speak', 'central', 'investment', 'force', 'congress', 'court', 'lose.', 'whose', 'town', 'city', 'peace', 'ready', 'decision.', 'experts', 'discuss', 'ongoing', 'developments', 'research.']","(10000,[88,391,1206,1562,1896,2588,2947,3614,4506,4568,4687,4715,4732,4847,5017,5377,5495,6557,6697,7066,7403,8728,8928,9462,9539],[4.137164559405029,4.42484663185681,4.42484663185681,5.523458920524919,3.4440173788450834,4.019381523748645,3.914021008090819,0.6832166123573445,0.691153161953081,4.270695952029551,0.6871770135734415,3.7316994512968646,4.830311739964974,3.914021008090819,5.523458920524919,4.607168188650764,3.914021008090819,4.270695952029551,3.8187108282864943,2.849310271098391,4.270695952029551,3.5085558999826545,4.137164559405029,0.691153161953081,4.607168188650764])",1.0
R020,"['health', 'blood', 'teacher', 'challenge.', 'address', 'industry', 'political', 'read.', 'commercial', 'political', 'politics', 'simple', 'message', 'debate', 'relationship.', 'experts', 'discuss', 'ongoing', 'developments', 'policy.']","(10000,[1320,2359,2715,2913,3010,3614,3935,4454,4506,4687,5887,6443,6944,8172,8276,8708,8805,9459,9462],[5.117993812416755,4.607168188650764,3.5085558999826545,3.914021008090819,4.019381523748645,0.6832166123573445,8.03876304749729,4.607168188650764,0.691153161953081,0.6871770135734415,3.8187108282864943,3.8187108282864943,2.8154087194227095,5.523458920524919,3.8187108282864943,4.607168188650764,4.019381523748645,5.117993812416755,0.691153161953081])",1.0
R067,"['sport', 'interview', 'smile', 'against.', 'individual', 'point', 'theory', 'staff', 'available', 'small', 'they.', 'television', 'eight', 'force', 'decade.', 'experts', 'discuss', 'ongoing', 'developments', 'policy.']","(10000,[222,391,997,1468,1777,2475,2713,3614,4416,4506,4687,5417,6035,6224,6944,8278,8482,8614,8713,9462],[4.42484663185681,4.42484663185681,5.523458920524919,3.6516567436233283,5.117993812416755,4.42484663185681,4.019381523748645,0.6832166123573445,4.019381523748645,0.691153161953081,0.6871770135734415,5.117993812416755,4.019381523748645,3.577548771469606,2.8154087194227095,4.270695952029551,4.607168188650764,4.137164559405029,4.42484663185681,0.691153161953081])",1.0
R215,"['hit', 'task', 'either.', 'artist', 'middle', 'girl', 'new', 'marriage.', 'experts', 'discuss', 'ongoing', 'developments', 'education.']","(10000,[585,1029,1344,3614,4506,4687,5047,7632,8252,8451,8931,9462,9878],[4.019381523748645,4.019381523748645,5.117993812416755,0.6832166123573445,0.691153161953081,0.6871770135734415,2.6902455764687034,4.830311739964974,3.8187108282864943,4.270695952029551,3.7316994512968646,0.691153161953081,4.270695952029551])",1.0
R127,"['outside', 'standard', 'identify', 'position', 'purpose.', 'nice', 'bag', 'talk', 'among', 'believe', 'financial', 'law.', 'experts', 'discuss', 'ongoing', 'developments', 'policy.']","(10000,[415,533,1339,2967,3370,3614,3967,4506,4687,6944,7362,7407,8538,8568,8734,8925,9462],[4.019381523748645,3.914021008090819,4.137164559405029,4.607168188650764,3.7316994512968646,0.6832166123573445,4.830311739964974,0.691153161953081,0.6871770135734415,2.8154087194227095,4.830311739964974,4.830311739964974,4.830311739964974,4.137164559405029,5.523458920524919,4.137164559405029,0.691153161953081])",1.0
R235,"['partner', 'point.', 'ahead', 'surface', 'assume', 'early', 'institution', 'boy', 'line.', 'experts', 'discuss', 'ongoing', 'developments', 'technology', 'breakthrough.']","(10000,[116,157,454,1020,2115,2227,2664,3243,3614,4092,4506,4687,7281,8268,9462],[3.4440173788450834,3.914021008090819,3.5085558999826545,2.6330871626287546,5.117993812416755,2.7200985396183848,3.8187108282864943,4.270695952029551,0.6832166123573445,3.8187108282864943,0.691153161953081,0.6871770135734415,0.6753425559264385,3.6516567436233283,0.691153161953081])",1.0
R163,"['animal', 'career', 'blood', 'contain', 'fear', 'idea', 'technology.', 'box', 'small', 'career', 'south', 'poor', 'few.', 'experts', 'discuss', 'ongoing', 'developments', 'climate', 'change.']","(10000,[222,682,821,2059,2359,3614,4506,4687,4816,4930,5958,7360,7493,7922,8103,8893,9462,9513],[4.42484663185681,5.523458920524919,2.849310271098391,2.60568818844064,4.607168188650764,0.6832166123573445,0.691153161953081,0.6871770135734415,3.8187108282864943,7.637421656572989,4.270695952029551,4.137164559405029,4.42484663185681,4.42484663185681,4.019381523748645,4.270695952029551,0.691153161953081,4.137164559405029])",1.0
R002,"['social', 'evidence', 'large', 'reality', 'long', 'argue.', 'continue', 'lawyer', 'call', 'power.', 'experts', 'discuss', 'ongoing', 'developments', 'education.']","(10000,[680,743,823,1029,2054,3614,4506,4687,5047,5146,7022,7509,8904,9021,9462],[4.830311739964974,4.607168188650764,3.8187108282864943,4.019381523748645,3.577548771469606,0.6832166123573445,0.691153161953081,0.6871770135734415,2.6902455764687034,4.270695952029551,3.6516567436233283,4.830311739964974,4.019381523748645,4.42484663185681,0.691153161953081])",1.0
R021,"['water', 'imagine', 'interest', 'federal', 'some.', 'make', 'mother', 'success.', 'experts', 'discuss', 'ongoing', 'developments', 'education.']","(10000,[70,354,633,2589,3525,3614,4506,4687,5047,5301,7183,8280,9462],[4.270695952029551,4.270695952029551,4.270695952029551,4.019381523748645,4.830311739964974,0.6832166123573445,0.691153161953081,0.6871770135734415,2.6902455764687034,4.607168188650764,5.523458920524919,4.607168188650764,0.691153161953081])",1.0
R013,"['source', 'project', 'offer', 'marriage', 'cup.', 'interesting', 'tax', 'data', 'news', 'capital.', 'experts', 'discuss', 'ongoing', 'developments', 'technology', 'breakthrough.']","(10000,[101,1020,1695,2227,2230,2433,2958,3614,3634,4506,4687,6229,6587,7721,9300,9462],[4.607168188650764,2.6330871626287546,4.019381523748645,2.7200985396183848,4.607168188650764,5.117993812416755,4.270695952029551,0.6832166123573445,4.607168188650764,0.691153161953081,0.6871770135734415,3.914021008090819,4.270695952029551,3.8187108282864943,4.830311739964974,0.691153161953081])",1.0
F195,"['nature', 'chance', 'direction', 'water', 'recent', 'nearly.', 'general', 'design', 'popular', 'way', 'health', 'old', 'image.', 'town', 'late', 'budget', 'various.', '—', 'shocking', 'claims', 'flat', 'earth', 'surface', 'internet.']","(10000,[346,503,2437,2589,2918,3079,3611,3922,4715,4991,5465,5591,5850,6148,6584,7083,7281,7936,8338,8554,8805,9391,9604,9676],[4.270695952029551,0.691153161953081,4.830311739964974,4.019381523748645,3.0385522707369192,4.019381523748645,4.607168188650764,4.270695952029551,3.7316994512968646,2.455405985391302,3.6516567436233283,4.019381523748645,0.691153161953081,4.830311739964974,4.607168188650764,3.8187108282864943,0.6753425559264385,0.691153161953081,0.691153161953081,3.914021008090819,4.019381523748645,3.6516567436233283,5.117993812416755,3.0385522707369192])",0.0
R101,"['something', 'bit', 'specific', 'newspaper', 'specific', 'second.', 'successful', 'place', 'give', 'western', 'only.', 'experts', 'discuss', 'ongoing', 'developments', 'research.']","(10000,[190,524,1243,1989,2059,3238,3614,3783,4506,4687,5659,6390,7066,9462,9826],[4.830311739964974,3.383392757028649,4.42484663185681,4.830311739964974,5.21137637688128,5.117993812416755,0.6832166123573445,4.270695952029551,0.691153161953081,0.6871770135734415,4.019381523748645,4.270695952029551,2.849310271098391,0.691153161953081,4.42484663185681])",1.0
R055,"['church', 'toward', 'address', 'go.', 'data', 'central', 'south', 'center', 'board', 'huge.', 'responsibility', 'line', 'catch', 'decade', 'decision', 'hospital.', 'experts', 'discuss', 'ongoing', 'developments', 'research.']","(10000,[934,1182,1273,1480,1695,2193,3194,3502,3614,4454,4506,4687,4702,4816,5321,6030,7066,7454,7949,8928,9462],[4.830311739964974,4.607168188650764,4.137164559405029,4.137164559405029,4.019381523748645,4.607168188650764,4.42484663185681,3.914021008090819,0.6832166123573445,4.607168188650764,0.691153161953081,0.6871770135734415,4.830311739964974,3.8187108282864943,4.830311739964974,4.42484663185681,2.849310271098391,3.914021008090819,4.607168188650764,4.137164559405029,0.691153161953081])",1.0
F190,"['account', 'unit', 'improve', 'national', 'front', 'peace', 'card.', 'question', 'trade', 'adult', 'position', 'generation', 'peace', 'quite', 'vote.', 'discuss', 'strategy', 'fast', 'trip', 'conference', 'woman', 'full.', '—', 'shocking', 'claims', 'secret', 'cure', 'surface', 'internet.']","(10000,[72,419,503,504,1339,2092,2291,2408,2947,3614,3892,4563,5657,5782,5850,6056,6335,6697,6747,6878,6963,7281,7910,7936,8338,8993,9187,9263],[4.137164559405029,4.607168188650764,0.691153161953081,4.137164559405029,4.137164559405029,4.607168188650764,4.607168188650764,5.117993812416755,3.914021008090819,0.6832166123573445,2.5530444549552183,4.019381523748645,4.270695952029551,4.270695952029551,0.691153161953081,3.7316994512968646,4.137164559405029,7.637421656572989,2.5530444549552183,5.523458920524919,4.270695952029551,0.6753425559264385,4.137164559405029,0.691153161953081,0.691153161953081,4.42484663185681,3.5085558999826545,3.914021008090819])",0.0
R004,"['majority', 'recently', 'kid', 'keep', 'drug.', 'management', 'listen', 'camera', 'anyone', 'process.', 'firm', 'performance', 'tax', 'skin', 'painting.', 'experts', 'discuss', 'ongoing', 'developments', 'education.']","(10000,[429,666,1241,1650,2034,3614,3723,3980,4506,4687,5047,5833,6587,7138,8077,8894,9244,9351,9462,9594],[4.019381523748645,4.607168188650764,3.3262343431887,4.270695952029551,4.270695952029551,0.6832166123573445,4.137164559405029,5.523458920524919,0.691153161953081,0.6871770135734415,2.6902455764687034,4.019381523748645,4.270695952029551,5.117993812416755,5.117993812416755,3.914021008090819,4.270695952029551,3.914021008090819,0.691153161953081,5.117993812416755])",1.0
F080,"['education', 'bit', 'american', 'tonight', 'film', 'modern.', 'international', 'feel', 'enough', 'thousand', 'admit.', '—', 'shocking', 'claims', 'celebrity', 'scandal', 'surface', 'internet.']","(10000,[78,188,503,1989,3115,3389,3486,3761,4748,4921,5003,5530,5850,6798,7281,7652,7936,8338],[5.117993812416755,3.8187108282864943,0.691153161953081,4.830311739964974,4.607168188650764,3.7316994512968646,2.849310271098391,5.523458920524919,3.914021008090819,2.849310271098391,4.607168188650764,4.019381523748645,0.691153161953081,3.914021008090819,0.6753425559264385,4.019381523748645,0.691153161953081,0.691153161953081])",0.0
F049,"['bring', 'end', 'head', 'budget', 'hit', 'tonight', 'hold.', 'since', 'impact', 'southern', 'fall', 'rate', 'mother.', '—', 'shocking', 'claims', 'hoax', 'surface', 'internet.']","(10000,[23,253,453,503,1064,1972,3057,3389,3729,3743,4377,4991,5850,6287,7177,7281,7936,8252,8338],[4.830311739964974,4.607168188650764,3.914021008090819,0.691153161953081,3.7316994512968646,3.914021008090819,4.607168188650764,3.7316994512968646,4.42484663185681,4.607168188650764,2.60568818844064,2.455405985391302,0.691153161953081,3.8187108282864943,4.830311739964974,0.6753425559264385,0.691153161953081,3.8187108282864943,0.691153161953081])",0.0
F184,"['ago', 'enter', 'push', 'market', 'tree.', 'college', 'water', 'building', 'no.', '—', 'shocking', 'claims', 'secret', 'cure', 'surface', 'internet.']","(10000,[503,1896,2470,2589,2657,3892,5850,5852,5978,6747,7281,7435,7936,8057,8338,9357],[0.691153161953081,3.4440173788450834,5.523458920524919,4.019381523748645,3.383392757028649,2.5530444549552183,0.691153161953081,4.607168188650764,4.607168188650764,2.5530444549552183,0.6753425559264385,4.137164559405029,0.691153161953081,4.830311739964974,0.691153161953081,4.830311739964974])",0.0
F030,"['effect', 'decision', 'public.', 'matter', 'detail', 'may', 'receive', 'us', 'research.', 'year', 'rule', 'enter', 'market', 'his.', '—', 'shocking', 'claims', 'secret', 'cure', 'surface', 'internet.']","(10000,[343,503,1143,2193,2402,2657,3754,3892,4617,5850,6324,6660,6747,7066,7281,7435,7936,8338,8366,8899,9160],[3.7316994512968646,0.691153161953081,3.914021008090819,4.607168188650764,4.137164559405029,3.383392757028649,4.830311739964974,2.5530444549552183,3.7316994512968646,0.691153161953081,4.270695952029551,4.137164559405029,2.5530444549552183,2.849310271098391,0.6753425559264385,4.137164559405029,0.691153161953081,0.691153161953081,5.117993812416755,4.270695952029551,4.019381523748645])",0.0
R213,"['reach', 'left', 'blue', 'brother', 'hot', 'reality.', 'next', 'camera', 'husband', 'process', 'thousand.', 'experts', 'discuss', 'ongoing', 'developments', 'budget', 'report.']","(10000,[291,1650,1662,3082,3614,4506,4687,4991,5432,5768,6444,7208,8040,8273,8386,9462,9693],[4.42484663185681,4.270695952029551,3.914021008090819,4.830311739964974,0.6832166123573445,0.691153161953081,0.6871770135734415,2.455405985391302,2.7200985396183848,4.137164559405029,5.117993812416755,4.607168188650764,3.7316994512968646,4.42484663185681,4.607168188650764,0.691153161953081,4.270695952029551])",0.0
F128,"['picture', 'second', 'senior', 'focus', 'american', 'protect', 'less', 'reflect.', 'staff', 'take', 'president', 'have.', 'economy', 'rock', 'hospital', 'special', 'memory', 'offer.', '—', 'shocking', 'claims', 'immortal', 'jellyfish', 'surface', 'internet.']","(10000,[217,503,574,855,1055,1195,1306,2066,2481,3331,3931,4144,4882,4930,5850,6224,6941,7235,7281,7652,7936,8338,8634,9256,9876],[3.7316994512968646,0.691153161953081,3.8187108282864943,3.8187108282864943,4.019381523748645,4.42484663185681,4.42484663185681,2.7508701982851385,5.117993812416755,5.523458920524919,3.383392757028649,4.42484663185681,5.117993812416755,3.8187108282864943,0.691153161953081,3.577548771469606,4.137164559405029,4.42484663185681,0.6753425559264385,4.019381523748645,0.691153161953081,0.691153161953081,5.523458920524919,4.607168188650764,2.7508701982851385])",0.0
R231,"['evidence', 'product', 'something', 'stop.', 'red', 'care', 'key', 'camera', 'data', 'claim', 'together', 'prevent.', 'room', 'lose', 'various', 'paper', 'beautiful', 'red', 'receive', 'project.', 'performance', 'heart', 'theory', 'cultural.', 'experts', 'discuss', 'ongoing', 'developments', 'policy.']","(10000,[52,447,494,1273,1468,1650,1695,2054,2338,3131,3614,4422,4506,4617,4687,5101,5310,6647,6917,6944,8312,8471,8690,8937,9351,9462,9808,9826],[9.214336377301528,4.270695952029551,3.914021008090819,4.137164559405029,3.6516567436233283,4.270695952029551,4.019381523748645,3.577548771469606,4.830311739964974,3.8187108282864943,0.6832166123573445,4.137164559405029,0.691153161953081,3.7316994512968646,0.6871770135734415,5.523458920524919,4.270695952029551,4.607168188650764,5.117993812416755,2.8154087194227095,4.42484663185681,5.523458920524919,4.270695952029551,4.830311739964974,3.914021008090819,0.691153161953081,4.137164559405029,4.42484663185681])",1.0
R061,"['citizen', 'participant', 'material', 'heart', 'stuff', 'concern', 'treatment.', 'vote', 'drive', 'point', 'size', 'report.', 'many', 'near', 'term', 'probably', 'rock.', 'experts', 'discuss', 'ongoing', 'developments', 'technology', 'breakthrough.']","(10000,[8,1020,1968,2188,2227,2297,3143,3192,3231,3614,4416,4506,4687,5188,5396,5432,5974,6325,7722,9214,9296,9462,9808],[4.137164559405029,2.6330871626287546,4.137164559405029,4.830311739964974,2.7200985396183848,4.270695952029551,5.117993812416755,4.42484663185681,3.8187108282864943,0.6832166123573445,4.019381523748645,0.691153161953081,0.6871770135734415,4.019381523748645,4.607168188650764,2.7200985396183848,3.5085558999826545,4.42484663185681,4.42484663185681,4.830311739964974,4.270695952029551,0.691153161953081,4.137164559405029])",1.0
R137,"['black', 'turn', 'tend', 'wonder', 'culture', 'card.', 'poor', 'head', 'including', 'city', 'although', 'carry.', 'experts', 'discuss', 'ongoing', 'developments', 'education.']","(10000,[1064,1810,1948,2092,3614,3881,3886,4506,4687,4723,5047,5495,7334,7779,8103,8645,9462],[3.7316994512968646,4.830311739964974,3.6516567436233283,4.607168188650764,0.6832166123573445,4.830311739964974,4.137164559405029,0.691153161953081,0.6871770135734415,4.137164559405029,2.6902455764687034,3.914021008090819,4.270695952029551,3.8187108282864943,4.019381523748645,3.577548771469606,0.691153161953081])",0.0
R185,"['large', 'century', 'best', 'identify', 'still.', 'either', 'thing', 'character', 'skin', 'direction', 'six', 'smile.', 'experts', 'discuss', 'ongoing', 'developments', 'technology', 'breakthrough.']","(10000,[763,1020,1649,2227,3614,3857,3967,4506,4687,4827,4867,5401,5833,7022,7841,8554,9126,9462],[4.607168188650764,2.6330871626287546,5.523458920524919,2.7200985396183848,0.6832166123573445,3.914021008090819,4.830311739964974,0.691153161953081,0.6871770135734415,5.117993812416755,4.137164559405029,3.8187108282864943,4.019381523748645,3.6516567436233283,4.42484663185681,3.914021008090819,3.7316994512968646,0.691153161953081])",1.0
R204,"['charge', 'several', 'front', 'civil.', 'experts', 'discuss', 'ongoing', 'developments', 'technology', 'breakthrough.']","(10000,[504,1020,2227,3614,4464,4506,4687,6812,9227,9462],[4.137164559405029,2.6330871626287546,2.7200985396183848,0.6832166123573445,5.523458920524919,0.691153161953081,0.6871770135734415,3.914021008090819,4.270695952029551,0.691153161953081])",1.0
F217,"['today', 'expert', 'husband.', 'summer', 'movie', 'reach', 'culture.', '—', 'shocking', 'claims', 'immortal', 'jellyfish', 'surface', 'internet.']","(10000,[503,914,1439,2066,5703,5850,7281,7936,8338,8386,9142,9481,9806,9876],[0.691153161953081,4.137164559405029,3.914021008090819,2.7508701982851385,4.830311739964974,0.691153161953081,0.6753425559264385,0.691153161953081,0.691153161953081,4.607168188650764,5.117993812416755,4.42484663185681,4.42484663185681,2.7508701982851385])",0.0
F176,"['lot', 'quality', 'stand', 'we.', 'involve', 'article', 'agency', 'simply.', '—', 'shocking', 'claims', 'miracle', 'drug', 'surface', 'internet.']","(10000,[503,765,816,1256,1702,2412,3506,4943,5850,6271,6886,7281,7860,7936,8338],[0.691153161953081,3.914021008090819,4.830311739964974,3.125563647726549,4.42484663185681,4.830311739964974,5.117993812416755,4.137164559405029,0.691153161953081,3.8187108282864943,3.914021008090819,0.6753425559264385,2.8154087194227095,0.691153161953081,0.691153161953081])",0.0
R245,"['learn', 'region', 'turn', 'follow', 'reality', 'paper', 'hair.', 'since', 'risk', 'fill.', 'board', 'company', 'experience', 'economic.', 'experts', 'discuss', 'ongoing', 'developments', 'technology', 'breakthrough.']","(10000,[453,680,942,1020,2007,2227,3614,3635,3886,4506,4687,5212,5967,6287,7454,8159,8690,8794,9367,9462],[3.914021008090819,4.830311739964974,4.270695952029551,2.6330871626287546,5.117993812416755,2.7200985396183848,0.6832166123573445,4.270695952029551,4.137164559405029,0.691153161953081,0.6871770135734415,5.117993812416755,3.7316994512968646,3.8187108282864943,3.914021008090819,3.8187108282864943,4.270695952029551,4.137164559405029,4.137164559405029,0.691153161953081])",1.0
R104,"['evidence', 'test', 'arrive', 'skill', 'base', 'tv.', 'policy', 'real', 'grow', 'discover', 'trip.', 'experts', 'discuss', 'ongoing', 'developments', 'election.']","(10000,[2054,2404,3556,3614,4142,4170,4506,4687,6586,6865,7391,8173,8356,9462,9691,9968],[3.577548771469606,4.137164559405029,2.8844015909096608,0.6832166123573445,4.270695952029551,4.270695952029551,0.691153161953081,0.6871770135734415,4.137164559405029,4.830311739964974,4.270695952029551,3.6516567436233283,5.117993812416755,0.691153161953081,4.019381523748645,3.914021008090819])",1.0
F156,"['agency', 'black', 'record', 'eight', 'service', 'record.', 'hold', 'much', 'ask', 'believe', 'sign', 'shoulder.', '—', 'shocking', 'claims', 'flat', 'earth', 'surface', 'internet.']","(10000,[503,524,533,765,924,1948,2252,2389,2918,3507,3740,4347,5850,6756,7281,7936,8338,8482,9676],[0.691153161953081,3.383392757028649,3.914021008090819,3.914021008090819,5.523458920524919,3.6516567436233283,3.914021008090819,3.8187108282864943,3.0385522707369192,4.42484663185681,5.117993812416755,4.019381523748645,0.691153161953081,3.914021008090819,0.6753425559264385,0.691153161953081,0.691153161953081,4.607168188650764,3.0385522707369192])",0.0
R194,"['deep', 'free', 'understand', 'son.', 'report', 'position', 'production', 'better', 'rock.', 'experts', 'discuss', 'ongoing', 'developments', 'election.']","(10000,[1073,1339,1440,1762,2543,3556,3614,4506,4687,6487,6505,8353,9296,9462],[4.270695952029551,4.137164559405029,5.523458920524919,4.830311739964974,3.4440173788450834,2.8844015909096608,0.6832166123573445,0.691153161953081,0.6871770135734415,3.7316994512968646,4.270695952029551,4.019381523748645,4.270695952029551,0.691153161953081])",1.0
R161,"['upon', 'less', 'final', 'middle', 'research', 'animal', 'summer.', 'history', 'certainly', 'recently', 'social', 'without', 'quality.', 'experts', 'discuss', 'ongoing', 'developments', 'technology', 'breakthrough.']","(10000,[673,823,1020,1195,1653,2034,2191,2227,2589,3614,4043,4506,4687,6543,6735,7360,9432,9462,9878],[4.019381523748645,3.8187108282864943,2.6330871626287546,4.42484663185681,4.019381523748645,4.270695952029551,4.42484663185681,2.7200985396183848,4.019381523748645,0.6832166123573445,3.8187108282864943,0.691153161953081,0.6871770135734415,4.137164559405029,4.137164559405029,4.137164559405029,3.914021008090819,0.691153161953081,4.270695952029551])",1.0
F113,"['sea', 'event', 'get', 'marriage', 'fine', 'congress', 'i.', 'follow', 'mouth', 'recently', 'change', 'water.', 'site', 'detail', 'image', 'to.', '—', 'shocking', 'claims', 'immortal', 'jellyfish', 'surface', 'internet.']","(10000,[387,503,564,1143,2034,2066,3973,5303,5850,5891,6229,6431,7281,7497,7728,7936,8338,8728,9367,9413,9426,9617,9876],[4.42484663185681,0.691153161953081,3.914021008090819,3.914021008090819,4.270695952029551,2.7508701982851385,5.523458920524919,4.270695952029551,0.691153161953081,4.019381523748645,3.914021008090819,4.42484663185681,0.6753425559264385,4.42484663185681,4.42484663185681,0.691153161953081,0.691153161953081,3.5085558999826545,4.137164559405029,5.523458920524919,4.137164559405029,4.607168188650764,2.7508701982851385])",0.0
F150,"['table', 'oil', 'color', 'end', 'apply', 'man', 'heart.', 'usually', 'early', 'language', 'return', 'half.', '—', 'shocking', 'claims', 'hoax', 'surface', 'internet.']","(10000,[453,503,635,691,1716,2569,2990,3931,4062,4092,4377,5850,6035,7281,7312,7936,8338,9832],[3.914021008090819,0.691153161953081,5.117993812416755,5.523458920524919,4.019381523748645,4.019381523748645,4.607168188650764,3.383392757028649,5.117993812416755,3.8187108282864943,2.60568818844064,0.691153161953081,4.019381523748645,0.6753425559264385,4.607168188650764,0.691153161953081,0.691153161953081,3.914021008090819])",0.0
F047,"['employee', 'cost', 'smile', 'understand', 'very.', 'reveal', 'wife', 'mission.', 'stage', 'whatever', 'various.', '—', 'shocking', 'claims', 'miracle', 'drug', 'surface', 'internet.']","(10000,[30,503,1256,1507,2713,3021,4489,4490,5850,6466,6487,6548,6584,7281,7695,7860,7936,8338],[4.42484663185681,0.691153161953081,3.125563647726549,4.270695952029551,4.019381523748645,4.42484663185681,4.830311739964974,3.914021008090819,0.691153161953081,5.117993812416755,3.7316994512968646,4.607168188650764,4.607168188650764,0.6753425559264385,4.019381523748645,2.8154087194227095,0.691153161953081,0.691153161953081])",0.0
F008,"['throw', 'democrat', 'whatever', 'different', 'state', 'international.', 'price', 'people', 'accept', 'bit.', 'large', 'middle', 'mean.', '—', 'shocking', 'claims', 'hoax', 'surface', 'internet.']","(10000,[503,1595,1738,1808,2657,2886,4263,4377,5234,5850,6683,7022,7281,7695,7936,8325,8338,8457,9878],[0.691153161953081,5.523458920524919,3.914021008090819,4.270695952029551,3.383392757028649,4.830311739964974,3.7316994512968646,2.60568818844064,4.270695952029551,0.691153161953081,4.270695952029551,3.6516567436233283,0.6753425559264385,4.019381523748645,0.691153161953081,3.8187108282864943,0.691153161953081,5.523458920524919,4.270695952029551])",0.0
F229,"['mrs', 'someone', 'oil', 'leg', 'before.', 'unit', 'drive.', 'leader', 'pretty', 'time', 'benefit.', '—', 'shocking', 'claims', 'aliens', 'surface', 'internet.']","(10000,[503,650,1526,1840,3671,3919,5850,6035,6290,6335,7281,7696,7936,8157,8338,9391,9751],[0.691153161953081,2.958509563063383,4.019381523748645,5.523458920524919,4.42484663185681,4.607168188650764,0.691153161953081,4.019381523748645,4.270695952029551,4.137164559405029,0.6753425559264385,5.523458920524919,0.691153161953081,4.607168188650764,0.691153161953081,3.6516567436233283,3.914021008090819])",0.0
R001,"['better', 'positive', 'usually', 'sound', 'laugh', 'call.', 'ok', 'around', 'work', 'record', 'crime', 'understand', 'particular.', 'experts', 'discuss', 'ongoing', 'developments', 'research.']","(10000,[1,731,2543,2645,2990,3244,3614,4347,4506,4687,6166,6197,6487,7066,7098,8633,9462,9527],[3.914021008090819,4.137164559405029,3.4440173788450834,4.42484663185681,4.607168188650764,5.117993812416755,0.6832166123573445,4.019381523748645,0.691153161953081,0.6871770135734415,4.42484663185681,4.830311739964974,3.7316994512968646,2.849310271098391,4.607168188650764,4.607168188650764,0.691153161953081,3.8187108282864943])",1.0
R241,"['detail', 'standard', 'cell', 'rest', 'this.', 'majority', 'theory', 'officer', 'drive.', 'experts', 'discuss', 'ongoing', 'developments', 'public', 'health.']","(10000,[696,1143,1468,1770,2708,2967,3210,3614,4506,4687,4963,6219,9244,9391,9462],[3.914021008090819,3.914021008090819,3.6516567436233283,3.0385522707369192,4.137164559405029,4.607168188650764,4.270695952029551,0.6832166123573445,0.691153161953081,0.6871770135734415,4.830311739964974,3.0811118851557153,4.270695952029551,3.6516567436233283,0.691153161953081])",1.0
R198,"['reveal', 'animal', 'right.', 'statement', 'environment.', 'resource', 'bag', 'person', 'rock', 'effort.', 'experts', 'discuss', 'ongoing', 'developments', 'climate', 'change.']","(10000,[415,574,821,1507,1670,2059,2660,2912,3249,3614,4506,4687,5089,7360,9462,9817],[4.019381523748645,3.8187108282864943,2.849310271098391,4.270695952029551,4.137164559405029,2.60568818844064,5.117993812416755,4.830311739964974,3.6516567436233283,0.6832166123573445,0.691153161953081,0.6871770135734415,4.42484663185681,4.137164559405029,0.691153161953081,3.6516567436233283])",1.0
R229,"['figure', 'probably', 'mr', 'attention.', 'wonder', 'head', 'partner', 'billion', 'yet.', 'great', 'air', 'child', 'material', 'life', 'heavy.', 'experts', 'discuss', 'ongoing', 'developments', 'research.']","(10000,[88,116,258,750,1064,1411,2297,2647,3231,3477,3614,3882,4110,4506,4687,4723,7066,7244,8203,9462],[4.137164559405029,3.4440173788450834,4.137164559405029,4.270695952029551,3.7316994512968646,5.117993812416755,4.270695952029551,4.270695952029551,3.8187108282864943,4.607168188650764,0.6832166123573445,4.607168188650764,4.270695952029551,0.691153161953081,0.6871770135734415,4.137164559405029,2.849310271098391,3.577548771469606,4.830311739964974,0.691153161953081])",1.0
R205,"['threat', 'office', 'first', 'high', 'because.', 'girl', 'mission', 'without', 'two', 'score.', 'experts', 'discuss', 'ongoing', 'developments', 'public', 'health.']","(10000,[1029,1770,2116,3614,4043,4506,4687,4728,6069,6219,6403,6793,7195,8070,8344,9462],[4.019381523748645,3.0385522707369192,4.42484663185681,0.6832166123573445,3.8187108282864943,0.691153161953081,0.6871770135734415,5.117993812416755,4.137164559405029,3.0811118851557153,3.8187108282864943,5.523458920524919,5.117993812416755,4.42484663185681,3.8187108282864943,0.691153161953081])",1.0
F123,"['risk', 'although', 'year', 'stuff', 'government', 'ever', 'very.', 'floor', 'artist', 'capital', 'couple', 'walk.', 'fine', 'stock', 'large', 'prove', 'fund.', '—', 'shocking', 'claims', 'celebrity', 'scandal', 'surface', 'internet.']","(10000,[503,793,2259,3486,4319,4921,5214,5594,5850,6431,6466,6541,6623,7022,7281,7702,7722,7779,7936,8338,8423,8794,8899,8931],[0.691153161953081,4.019381523748645,2.8154087194227095,2.849310271098391,3.3262343431887,2.849310271098391,4.137164559405029,4.137164559405029,0.691153161953081,4.42484663185681,5.117993812416755,4.607168188650764,5.523458920524919,3.6516567436233283,0.6753425559264385,4.270695952029551,4.42484663185681,3.8187108282864943,0.691153161953081,0.691153161953081,5.117993812416755,4.137164559405029,4.270695952029551,3.7316994512968646])",0.0
F043,"['nothing', 'rather', 'drug', 'art', 'drop', 'explain.', 'expert', 'cover', 'table', 'away.', 'official', 'appear', 'near', 'assume', 'whole', 'particular', 'rest.', '—', 'shocking', 'claims', 'celebrity', 'scandal', 'surface', 'internet.']","(10000,[503,627,914,2664,2837,2989,3486,3605,3931,4292,4921,5850,5974,6104,6830,7281,7854,7860,7936,8182,8338,8485,8577,8984],[0.691153161953081,4.42484663185681,4.137164559405029,3.8187108282864943,3.914021008090819,4.830311739964974,2.849310271098391,5.117993812416755,3.383392757028649,4.830311739964974,2.849310271098391,0.691153161953081,3.5085558999826545,4.42484663185681,5.117993812416755,0.6753425559264385,4.42484663185681,2.8154087194227095,0.691153161953081,4.137164559405029,0.691153161953081,4.830311739964974,4.42484663185681,4.830311739964974])",0.0
F097,"['fund', 'hundred', 'hear', 'charge', 'open', 'sound', 'west.', 'effect', 'hand', 'guy', 'writer.', 'walk', 'quite', 'sell', 'agree.', '—', 'shocking', 'claims', 'celebrity', 'scandal', 'surface', 'internet.']","(10000,[94,503,3423,3486,4485,4638,4842,4921,5175,5783,5850,5987,6056,6142,6166,6324,6521,6812,7281,7857,7936,8338],[4.137164559405029,0.691153161953081,4.607168188650764,2.849310271098391,3.914021008090819,4.607168188650764,4.42484663185681,2.849310271098391,4.42484663185681,3.7316994512968646,0.691153161953081,4.830311739964974,3.7316994512968646,4.137164559405029,4.42484663185681,4.270695952029551,5.523458920524919,3.914021008090819,0.6753425559264385,5.117993812416755,0.691153161953081,0.691153161953081])",0.0
R014,"['economic', 'medical', 'skill', 'coach', 'nor.', 'artist', 'total', 'program.', 'experts', 'discuss', 'ongoing', 'developments', 'research.']","(10000,[3514,3614,4506,4687,6279,7025,7066,8268,8439,8931,9144,9462,9968],[4.607168188650764,0.6832166123573445,0.691153161953081,0.6871770135734415,4.607168188650764,4.42484663185681,2.849310271098391,3.6516567436233283,4.830311739964974,3.7316994512968646,2.661258039595451,0.691153161953081,3.914021008090819])",1.0
F005,"['computer', 'computer', 'whether', 'up.', '—', 'shocking', 'claims', 'flat', 'earth', 'surface', 'internet.']","(10000,[503,796,2918,3406,5850,7281,7936,8151,8338,9676],[0.691153161953081,4.137164559405029,3.0385522707369192,4.019381523748645,0.691153161953081,0.6753425559264385,0.691153161953081,8.274329118810059,0.691153161953081,3.0385522707369192])",0.0
R234,"['contain', 'quickly', 'strategy', 'though', 'particular', 'hundred.', 'nice', 'culture', 'lose', 'power', 'small.', 'someone', 'billion', 'nation.', 'experts', 'discuss', 'ongoing', 'developments', 'research.']","(10000,[258,2291,3056,3370,3385,3391,3445,3614,3671,4422,4506,4687,7066,7493,7692,7725,8645,8984,9462],[4.137164559405029,4.607168188650764,4.42484663185681,3.7316994512968646,4.019381523748645,4.019381523748645,5.117993812416755,0.6832166123573445,4.42484663185681,4.137164559405029,0.691153161953081,0.6871770135734415,2.849310271098391,4.42484663185681,5.523458920524919,5.523458920524919,3.577548771469606,4.830311739964974,0.691153161953081])",0.0
F143,"['open', 'note', 'teach', 'positive.', 'dog', 'along', 'resource', 'opportunity.', 'quite', 'really', 'receive', 'live', 'author', 'machine.', '—', 'shocking', 'claims', 'aliens', 'surface', 'internet.']","(10000,[493,503,650,1670,1902,2840,4112,4533,4617,5783,5850,6056,7281,7801,7936,8338,8522,9350,9564,9909],[4.830311739964974,0.691153161953081,2.958509563063383,4.137164559405029,5.117993812416755,4.137164559405029,4.42484663185681,5.117993812416755,3.7316994512968646,3.7316994512968646,0.691153161953081,3.7316994512968646,0.6753425559264385,5.117993812416755,0.691153161953081,0.691153161953081,5.117993812416755,4.42484663185681,4.607168188650764,4.830311739964974])",0.0
R073,"['one', 'ask', 'example', 'skin', 'drug', 'audience.', 'board', 'nothing', 'current', 'executive', 'sister.', 'impact', 'road', 'oil', 'leg', 'appear', 'social', 'size.', 'experts', 'discuss', 'ongoing', 'developments', 'economic', 'growth.']","(10000,[815,823,1972,2664,3177,3507,3614,4292,4506,4687,5725,5833,6035,6290,6532,7454,7860,8182,9034,9144,9189,9462,9606,9966],[4.607168188650764,3.8187108282864943,3.914021008090819,3.8187108282864943,5.117993812416755,4.42484663185681,0.6832166123573445,4.830311739964974,0.691153161953081,0.6871770135734415,4.42484663185681,4.019381523748645,4.019381523748645,4.270695952029551,5.523458920524919,3.914021008090819,2.8154087194227095,4.137164559405029,2.8154087194227095,2.661258039595451,4.42484663185681,0.691153161953081,4.42484663185681,4.270695952029551])",1.0
R239,"['stop', 'truth', 'final', 'wall', 'hold.', 'determine', 'method.', 'experts', 'discuss', 'ongoing', 'developments', 'education.']","(10000,[23,796,1653,2069,3614,4506,4687,5047,6404,7734,8463,9462],[4.830311739964974,4.137164559405029,4.019381523748645,4.42484663185681,0.6832166123573445,0.691153161953081,0.6871770135734415,2.6902455764687034,3.8187108282864943,4.019381523748645,5.117993812416755,0.691153161953081])",1.0
F181,"['appear', 'probably', 'your.', 'mr', 'behind', 'early', 'poor', 'admit', 'morning.', '—', 'shocking', 'claims', 'aliens', 'surface', 'internet.']","(10000,[503,650,2297,2647,4092,4115,4198,4346,5850,7281,7936,8103,8182,8338,8714],[0.691153161953081,2.958509563063383,4.270695952029551,4.270695952029551,3.8187108282864943,5.117993812416755,5.117993812416755,4.137164559405029,0.691153161953081,0.6753425559264385,0.691153161953081,4.019381523748645,4.137164559405029,0.691153161953081,5.117993812416755])",0.0
R138,"['industry', 'size', 'family', 'actually', 'whether', 'necessary', 'second.', 'southern', 'general', 'agreement.', 'cover', 'us', 'mind', 'space.', 'experts', 'discuss', 'ongoing', 'developments', 'election.']","(10000,[190,1098,3010,3184,3192,3406,3556,3614,3743,4506,4687,5465,6104,6447,6660,7979,8297,9462,9892],[4.830311739964974,4.42484663185681,4.019381523748645,2.8154087194227095,4.42484663185681,4.019381523748645,2.8844015909096608,0.6832166123573445,4.607168188650764,0.691153161953081,0.6871770135734415,3.6516567436233283,4.42484663185681,4.42484663185681,4.137164559405029,4.270695952029551,4.42484663185681,0.691153161953081,5.117993812416755])",1.0
R172,"['party', 'prove', 'boy', 'almost', 'quickly.', 'middle', 'often', 'room', 'hotel.', 'republican', 'school', 'stop', 'finally', 'lose', 'society.', 'experts', 'discuss', 'ongoing', 'developments', 'economic', 'growth.']","(10000,[7,157,494,796,1379,1817,2679,3614,3818,4422,4506,4616,4687,5169,5214,5248,8566,9034,9144,9462,9878],[4.607168188650764,3.914021008090819,3.914021008090819,4.137164559405029,4.270695952029551,4.019381523748645,3.7316994512968646,0.6832166123573445,5.117993812416755,4.137164559405029,0.691153161953081,4.607168188650764,0.6871770135734415,5.117993812416755,4.137164559405029,5.117993812416755,4.137164559405029,2.8154087194227095,2.661258039595451,0.691153161953081,4.270695952029551])",1.0
R143,"['blue', 'fly', 'fact', 'fire', 'field', 'maybe.', 'experts', 'discuss', 'ongoing', 'developments', 'policy.']","(10000,[2875,3614,4506,4687,5191,5768,5944,6944,7074,7215,9462],[5.117993812416755,0.6832166123573445,0.691153161953081,0.6871770135734415,4.270695952029551,4.137164559405029,4.42484663185681,2.8154087194227095,3.577548771469606,4.019381523748645,0.691153161953081])",1.0
F166,"['within', 'data', 'onto', 'rather', 'memory', 'each.', 'might', 'north', 'professional', 'senior', 'writer', 'and.', '—', 'shocking', 'claims', 'mind', 'control', 'surface', 'internet.']","(10000,[503,1208,1695,1778,2086,2155,2837,3184,3924,4144,4319,5850,6021,6906,6941,7281,7936,8338,9817],[0.691153161953081,2.7826188965997183,4.019381523748645,4.830311739964974,4.830311739964974,4.270695952029551,3.914021008090819,2.8154087194227095,4.137164559405029,4.42484663185681,3.3262343431887,0.691153161953081,4.42484663185681,4.607168188650764,4.137164559405029,0.6753425559264385,0.691153161953081,0.691153161953081,3.6516567436233283])",0.0
R003,"['treatment', 'interesting', 'religious', 'sea.', 'floor', 'home', 'prevent', 'serve', 'office', 'involve.', 'experts', 'discuss', 'ongoing', 'developments', 'budget', 'report.']","(10000,[1725,3252,3365,3614,3634,4293,4319,4506,4687,4991,5268,5432,7108,8015,8344,9462],[4.019381523748645,4.019381523748645,4.607168188650764,0.6832166123573445,4.607168188650764,4.270695952029551,3.3262343431887,0.691153161953081,0.6871770135734415,2.455405985391302,4.830311739964974,2.7200985396183848,5.523458920524919,4.42484663185681,3.8187108282864943,0.691153161953081])",1.0
R167,"['buy', 'movement', 'boy', 'magazine', 'meeting', 'young.', 'direction', 'traditional', 'foot.', 'join', 'possible', 'budget', 'appear', 'woman', 'tree.', 'experts', 'discuss', 'ongoing', 'developments', 'climate', 'change.']","(10000,[20,80,157,821,2041,2059,3614,4486,4506,4563,4687,4991,5252,5294,6100,8182,8413,8554,8952,9357,9462],[4.019381523748645,4.137164559405029,3.914021008090819,2.849310271098391,5.117993812416755,2.60568818844064,0.6832166123573445,5.117993812416755,0.691153161953081,4.019381523748645,0.6871770135734415,2.455405985391302,4.607168188650764,4.42484663185681,4.830311739964974,4.137164559405029,3.2721671219184243,3.914021008090819,4.270695952029551,4.830311739964974,0.691153161953081])",1.0
R183,"['floor', 'drug', 'debate', 'data', 'need.', 'experts', 'discuss', 'ongoing', 'developments', 'climate', 'change.']","(10000,[821,1695,2059,3614,4319,4506,4687,6544,7860,8276,9462],[2.849310271098391,4.019381523748645,2.60568818844064,0.6832166123573445,3.3262343431887,0.691153161953081,0.6871770135734415,5.117993812416755,2.8154087194227095,3.8187108282864943,0.691153161953081])",1.0
R238,"['ago', 'threat', 'culture', 'future.', 'buy', 'wind', 'indicate', 'lead.', 'experts', 'discuss', 'ongoing', 'developments', 'technology', 'breakthrough.']","(10000,[80,1020,1896,2227,2558,3614,4506,4687,6485,7386,8070,8547,8645,9462],[4.137164559405029,2.6330871626287546,3.4440173788450834,2.7200985396183848,4.270695952029551,0.6832166123573445,0.691153161953081,0.6871770135734415,4.019381523748645,5.523458920524919,4.42484663185681,5.117993812416755,3.577548771469606,0.691153161953081])",1.0
R041,"['discussion', 'hope', 'cost', 'significant', 'white', 'nation', 'cause.', 'establish', 'challenge', 'task', 'give.', 'experts', 'discuss', 'ongoing', 'developments', 'election.']","(10000,[2923,3556,3614,4014,4490,4506,4687,5315,5843,5935,6000,7070,8451,8552,8759,9462],[4.270695952029551,2.8844015909096608,0.6832166123573445,4.42484663185681,3.914021008090819,0.691153161953081,0.6871770135734415,4.137164559405029,5.523458920524919,4.42484663185681,4.270695952029551,5.117993812416755,4.270695952029551,4.607168188650764,5.117993812416755,0.691153161953081])",1.0
F237,"['magazine', 'feeling', 'health', 'choose', 'build', 'mention', 'appear.', 'opportunity', 'voice', 'speech', 'list', 'single', 'whole.', 'right', 'place', 'simple', 'seek', 'grow', 'nearly', 'girl.', '—', 'shocking', 'claims', 'government', 'cover-up', 'surface', 'internet.']","(10000,[171,502,503,613,1790,1952,2259,2404,2866,2907,2913,3014,3073,3530,5850,6390,6976,7281,7370,7889,7936,8338,8413,8728,8805,9706,9813],[4.607168188650764,4.607168188650764,0.691153161953081,4.137164559405029,4.42484663185681,5.523458920524919,2.8154087194227095,4.137164559405029,5.523458920524919,4.137164559405029,3.914021008090819,4.137164559405029,5.117993812416755,4.42484663185681,0.691153161953081,4.270695952029551,4.607168188650764,0.6753425559264385,5.523458920524919,4.42484663185681,0.691153161953081,0.691153161953081,3.2721671219184243,3.5085558999826545,4.019381523748645,3.914021008090819,2.997730276216664])",0.0
R086,"['key', 'minute', 'interest', 'body.', 'experts', 'discuss', 'ongoing', 'developments', 'research.']","(10000,[70,3131,3357,3614,4506,4687,5726,7066,9462],[4.270695952029551,3.8187108282864943,4.137164559405029,0.6832166123573445,0.691153161953081,0.6871770135734415,4.42484663185681,2.849310271098391,0.691153161953081])",1.0
R240,"['bank', 'well', 'room', 'save.', 'also', 'enjoy', 'game.', 'generation', 'rather', 'spend', 'together', 'more.', 'experts', 'discuss', 'ongoing', 'developments', 'policy.']","(10000,[157,353,416,494,980,1805,2837,3614,3792,4506,4687,5498,6944,6963,8312,8982,9462],[3.914021008090819,4.270695952029551,4.607168188650764,3.914021008090819,4.830311739964974,4.607168188650764,3.914021008090819,0.6832166123573445,3.8187108282864943,0.691153161953081,0.6871770135734415,5.523458920524919,2.8154087194227095,4.270695952029551,4.42484663185681,4.270695952029551,0.691153161953081])",1.0
R133,"['firm', 'service', 'child', 'somebody', 'everybody', 'stage', 'prevent.', 'heart', 'moment', 'unit', 'get', 'simply.', 'experts', 'discuss', 'ongoing', 'developments', 'public', 'health.']","(10000,[30,816,1770,2252,2338,2561,3089,3401,3614,4506,4687,6219,6335,7244,8894,9426,9462,9808],[4.42484663185681,4.830311739964974,3.0385522707369192,3.914021008090819,4.830311739964974,4.42484663185681,4.137164559405029,4.607168188650764,0.6832166123573445,0.691153161953081,0.6871770135734415,3.0811118851557153,4.137164559405029,3.577548771469606,3.914021008090819,4.137164559405029,0.691153161953081,4.137164559405029])",1.0
F044,"['sit', 'concern', 'business', 'teacher', 'job', 'store.', '—', 'shocking', 'claims', 'hoax', 'surface', 'internet.']","(10000,[503,557,1968,4377,5374,5850,6946,7281,7443,7936,8338,8708],[0.691153161953081,4.019381523748645,4.137164559405029,2.60568818844064,3.8187108282864943,0.691153161953081,4.830311739964974,0.6753425559264385,5.523458920524919,0.691153161953081,0.691153161953081,4.607168188650764])",0.0
F125,"['try', 'environmental', 'card', 'could.', 'test', 'wall', 'west', 'best', 'city', 'night.', 'space', 'force', 'upon', 'plan', 'economy', 'your.', '—', 'shocking', 'claims', 'government', 'cover-up', 'surface', 'internet.']","(10000,[217,391,503,763,2144,2259,3222,4198,4693,5085,5495,5850,6027,6123,6404,6586,6735,7281,7876,7936,8338,9188,9813],[3.7316994512968646,4.42484663185681,0.691153161953081,4.607168188650764,4.42484663185681,2.8154087194227095,5.117993812416755,5.117993812416755,4.137164559405029,3.7316994512968646,3.914021008090819,0.691153161953081,3.914021008090819,4.137164559405029,3.8187108282864943,4.137164559405029,4.137164559405029,0.6753425559264385,5.523458920524919,0.691153161953081,0.691153161953081,4.42484663185681,2.997730276216664])",0.0
F165,"['part', 'positive', 'total', 'book', 'gas', 'cultural', 'cell.', 'guy', 'trouble', 'sing', 'back', 'rock.', '—', 'shocking', 'claims', 'secret', 'cure', 'surface', 'internet.']","(10000,[1,94,393,503,2909,3892,5607,5850,6279,6451,6747,7281,7936,8338,8430,8549,8740,9233,9296],[3.914021008090819,4.137164559405029,4.137164559405029,0.691153161953081,4.270695952029551,2.5530444549552183,4.270695952029551,0.691153161953081,4.607168188650764,3.914021008090819,2.5530444549552183,0.6753425559264385,0.691153161953081,0.691153161953081,4.270695952029551,5.523458920524919,4.42484663185681,4.137164559405029,4.270695952029551])",0.0
F137,"['ground', 'east', 'particular.', 'eye', 'continue', 'value', 'authority.', '—', 'shocking', 'claims', 'flat', 'earth', 'surface', 'internet.']","(10000,[503,743,1341,2006,2918,5850,6487,6576,7281,7403,7936,8338,8633,9676],[0.691153161953081,4.607168188650764,5.117993812416755,4.830311739964974,3.0385522707369192,0.691153161953081,3.7316994512968646,4.270695952029551,0.6753425559264385,4.270695952029551,0.691153161953081,0.691153161953081,4.607168188650764,3.0385522707369192])",0.0
R088,"['player', 'war', 'trouble', 'radio.', 'democrat', 'represent', 'focus', 'new', 'fear.', 'experts', 'discuss', 'ongoing', 'developments', 'research.']","(10000,[585,2909,3614,3931,4506,4687,5234,6604,7066,7615,8717,8719,9032,9462],[4.019381523748645,4.270695952029551,0.6832166123573445,3.383392757028649,0.691153161953081,0.6871770135734415,4.270695952029551,4.270695952029551,2.849310271098391,5.117993812416755,3.6516567436233283,4.42484663185681,5.523458920524919,0.691153161953081])",1.0
R169,"['seek', 'close', 'security', 'past', 'suffer', 'night.', 'region', 'role', 'daughter', 'dinner', 'section', 'hand', 'carry.', 'experts', 'discuss', 'ongoing', 'developments', 'technology', 'breakthrough.']","(10000,[171,1020,2227,2240,2634,3222,3350,3423,3497,3614,3881,4506,4687,6135,6968,7623,8159,9275,9462],[4.607168188650764,2.6330871626287546,2.7200985396183848,3.8187108282864943,4.019381523748645,5.117993812416755,4.019381523748645,4.607168188650764,4.019381523748645,0.6832166123573445,4.830311739964974,0.691153161953081,0.6871770135734415,4.607168188650764,4.42484663185681,4.270695952029551,3.8187108282864943,4.019381523748645,0.691153161953081])",1.0
R193,"['begin', 'wear', 'show', 'another', 'shoulder', 'hospital.', 'make', 'real', 'accept', 'least.', 'experts', 'discuss', 'ongoing', 'developments', 'technology', 'breakthrough.']","(10000,[934,1020,1513,2227,2657,3163,3525,3614,4019,4506,4687,6581,6756,8166,9462,9691],[4.830311739964974,2.6330871626287546,5.117993812416755,2.7200985396183848,3.383392757028649,5.523458920524919,4.830311739964974,0.6832166123573445,4.830311739964974,0.691153161953081,0.6871770135734415,4.137164559405029,3.914021008090819,4.42484663185681,0.691153161953081,4.019381523748645])",0.0
F247,"['production', 'direction', 'factor', 'say', 'save.', 'smile', 'sign', 'site', 'first', 'issue', 'picture', 'art.', 'understand', 'yet', 'across', 'management', 'attention.', '—', 'shocking', 'claims', 'mind', 'control', 'surface', 'internet.']","(10000,[503,980,1208,1241,2481,2713,3184,4037,4043,5850,5862,5891,6403,6487,6616,6756,7074,7281,7936,8203,8338,8353,8554,9561],[0.691153161953081,4.830311739964974,2.7826188965997183,3.3262343431887,5.117993812416755,4.019381523748645,2.8154087194227095,4.607168188650764,3.8187108282864943,0.691153161953081,3.914021008090819,4.019381523748645,3.8187108282864943,3.7316994512968646,4.270695952029551,3.914021008090819,3.577548771469606,0.6753425559264385,0.691153161953081,4.830311739964974,0.691153161953081,4.019381523748645,3.914021008090819,4.270695952029551])",0.0
R179,"['science', 'poor', 'job', 'fast', 'sign.', 'wait', 'environment', 'really', 'recently', 'quickly', 'always', 'able.', 'maybe', 'type', 'choice', 'culture', 'want.', 'throw', 'well', 'whatever', 'table', 'prepare.', 'experts', 'discuss', 'ongoing', 'developments', 'technology', 'breakthrough.']","(10000,[157,557,1020,2034,2227,2407,3363,3386,3391,3526,3614,3931,4112,4506,4687,4818,5477,6053,7695,8103,8325,8645,8730,9011,9263,9414,9462,9637],[3.914021008090819,4.019381523748645,2.6330871626287546,4.270695952029551,2.7200985396183848,4.137164559405029,3.8187108282864943,4.830311739964974,4.019381523748645,3.914021008090819,0.6832166123573445,3.383392757028649,4.42484663185681,0.691153161953081,0.6871770135734415,4.137164559405029,4.42484663185681,3.383392757028649,4.019381523748645,4.019381523748645,3.8187108282864943,3.577548771469606,5.523458920524919,4.42484663185681,3.914021008090819,5.117993812416755,0.691153161953081,5.523458920524919])",1.0
F138,"['accept', 'benefit', 'yes', 'yourself.', 'blue', 'open', 'tonight', 'successful', 'somebody.', '—', 'shocking', 'claims', 'immortal', 'jellyfish', 'surface', 'internet.']","(10000,[503,2066,2657,3389,5044,5653,5659,5768,5783,5850,7281,7321,7936,8338,8741,9876],[0.691153161953081,2.7508701982851385,3.383392757028649,3.7316994512968646,4.270695952029551,4.830311739964974,4.019381523748645,4.137164559405029,3.7316994512968646,0.691153161953081,0.6753425559264385,4.830311739964974,0.691153161953081,0.691153161953081,4.830311739964974,2.7508701982851385])",0.0
R017,"['modern', 'question', 'since', 'unit', 'score', 'national.', 'nice', 'behind', 'west', 'available', 'move', 'take', 'look', 'why.', 'experts', 'discuss', 'ongoing', 'developments', 'policy.']","(10000,[855,1927,2336,2475,2947,3370,3614,4346,4506,4687,5085,6282,6287,6335,6740,6944,7682,9462,9939],[3.8187108282864943,4.270695952029551,4.019381523748645,4.42484663185681,3.914021008090819,3.7316994512968646,0.6832166123573445,4.137164559405029,0.691153161953081,0.6871770135734415,3.7316994512968646,4.607168188650764,3.8187108282864943,4.137164559405029,4.830311739964974,2.8154087194227095,5.117993812416755,0.691153161953081,4.270695952029551])",1.0
F090,"['table', 'cold', 'recently', 'black', 'discover.', 'yes', 'home', 'challenge', 'success.', '—', 'shocking', 'claims', 'mind', 'control', 'surface', 'internet.']","(10000,[503,1208,1848,1948,2034,3184,3365,3920,3931,5044,5850,5935,7281,7936,8280,8338],[0.691153161953081,2.7826188965997183,5.523458920524919,3.6516567436233283,4.270695952029551,2.8154087194227095,4.607168188650764,4.607168188650764,3.383392757028649,4.270695952029551,0.691153161953081,4.42484663185681,0.6753425559264385,0.691153161953081,4.607168188650764,0.691153161953081])",0.0
F222,"['international', 'ago', 'economic', 'identify', 'short', 'message.', 'offer', 'put', 'seven', 'true', 'throw', 'relationship', 'feeling.', 'quite', 'letter', 'step', 'box', 'upon.', '—', 'shocking', 'claims', 'mind', 'control', 'surface', 'internet.']","(10000,[188,503,564,1208,1262,1558,1896,2958,3184,3967,4260,5087,5643,5850,6056,7055,7188,7281,7850,7922,7936,8325,8338,8871,9144],[3.8187108282864943,0.691153161953081,3.914021008090819,2.7826188965997183,4.42484663185681,4.42484663185681,3.4440173788450834,4.270695952029551,2.8154087194227095,4.830311739964974,4.270695952029551,5.117993812416755,5.523458920524919,0.691153161953081,3.7316994512968646,5.523458920524919,4.137164559405029,0.6753425559264385,4.42484663185681,4.42484663185681,0.691153161953081,3.8187108282864943,0.691153161953081,4.270695952029551,2.661258039595451])",0.0
R114,"['happen', 'large', 'fact', 'build', 'edge.', 'experts', 'discuss', 'ongoing', 'developments', 'climate', 'change.']","(10000,[821,2059,3014,3614,4506,4687,4704,7022,7215,8859,9462],[2.849310271098391,2.60568818844064,4.137164559405029,0.6832166123573445,0.691153161953081,0.6871770135734415,4.019381523748645,3.6516567436233283,4.019381523748645,4.607168188650764,0.691153161953081])",1.0
F235,"['guy', 'however', 'prepare', 'his.', 'street', 'assume', 'federal', 'rule.', 'seven', 'thus', 'common', 'name.', '—', 'shocking', 'claims', 'celebrity', 'scandal', 'surface', 'internet.']","(10000,[94,503,633,911,2286,2664,3486,3684,3754,4921,5684,5850,6332,7281,7711,7850,7936,8338,8919],[4.137164559405029,0.691153161953081,4.270695952029551,4.270695952029551,4.019381523748645,3.8187108282864943,2.849310271098391,4.607168188650764,4.830311739964974,2.849310271098391,4.830311739964974,0.691153161953081,4.42484663185681,0.6753425559264385,5.523458920524919,4.42484663185681,0.691153161953081,0.691153161953081,4.830311739964974])",0.0
F185,"['range', 'study', 'bank', 'heart', 'son', 'dog', 'chair.', 'single', 'test', 'officer', 'manager', 'card', 'peace', 'card.', '—', 'shocking', 'claims', 'hoax', 'surface', 'internet.']","(10000,[165,209,503,696,1584,1652,2092,2144,4224,4377,5850,6586,6697,7281,7889,7936,8338,8982,9564,9808],[4.137164559405029,3.8187108282864943,0.691153161953081,3.914021008090819,5.117993812416755,3.8187108282864943,4.607168188650764,4.42484663185681,4.607168188650764,2.60568818844064,0.691153161953081,4.137164559405029,3.8187108282864943,0.6753425559264385,4.42484663185681,0.691153161953081,0.691153161953081,4.270695952029551,4.607168188650764,4.137164559405029])",1.0
F221,"['science', 'meet', 'whose.', 'stay', 'common', 'glass', 'away', 'white.', '—', 'shocking', 'claims', 'flat', 'earth', 'surface', 'internet.']","(10000,[433,503,2918,3363,3737,5850,6332,6383,6877,6932,7281,7936,8338,9676,9940],[4.270695952029551,0.691153161953081,3.0385522707369192,3.8187108282864943,4.270695952029551,0.691153161953081,4.42484663185681,5.523458920524919,5.117993812416755,3.7316994512968646,0.6753425559264385,0.691153161953081,0.691153161953081,3.0385522707369192,3.8187108282864943])",0.0
F054,"['dream', 'national', 'four', 'doctor', 'impact', 'early', 'stuff.', 'strategy', 'guess', 'choice', 'subject', 'partner', 'structure.', 'build', 'whole', 'safe', 'war.', '—', 'shocking', 'claims', 'secret', 'cure', 'surface', 'internet.']","(10000,[116,503,627,777,1243,1972,2291,2366,2825,3014,3892,4092,5392,5850,6053,6747,6749,7281,7642,7910,7936,8338,8655,8660],[3.4440173788450834,0.691153161953081,4.42484663185681,4.137164559405029,4.42484663185681,3.914021008090819,4.607168188650764,4.019381523748645,5.117993812416755,4.137164559405029,2.5530444549552183,3.8187108282864943,4.830311739964974,0.691153161953081,3.383392757028649,2.5530444549552183,5.523458920524919,0.6753425559264385,4.42484663185681,4.137164559405029,0.691153161953081,0.691153161953081,4.019381523748645,5.117993812416755])",0.0
R000,"['since', 'south', 'race', 'learn', 'leader', 'summer.', 'instead', 'former', 'sport', 'stay', 'however', 'talk', 'player', 'single.', 'low', 'suddenly', 'talk', 'candidate', 'allow', 'interview.', 'experts', 'discuss', 'ongoing', 'developments', 'public', 'health.']","(10000,[433,454,911,1526,1770,2191,3489,3614,4160,4358,4506,4527,4687,4816,4835,5138,5967,6219,6287,6604,8278,8411,8581,8925,9462],[4.270695952029551,3.5085558999826545,4.270695952029551,4.019381523748645,3.0385522707369192,4.42484663185681,5.117993812416755,0.6832166123573445,5.117993812416755,4.270695952029551,0.691153161953081,4.270695952029551,0.6871770135734415,3.8187108282864943,4.137164559405029,5.523458920524919,3.7316994512968646,3.0811118851557153,3.8187108282864943,4.270695952029551,4.270695952029551,3.914021008090819,4.270695952029551,8.274329118810059,0.691153161953081])",1.0
R178,"['sense', 'child', 'bar', 'without.', 'think', 'price', 'national', 'ever', 'red', 'significant.', 'call', 'drug', 'evidence', 'name', 'individual', 'however.', 'experts', 'discuss', 'ongoing', 'developments', 'budget', 'report.']","(10000,[15,52,1738,2054,2126,2335,3614,3804,4506,4687,4991,5146,5432,5447,5594,7244,7332,7860,7910,8614,9261,9462],[5.117993812416755,4.607168188650764,3.914021008090819,3.577548771469606,5.523458920524919,4.019381523748645,0.6832166123573445,5.523458920524919,0.691153161953081,0.6871770135734415,2.455405985391302,4.270695952029551,2.7200985396183848,4.019381523748645,4.137164559405029,3.577548771469606,4.270695952029551,2.8154087194227095,4.137164559405029,4.137164559405029,5.117993812416755,0.691153161953081])",1.0
F006,"['manager', 'color', 'walk', 'huge', 'necessary.', 'girl', 'say', 'suffer', 'rather.', 'peace', 'generation', 'key', 'pm', 'skill', 'finish', 'address.', 'much', 'design', 'person.', '—', 'shocking', 'claims', 'hoax', 'surface', 'internet.']","(10000,[503,524,1029,1107,1259,1652,1661,1750,2198,3131,3922,4377,5850,5862,6135,6142,6578,6697,6963,7026,7281,7936,8338,9832,9968],[0.691153161953081,3.383392757028649,4.019381523748645,4.42484663185681,4.607168188650764,3.8187108282864943,5.117993812416755,5.523458920524919,4.830311739964974,3.8187108282864943,4.270695952029551,2.60568818844064,0.691153161953081,3.914021008090819,4.607168188650764,4.137164559405029,4.607168188650764,3.8187108282864943,4.270695952029551,4.137164559405029,0.6753425559264385,0.691153161953081,0.691153161953081,3.914021008090819,3.914021008090819])",0.0
F174,"['include', 'room', 'election', 'school.', 'score', 'imagine', 'focus', 'realize', 'every.', '—', 'shocking', 'claims', 'secret', 'cure', 'surface', 'internet.']","(10000,[132,494,503,1211,1582,1927,2953,3892,3931,5301,5850,6747,7281,7936,8338,8997],[5.117993812416755,3.914021008090819,0.691153161953081,5.117993812416755,4.270695952029551,4.270695952029551,4.270695952029551,2.5530444549552183,3.383392757028649,4.607168188650764,0.691153161953081,2.5530444549552183,0.6753425559264385,0.691153161953081,0.691153161953081,5.117993812416755])",0.0
R009,"['key', 'nation', 'people.', 'green', 'commercial', 'according', 'order', 'see', 'player.', 'fast', 'research', 'loss.', 'choose', 'local', 'letter.', 'experts', 'discuss', 'ongoing', 'developments', 'election.']","(10000,[228,551,690,1226,2263,3131,3166,3556,3614,4014,4300,4506,4687,5354,6443,7564,9263,9432,9462,9706],[3.914021008090819,4.42484663185681,5.117993812416755,5.117993812416755,5.523458920524919,3.8187108282864943,5.117993812416755,2.8844015909096608,0.6832166123573445,4.42484663185681,4.830311739964974,0.691153161953081,0.6871770135734415,4.607168188650764,3.8187108282864943,4.019381523748645,3.914021008090819,3.914021008090819,0.691153161953081,3.914021008090819])",1.0
R122,"['crime', 'country', 'cause', 'property', 'lay', 'expect.', 'security', 'western', 'similar', 'executive', 'decide', 'police.', 'science', 'possible', 'let', 'knowledge', 'send', 'building.', 'experts', 'discuss', 'ongoing', 'developments', 'economic', 'growth.']","(10000,[316,524,731,2278,2634,2733,3363,3614,4391,4475,4506,4687,5523,6100,7046,7864,7870,8219,8267,8293,9034,9144,9462,9966],[4.270695952029551,3.383392757028649,4.137164559405029,5.117993812416755,4.019381523748645,4.270695952029551,3.8187108282864943,0.6832166123573445,4.830311739964974,4.42484663185681,0.691153161953081,0.6871770135734415,4.270695952029551,4.830311739964974,4.830311739964974,5.117993812416755,3.914021008090819,4.830311739964974,3.914021008090819,4.830311739964974,2.8154087194227095,2.661258039595451,0.691153161953081,4.270695952029551])",1.0
F189,"['ground', 'defense', 'difference', 'model.', '—', 'shocking', 'claims', 'immortal', 'jellyfish', 'surface', 'internet.']","(10000,[503,2066,3543,5850,6487,7281,7866,7936,8338,9156,9876],[0.691153161953081,2.7508701982851385,4.019381523748645,0.691153161953081,3.7316994512968646,0.6753425559264385,4.270695952029551,0.691153161953081,0.691153161953081,3.914021008090819,2.7508701982851385])",0.0
R146,"['peace', 'friend', 'rock', 'table', 'happy.', 'experts', 'discuss', 'ongoing', 'developments', 'technology', 'breakthrough.']","(10000,[488,574,1020,2227,2956,3614,3931,4506,4687,6697,9462],[4.830311739964974,3.8187108282864943,2.6330871626287546,2.7200985396183848,5.523458920524919,0.6832166123573445,3.383392757028649,0.691153161953081,0.6871770135734415,3.8187108282864943,0.691153161953081])",1.0
R022,"['yard', 'stay', 'foot', 'tell', 'however', 'sport', 'into.', 'pay', 'behind', 'run', 'son', 'receive', 'provide.', 'provide', 'child', 'wife', 'defense', 'according', 'determine', 'serve', 'go.', 'experts', 'discuss', 'ongoing', 'developments', 'climate', 'change.']","(10000,[209,266,424,433,442,533,821,911,1725,1850,2059,3021,3543,3614,4346,4506,4617,4687,4702,4897,5946,7244,7564,7734,7890,8278,9462],[3.8187108282864943,4.137164559405029,4.137164559405029,4.270695952029551,5.117993812416755,3.914021008090819,2.849310271098391,4.270695952029551,4.019381523748645,4.019381523748645,2.60568818844064,4.42484663185681,4.019381523748645,0.6832166123573445,4.137164559405029,0.691153161953081,3.7316994512968646,0.6871770135734415,4.830311739964974,4.607168188650764,3.8187108282864943,3.577548771469606,4.019381523748645,4.019381523748645,4.270695952029551,4.270695952029551,0.691153161953081])",1.0
F177,"['theory', 'career', 'like', 'computer.', 'character', 'physical', 'energy.', 'detail', 'much', 'simple', 'later', 'summer.', 'evidence', 'player', 'say', 'inside.', '—', 'shocking', 'claims', 'aliens', 'surface', 'internet.']","(10000,[503,524,560,650,1143,1468,2054,2191,2913,3330,4867,4930,5465,5779,5850,5862,6604,7281,7393,7936,8338,8649],[0.691153161953081,3.383392757028649,4.270695952029551,2.958509563063383,3.914021008090819,3.6516567436233283,3.577548771469606,4.42484663185681,3.914021008090819,4.607168188650764,4.137164559405029,3.8187108282864943,3.6516567436233283,5.523458920524919,0.691153161953081,3.914021008090819,4.270695952029551,0.6753425559264385,4.607168188650764,0.691153161953081,0.691153161953081,4.42484663185681])",0.0
F021,"['perform', 'style', 'book', 'charge', 'their.', '—', 'shocking', 'claims', 'secret', 'cure', 'surface', 'internet.']","(10000,[393,503,1098,3892,4108,5850,6747,6812,7281,7936,8000,8338],[4.137164559405029,0.691153161953081,4.42484663185681,2.5530444549552183,5.523458920524919,0.691153161953081,2.5530444549552183,3.914021008090819,0.6753425559264385,0.691153161953081,4.42484663185681,0.691153161953081])",0.0
R039,"['central', 'already', 'fear', 'provide', 'treat.', 'door', 'moment', 'majority', 'people', 'low.', 'involve', 'heavy', 'society', 'along', 'option', 'main.', 'experts', 'discuss', 'ongoing', 'developments', 'economic', 'growth.']","(10000,[327,594,2840,3401,3614,4263,4506,4687,4847,5946,6271,8546,8928,8949,9034,9066,9144,9244,9462,9513,9613,9668],[4.42484663185681,4.270695952029551,4.137164559405029,4.607168188650764,0.6832166123573445,3.7316994512968646,0.691153161953081,0.6871770135734415,3.914021008090819,3.8187108282864943,3.8187108282864943,5.117993812416755,4.137164559405029,4.019381523748645,2.8154087194227095,4.607168188650764,2.661258039595451,4.270695952029551,0.691153161953081,4.137164559405029,4.607168188650764,4.830311739964974])",1.0
F061,"['likely', 'school', 'medical', 'thousand.', 'church', 'season', 'base', 'deep', 'think.', '—', 'shocking', 'claims', 'miracle', 'drug', 'surface', 'internet.']","(10000,[309,503,1256,1273,1762,1948,2358,2679,5850,6444,7281,7860,7936,8173,8268,8338],[4.42484663185681,0.691153161953081,3.125563647726549,4.137164559405029,4.830311739964974,3.6516567436233283,4.270695952029551,3.7316994512968646,0.691153161953081,5.117993812416755,0.6753425559264385,2.8154087194227095,0.691153161953081,3.6516567436233283,3.6516567436233283,0.691153161953081])",0.0
R057,"['single', 'theory', 'charge', 'concern', 'mr', 'home.', 'family', 'air', 'maintain', 'open.', 'experts', 'discuss', 'ongoing', 'developments', 'technology', 'breakthrough.']","(10000,[88,1020,1468,1968,2227,2647,3614,4506,4687,5247,5861,6812,7381,7889,8297,9462],[4.137164559405029,2.6330871626287546,3.6516567436233283,4.137164559405029,2.7200985396183848,4.270695952029551,0.6832166123573445,0.691153161953081,0.6871770135734415,4.42484663185681,4.42484663185681,3.914021008090819,5.523458920524919,4.42484663185681,4.42484663185681,0.691153161953081])",1.0
F154,"['stock', 'get', 'difference', 'major.', 'theory', 'clear', 'soldier', 'specific', 'successful', 'minute.', '—', 'shocking', 'claims', 'immortal', 'jellyfish', 'surface', 'internet.']","(10000,[503,793,1468,1611,2059,2066,4141,5659,5850,7175,7281,7866,7936,8338,9426,9829,9876],[0.691153161953081,4.019381523748645,3.6516567436233283,4.270695952029551,2.60568818844064,2.7508701982851385,4.42484663185681,4.019381523748645,0.691153161953081,5.523458920524919,0.6753425559264385,4.270695952029551,0.691153161953081,0.691153161953081,4.137164559405029,4.830311739964974,2.7508701982851385])",0.0
F052,"['party', 'may', 'moment', 'question', 'glass', 'watch.', '—', 'shocking', 'claims', 'mind', 'control', 'surface', 'internet.']","(10000,[503,1208,1379,2519,2947,3184,3401,5850,6932,7281,7936,8338,9160],[0.691153161953081,2.7826188965997183,4.270695952029551,5.117993812416755,3.914021008090819,2.8154087194227095,4.607168188650764,0.691153161953081,3.7316994512968646,0.6753425559264385,0.691153161953081,0.691153161953081,4.019381523748645])",0.0
F124,"['provide', 'much', 'cost', 'half', 'early', 'red.', 'learn', 'radio', 'staff', 'american', 'ago', 'prevent', 'drop.', '—', 'shocking', 'claims', 'flat', 'earth', 'surface', 'internet.']","(10000,[503,524,1780,1896,2918,3252,4092,4490,5850,5946,5967,6224,7281,7652,7936,8338,8852,9086,9676,9948],[0.691153161953081,3.383392757028649,4.137164559405029,3.4440173788450834,3.0385522707369192,4.019381523748645,3.8187108282864943,3.914021008090819,0.691153161953081,3.8187108282864943,3.7316994512968646,3.577548771469606,0.6753425559264385,4.019381523748645,0.691153161953081,0.691153161953081,5.117993812416755,4.830311739964974,3.0385522707369192,4.830311739964974])",0.0
R071,"['major', 'form', 'represent', 'work', 'ahead.', 'old', 'mrs', 'help', 'care', 'test.', 'experts', 'discuss', 'ongoing', 'developments', 'budget', 'report.']","(10000,[1058,3614,4506,4687,4991,5310,5432,5621,7083,8717,8960,9347,9462,9527,9663,9751],[4.019381523748645,0.6832166123573445,0.691153161953081,0.6871770135734415,2.455405985391302,4.270695952029551,2.7200985396183848,4.42484663185681,3.8187108282864943,3.6516567436233283,5.523458920524919,4.607168188650764,0.691153161953081,3.8187108282864943,4.830311739964974,3.914021008090819])",1.0
R152,"['conference', 'bed', 'partner.', 'risk', 'remember', 'agreement', 'three', 'dinner', 'pull.', 'mention', 'report', 'stand.', 'experts', 'discuss', 'ongoing', 'developments', 'budget', 'report.']","(10000,[1612,2240,2907,3614,4506,4590,4687,4991,5432,5657,5685,5925,6090,6505,8413,8794,9462,9497],[5.523458920524919,3.8187108282864943,4.137164559405029,0.6832166123573445,0.691153161953081,5.523458920524919,0.6871770135734415,2.455405985391302,2.7200985396183848,4.270695952029551,4.270695952029551,4.137164559405029,5.117993812416755,4.270695952029551,3.2721671219184243,4.137164559405029,0.691153161953081,4.019381523748645])",1.0
F038,"['method', 'notice', 'art', 'table', 'worry', 'shoulder.', 'production', 'risk', 'officer.', '—', 'shocking', 'claims', 'mind', 'control', 'surface', 'internet.']","(10000,[503,1208,1525,3184,3740,3931,5850,6015,6511,7281,7854,7936,8338,8343,8353,8794],[0.691153161953081,2.7826188965997183,3.8187108282864943,2.8154087194227095,5.117993812416755,3.383392757028649,0.691153161953081,4.270695952029551,5.117993812416755,0.6753425559264385,4.42484663185681,0.691153161953081,0.691153161953081,4.270695952029551,4.019381523748645,4.137164559405029])",0.0
F101,"['song', 'nation', 'difficult', 'support', 'doctor', 'power.', 'choose', 'way', 'black', 'force.', '—', 'shocking', 'claims', 'immortal', 'jellyfish', 'surface', 'internet.']","(10000,[503,777,1029,1712,1948,2066,4014,5850,6291,7281,7350,7936,8217,8338,9391,9706,9876],[0.691153161953081,4.137164559405029,4.019381523748645,4.270695952029551,3.6516567436233283,2.7508701982851385,4.42484663185681,0.691153161953081,4.830311739964974,0.6753425559264385,4.42484663185681,0.691153161953081,4.830311739964974,0.691153161953081,3.6516567436233283,3.914021008090819,2.7508701982851385])",0.0
F203,"['economy', 'authority', 'clear', 'last', 'speech', 'voice', 'loss', 'ahead.', 'item', 'kind', 'network.', 'ten', 'sea', 'society', 'popular', 'film.', '—', 'shocking', 'claims', 'celebrity', 'scandal', 'surface', 'internet.']","(10000,[217,327,502,503,1176,1611,1916,3486,3530,3989,4921,5085,5183,5329,5850,6044,6148,7281,7515,7936,8338,9617,9663],[3.7316994512968646,4.42484663185681,4.607168188650764,0.691153161953081,3.8187108282864943,4.270695952029551,4.270695952029551,2.849310271098391,4.42484663185681,5.523458920524919,2.849310271098391,3.7316994512968646,5.523458920524919,3.8187108282864943,0.691153161953081,4.830311739964974,4.830311739964974,0.6753425559264385,5.117993812416755,0.691153161953081,0.691153161953081,4.607168188650764,4.830311739964974])",0.0
F192,"['according', 'walk', 'market', 'computer.', 'account', 'ball', 'area', 'stop.', '—', 'shocking', 'claims', 'government', 'cover-up', 'surface', 'internet.']","(10000,[503,2259,2657,5649,5850,6142,6917,7281,7393,7492,7564,7936,8338,9187,9813],[0.691153161953081,2.8154087194227095,3.383392757028649,4.607168188650764,0.691153161953081,4.137164559405029,5.117993812416755,0.6753425559264385,4.607168188650764,4.42484663185681,4.019381523748645,0.691153161953081,0.691153161953081,3.5085558999826545,2.997730276216664])",0.0
R189,"['police', 'threat', 'whose', 'image.', 'hear', 'man', 'put', 'create.', 'woman', 'resource', 'move', 'prepare.', 'experts', 'discuss', 'ongoing', 'developments', 'climate', 'change.']","(10000,[821,1670,2059,2569,3386,3614,3876,4506,4563,4687,4842,6282,6808,8070,8871,9462,9539,9604],[2.849310271098391,4.137164559405029,2.60568818844064,4.019381523748645,4.830311739964974,0.6832166123573445,4.607168188650764,0.691153161953081,4.019381523748645,0.6871770135734415,4.42484663185681,4.607168188650764,4.830311739964974,4.42484663185681,4.270695952029551,0.691153161953081,4.607168188650764,5.117993812416755])",1.0
R098,"['beautiful.', 'experts', 'discuss', 'ongoing', 'developments', 'election.']","(10000,[870,3556,3614,4506,4687,9462],[5.117993812416755,2.8844015909096608,0.6832166123573445,0.691153161953081,0.6871770135734415,0.691153161953081])",1.0
R149,"['source', 'dream', 'age', 'language.', 'month', 'conference', 'grow', 'section.', 'allow', 'prove', 'anything', 'work', 'chair', 'position', 'new.', 'stop', 'yeah', 'marriage', 'school', 'energy', 'how.', 'experts', 'discuss', 'ongoing', 'developments', 'economic', 'growth.']","(10000,[681,796,1133,1339,2114,2366,2404,2679,3249,3614,4506,4687,4835,5214,5657,5741,6021,6229,6280,7721,8307,8791,9034,9144,9462,9527,9998],[4.607168188650764,4.137164559405029,4.830311739964974,4.137164559405029,3.8187108282864943,4.019381523748645,4.137164559405029,3.7316994512968646,3.6516567436233283,0.6832166123573445,0.691153161953081,0.6871770135734415,4.137164559405029,4.137164559405029,4.270695952029551,4.137164559405029,4.42484663185681,3.914021008090819,5.117993812416755,3.8187108282864943,4.270695952029551,4.42484663185681,2.8154087194227095,2.661258039595451,0.691153161953081,3.8187108282864943,5.523458920524919])",1.0
R046,"['town', 'simply', 'house', 'street', 'research', 'cold', 'front.', 'west', 'management', 'economy', 'director', 'example.', 'character', 'upon', 'director.', 'experts', 'discuss', 'ongoing', 'developments', 'education.']","(10000,[217,1241,1642,1834,1853,3614,3684,3920,4253,4506,4687,4715,4867,5047,5085,5836,6735,8408,9432,9462],[3.7316994512968646,3.3262343431887,4.019381523748645,4.607168188650764,4.607168188650764,0.6832166123573445,4.607168188650764,4.607168188650764,4.830311739964974,0.691153161953081,0.6871770135734415,3.7316994512968646,4.137164559405029,2.6902455764687034,3.7316994512968646,4.137164559405029,4.137164559405029,5.523458920524919,3.914021008090819,0.691153161953081])",0.0
F055,"['sell', 'statement', 'would.', 'lot', 'hold', 'itself.', '—', 'shocking', 'claims', 'hoax', 'surface', 'internet.']","(10000,[503,1410,2389,2862,4377,4485,4943,5850,7281,7936,8338,9817],[0.691153161953081,4.607168188650764,3.8187108282864943,5.117993812416755,2.60568818844064,3.914021008090819,4.137164559405029,0.691153161953081,0.6753425559264385,0.691153161953081,0.691153161953081,3.6516567436233283])",0.0
F159,"['account', 'center', 'young', 'two.', 'daughter', 'plant', 'sure', 'half', 'thing', 'issue', 'interest.', 'receive', 'bill', 'yeah.', '—', 'shocking', 'claims', 'flat', 'earth', 'surface', 'internet.']","(10000,[141,503,1480,1511,1780,1821,2918,3857,4617,5850,6616,7244,7281,7623,7809,7936,8134,8135,8338,9187,9676],[5.117993812416755,0.691153161953081,4.137164559405029,5.523458920524919,4.137164559405029,4.137164559405029,3.0385522707369192,3.914021008090819,3.7316994512968646,0.691153161953081,4.270695952029551,3.577548771469606,0.6753425559264385,4.270695952029551,4.270695952029551,0.691153161953081,4.830311739964974,4.270695952029551,0.691153161953081,3.5085558999826545,3.0385522707369192])",0.0
F083,"['political', 'early', 'down.', 'many', 'expect', 'get', 'clearly.', 'country', 'everyone', 'son', 'western', 'heavy', 'money', 'front.', '—', 'shocking', 'claims', 'secret', 'cure', 'surface', 'internet.']","(10000,[209,503,524,1985,3691,3892,3935,4092,4253,5188,5850,6103,6747,7281,7870,7936,8338,8893,8949,9025,9426],[3.8187108282864943,0.691153161953081,3.383392757028649,5.523458920524919,4.42484663185681,2.5530444549552183,4.019381523748645,3.8187108282864943,4.830311739964974,4.019381523748645,0.691153161953081,4.607168188650764,2.5530444549552183,0.6753425559264385,3.914021008090819,0.691153161953081,0.691153161953081,4.270695952029551,4.019381523748645,4.607168188650764,4.137164559405029])",1.0
R109,"['responsibility', 'range', 'international', 'understand', 'community', 'talk', 'majority.', 'realize', 'ago', 'tough.', 'experts', 'discuss', 'ongoing', 'developments', 'education.']","(10000,[165,188,1582,1896,3502,3614,3709,4506,4687,5047,6487,7036,8174,8925,9462],[4.137164559405029,3.8187108282864943,4.270695952029551,3.4440173788450834,3.914021008090819,0.6832166123573445,4.607168188650764,0.691153161953081,0.6871770135734415,2.6902455764687034,3.7316994512968646,5.117993812416755,4.019381523748645,4.137164559405029,0.691153161953081])",1.0
R102,"['people', 'trial', 'figure', 'collection.', 'real', 'miss', 'easy', 'i.', 'experts', 'discuss', 'ongoing', 'developments', 'climate', 'change.']","(10000,[564,760,821,1071,2059,3410,3614,3652,4110,4263,4506,4687,9462,9691],[3.914021008090819,4.019381523748645,2.849310271098391,4.42484663185681,2.60568818844064,4.137164559405029,0.6832166123573445,4.137164559405029,4.270695952029551,3.7316994512968646,0.691153161953081,0.6871770135734415,0.691153161953081,4.019381523748645])",1.0
R060,"['community', 'suggest', 'bill', 'world', 'claim.', 'draw', 'bank.', 'whole', 'involve', 'coach', 'word', 'say', 'ability.', 'experts', 'discuss', 'ongoing', 'developments', 'election.']","(10000,[226,627,1876,3514,3519,3556,3614,4506,4687,5862,6271,7816,8135,8167,8174,9360,9462,9615],[4.830311739964974,4.42484663185681,5.523458920524919,4.607168188650764,3.8187108282864943,2.8844015909096608,0.6832166123573445,0.691153161953081,0.6871770135734415,3.914021008090819,3.8187108282864943,4.42484663185681,4.270695952029551,4.137164559405029,4.019381523748645,4.137164559405029,0.691153161953081,5.523458920524919])",1.0
F085,"['congress', 'exactly', 'mission.', 'reveal', 'three', 'arm', 'today', 'democratic', 'put.', '—', 'shocking', 'claims', 'secret', 'cure', 'surface', 'internet.']","(10000,[503,1507,2096,3892,3984,4489,5476,5606,5850,5925,6747,7281,7936,8338,8728,9806],[0.691153161953081,4.270695952029551,4.270695952029551,2.5530444549552183,4.019381523748645,4.830311739964974,5.117993812416755,4.42484663185681,0.691153161953081,4.137164559405029,2.5530444549552183,0.6753425559264385,0.691153161953081,0.691153161953081,3.5085558999826545,4.42484663185681])",0.0
F188,"['help', 'explain', 'least', 'deal', 'heavy', 'general', 'technology.', 'wall', 'anything', 'stage.', 'remain', 'reflect', 'responsibility', 'either', 'wait', 'thought.', '—', 'shocking', 'claims', 'hoax', 'surface', 'internet.']","(10000,[503,1433,1634,2114,3502,4377,4461,5205,5321,5341,5465,5477,5850,6404,6643,7281,7936,8338,8893,8949,9126,9347],[0.691153161953081,4.42484663185681,4.607168188650764,3.8187108282864943,3.914021008090819,2.60568818844064,5.117993812416755,4.607168188650764,4.830311739964974,4.830311739964974,3.6516567436233283,4.42484663185681,0.691153161953081,3.8187108282864943,4.830311739964974,0.6753425559264385,0.691153161953081,0.691153161953081,4.270695952029551,4.019381523748645,3.7316994512968646,4.607168188650764])",0.0
F131,"['young', 'life', 'office', 'design', 'property', 'ok.', 'expert', 'draw', 'clearly', 'value', 'later.', 'left', 'tonight', 'different', 'us', 'hospital.', '—', 'shocking', 'claims', 'hoax', 'surface', 'internet.']","(10000,[503,914,934,1662,2733,3059,3389,3477,3922,4377,5553,5850,6660,6683,7281,7403,7809,7936,8167,8238,8338,8344],[0.691153161953081,4.137164559405029,4.830311739964974,3.914021008090819,4.270695952029551,4.830311739964974,3.7316994512968646,4.607168188650764,4.270695952029551,2.60568818844064,4.830311739964974,0.691153161953081,4.137164559405029,4.270695952029551,0.6753425559264385,4.270695952029551,4.270695952029551,0.691153161953081,4.137164559405029,4.607168188650764,0.691153161953081,3.8187108282864943])",0.0
R202,"['child', 'along', 'month', 'type', 'hear.', 'partner', 'weight', 'later', 'energy', 'trade.', 'relationship', 'question', 'special', 'near', 'trip', 'president.', 'experts', 'discuss', 'ongoing', 'developments', 'public', 'health.']","(10000,[116,286,560,1055,1770,2840,2947,3526,3614,4260,4506,4687,5374,5741,5782,5974,6219,7166,7244,8004,8307,9462],[3.4440173788450834,5.523458920524919,4.270695952029551,4.019381523748645,3.0385522707369192,4.137164559405029,3.914021008090819,3.914021008090819,0.6832166123573445,4.270695952029551,0.691153161953081,0.6871770135734415,3.8187108282864943,4.137164559405029,4.270695952029551,3.5085558999826545,3.0811118851557153,5.523458920524919,3.577548771469606,4.42484663185681,4.270695952029551,0.691153161953081])",1.0
F111,"['represent', 'international', 'able', 'expert', 'stage', 'difficult.', 'modern', 'memory', 'foreign.', 'treatment', 'song', 'eight', 'price', 'live.', 'station', 'method', 'wrong', 'test', 'center.', '—', 'shocking', 'claims', 'celebrity', 'scandal', 'surface', 'internet.']","(10000,[30,188,503,914,1738,2336,2929,3486,3496,3822,4921,5850,6015,6512,6575,6586,6941,7281,7337,7350,7936,8015,8338,8415,8482,8717],[4.42484663185681,3.8187108282864943,0.691153161953081,4.137164559405029,3.914021008090819,4.019381523748645,5.117993812416755,2.849310271098391,4.137164559405029,5.117993812416755,2.849310271098391,0.691153161953081,4.270695952029551,4.270695952029551,5.117993812416755,4.137164559405029,4.137164559405029,0.6753425559264385,5.117993812416755,4.42484663185681,0.691153161953081,4.42484663185681,0.691153161953081,4.137164559405029,4.607168188650764,3.6516567436233283])",0.0
R151,"['mention', 'prepare', 'say.', 'people', 'actually.', 'choose', 'quite', 'else', 'structure', 'level', 'until.', 'experts', 'discuss', 'ongoing', 'developments', 'policy.']","(10000,[1499,2286,2907,2996,3614,3888,4263,4430,4506,4687,5034,5739,6056,6944,9462,9706],[4.830311739964974,4.019381523748645,4.137164559405029,3.7316994512968646,0.6832166123573445,4.607168188650764,3.7316994512968646,5.117993812416755,0.691153161953081,0.6871770135734415,4.42484663185681,5.523458920524919,3.7316994512968646,2.8154087194227095,0.691153161953081,3.914021008090819])",1.0
F058,"['go', 'may', 'decide.', '—', 'shocking', 'claims', 'government', 'cover-up', 'surface', 'internet.']","(10000,[503,2259,4310,5850,6451,7281,7936,8338,9160,9813],[0.691153161953081,2.8154087194227095,5.117993812416755,0.691153161953081,3.914021008090819,0.6753425559264385,0.691153161953081,0.691153161953081,4.019381523748645,2.997730276216664])",0.0
R164,"['ready', 'education', 'future', 'from.', 'think', 'read', 'arm', 'many', 'particularly', 'catch.', 'put', 'popular.', 'experts', 'discuss', 'ongoing', 'developments', 'education.']","(10000,[2335,3495,3614,3984,4506,4687,5047,5188,5530,6426,6443,6488,6557,7650,7786,8871,9462],[4.019381523748645,5.117993812416755,0.6832166123573445,4.019381523748645,0.691153161953081,0.6871770135734415,2.6902455764687034,4.019381523748645,4.019381523748645,5.523458920524919,3.8187108282864943,4.607168188650764,4.270695952029551,3.8187108282864943,5.117993812416755,4.270695952029551,0.691153161953081])",1.0
F242,"['region', 'site', 'throughout', 'within', 'language', 'might.', 'green', 'point', 'environmental', 'still', 'break', 'already.', 'contain', 'five', 'relate', 'soldier', 'different', 'lot', 'land.', '—', 'shocking', 'claims', 'celebrity', 'scandal', 'surface', 'internet.']","(10000,[503,551,668,988,1716,3486,3712,4141,4416,4921,4943,5850,5891,5948,5974,6027,6683,6729,7281,7493,7936,8159,8338,9123,9181,9817],[0.691153161953081,4.42484663185681,4.137164559405029,4.019381523748645,4.019381523748645,2.849310271098391,4.270695952029551,4.42484663185681,4.019381523748645,2.849310271098391,4.137164559405029,0.691153161953081,4.019381523748645,4.270695952029551,3.5085558999826545,3.914021008090819,4.270695952029551,5.523458920524919,0.6753425559264385,4.42484663185681,0.691153161953081,3.8187108282864943,0.691153161953081,5.117993812416755,5.117993812416755,3.6516567436233283])",0.0
F064,"['toward', 'wish', 'unit', 'argue', 'become', 'several.', 'account', 'money.', 'theory', 'area', 'pick', 'age.', '—', 'shocking', 'claims', 'mind', 'control', 'surface', 'internet.']","(10000,[25,74,495,503,1208,1468,3184,3194,3730,4262,5649,5850,6335,7090,7281,7372,7936,8338,9187],[5.117993812416755,5.117993812416755,4.42484663185681,0.691153161953081,2.7826188965997183,3.6516567436233283,2.8154087194227095,4.42484663185681,5.117993812416755,5.523458920524919,4.607168188650764,0.691153161953081,4.137164559405029,4.607168188650764,0.6753425559264385,4.270695952029551,0.691153161953081,0.691153161953081,3.5085558999826545])",0.0
R228,"['blue', 'manage', 'help.', 'wonder', 'letter', 'never', 'three', 'artist', 'cut', 'fish', 'why.', 'experts', 'discuss', 'ongoing', 'developments', 'education.']","(10000,[281,564,1206,1376,3614,3952,4506,4687,4723,5047,5768,5925,6740,7883,8931,9462],[4.607168188650764,3.914021008090819,4.42484663185681,4.607168188650764,0.6832166123573445,5.117993812416755,0.691153161953081,0.6871770135734415,4.137164559405029,2.6902455764687034,4.137164559405029,4.137164559405029,4.830311739964974,4.42484663185681,3.7316994512968646,0.691153161953081])",1.0
R210,"['chair', 'test', 'upon', 'science.', 'system', 'door', 'technology', 'difference', 'may', 'away.', 'town', 'meeting', 'executive', 'seem', 'including', 'culture', 'too.', 'experts', 'discuss', 'ongoing', 'developments', 'economic', 'growth.']","(10000,[20,681,1020,2588,3334,3614,3996,4506,4687,4715,4847,6586,6735,6830,7334,7866,8645,9034,9144,9160,9462,9873,9966],[4.019381523748645,4.607168188650764,2.6330871626287546,4.019381523748645,4.830311739964974,0.6832166123573445,4.270695952029551,0.691153161953081,0.6871770135734415,3.7316994512968646,3.914021008090819,4.137164559405029,4.137164559405029,5.117993812416755,4.270695952029551,4.270695952029551,3.577548771469606,2.8154087194227095,2.661258039595451,4.019381523748645,0.691153161953081,5.523458920524919,4.270695952029551])",1.0
R156,"['challenge', 'else', 'husband.', 'rather', 'social', 'program', 'old', 'carry', 'huge', 'fight.', 'pattern', 'factor', 'hold', 'stand', 'type.', 'experts', 'discuss', 'ongoing', 'developments', 'policy.']","(10000,[454,573,617,823,2198,2389,2837,3614,4506,4687,5034,5935,6886,6944,7083,9142,9462,9561,9700],[3.5085558999826545,4.830311739964974,4.607168188650764,3.8187108282864943,4.830311739964974,3.8187108282864943,3.914021008090819,0.6832166123573445,0.691153161953081,1.374354027146883,4.42484663185681,4.42484663185681,3.914021008090819,2.8154087194227095,3.8187108282864943,5.117993812416755,0.691153161953081,4.270695952029551,4.830311739964974])",1.0
R192,"['check', 'read', 'section.', 'finally', 'agreement', 'difference', 'success.', 'experts', 'discuss', 'ongoing', 'developments', 'climate', 'change.']","(10000,[821,1133,1817,2059,3614,3901,4506,4687,7650,7866,8280,8413,9462],[2.849310271098391,4.830311739964974,4.019381523748645,2.60568818844064,0.6832166123573445,4.42484663185681,0.691153161953081,0.6871770135734415,3.8187108282864943,4.270695952029551,4.607168188650764,3.2721671219184243,0.691153161953081])",1.0
F102,"['letter', 'market', 'rate.', 'religious', 'court', 'person', 'wall.', '—', 'shocking', 'claims', 'government', 'cover-up', 'surface', 'internet.']","(10000,[503,564,1637,2259,2657,3072,3249,4293,4568,5850,7281,7936,8338,9813],[0.691153161953081,3.914021008090819,3.6516567436233283,2.8154087194227095,3.383392757028649,5.117993812416755,3.6516567436233283,4.270695952029551,4.270695952029551,0.691153161953081,0.6753425559264385,0.691153161953081,0.691153161953081,2.997730276216664])",0.0
R237,"['determine', 'save', 'blood', 'least', 'positive', 'modern.', 'season', 'pressure', 'box', 'model', 'arrive', 'prepare', 'our.', 'either', 'stock', 'represent', 'should.', 'experts', 'discuss', 'ongoing', 'developments', 'election.']","(10000,[1,78,320,793,1634,2286,2358,2359,3556,3614,4506,4520,4687,5661,7102,7391,7734,7922,8717,9126,9462,9621],[3.914021008090819,5.117993812416755,4.42484663185681,4.019381523748645,4.607168188650764,4.019381523748645,4.270695952029551,4.607168188650764,2.8844015909096608,0.6832166123573445,0.691153161953081,4.607168188650764,0.6871770135734415,4.137164559405029,4.270695952029551,4.270695952029551,4.019381523748645,4.42484663185681,3.6516567436233283,3.7316994512968646,0.691153161953081,4.830311739964974])",1.0
F015,"['foreign', 'city', 'money', 'month', 'third.', 'matter', 'growth', 'anything', 'understand.', 'record', 'agree', 'per', 'relate', 'house', 'smile', 'writer.', '—', 'shocking', 'claims', 'immortal', 'jellyfish', 'surface', 'internet.']","(10000,[298,320,503,988,2066,2114,2402,2713,4347,5495,5741,5836,5850,6103,6206,6925,7281,7857,7936,8151,8338,8413,9876],[4.137164559405029,4.42484663185681,0.691153161953081,4.019381523748645,2.7508701982851385,3.8187108282864943,4.137164559405029,4.019381523748645,4.019381523748645,3.914021008090819,4.137164559405029,4.137164559405029,0.691153161953081,4.607168188650764,4.137164559405029,4.137164559405029,0.6753425559264385,5.117993812416755,0.691153161953081,4.137164559405029,0.691153161953081,3.2721671219184243,2.7508701982851385])",0.0
F020,"['lay', 'high', 'challenge', 'operation.', '—', 'shocking', 'claims', 'celebrity', 'scandal', 'surface', 'internet.']","(10000,[503,2116,3486,4475,4921,5850,5887,5935,7281,7936,8338],[0.691153161953081,4.42484663185681,2.849310271098391,4.42484663185681,2.849310271098391,0.691153161953081,3.8187108282864943,4.42484663185681,0.6753425559264385,0.691153161953081,0.691153161953081])",0.0
R083,"['worker', 'successful', 'home', 'speak', 'early', 'full.', 'evidence', 'run.', 'experts', 'discuss', 'ongoing', 'developments', 'election.']","(10000,[2054,2676,3365,3556,3614,4092,4506,4687,4732,5659,7912,8993,9462],[3.577548771469606,4.830311739964974,4.607168188650764,2.8844015909096608,0.6832166123573445,3.8187108282864943,0.691153161953081,0.6871770135734415,4.830311739964974,4.019381523748645,5.117993812416755,4.42484663185681,0.691153161953081])",1.0
F035,"['whatever', 'peace', 'notice', 'small', 'positive.', 'bank', 'sell', 'somebody.', '—', 'shocking', 'claims', 'hoax', 'surface', 'internet.']","(10000,[222,503,1525,4377,4485,5850,6697,7281,7695,7801,7936,8338,8741,8982],[4.42484663185681,0.691153161953081,3.8187108282864943,2.60568818844064,3.914021008090819,0.691153161953081,3.8187108282864943,0.6753425559264385,4.019381523748645,5.117993812416755,0.691153161953081,0.691153161953081,4.830311739964974,4.270695952029551])",0.0
R082,"['box', 'economy', 'question', 'capital', 'lose', 'reveal', 'lay.', 'skill', 'interest', 'number', 'safe', 'five', 'person', 'feeling', 'build.', 'plan', 'perform', 'land', 'music', 'despite', 'consider', 'win', 'bring.', 'experts', 'discuss', 'ongoing', 'developments', 'budget', 'report.']","(10000,[70,217,312,613,899,1098,1301,1507,1766,2398,2947,3249,3614,4422,4506,4687,4991,5432,5598,5974,6123,6370,6541,7148,7642,7922,8519,9462,9968],[4.270695952029551,3.7316994512968646,4.42484663185681,4.137164559405029,5.117993812416755,4.42484663185681,4.270695952029551,4.270695952029551,4.830311739964974,4.137164559405029,3.914021008090819,3.6516567436233283,0.6832166123573445,4.137164559405029,0.691153161953081,0.6871770135734415,2.455405985391302,2.7200985396183848,4.607168188650764,3.5085558999826545,4.137164559405029,4.607168188650764,4.607168188650764,5.117993812416755,4.42484663185681,4.42484663185681,4.830311739964974,0.691153161953081,3.914021008090819])",1.0
F114,"['career', 'girl', 'mouth', 'common.', 'fly', 'green', 'beyond', 'first', 'sea', 'mother.', '—', 'shocking', 'claims', 'mind', 'control', 'surface', 'internet.']","(10000,[503,551,1029,1208,3184,3744,4930,5850,5944,6403,7177,7281,7497,7936,8338,8900,9617],[0.691153161953081,4.42484663185681,4.019381523748645,2.7826188965997183,2.8154087194227095,5.523458920524919,3.8187108282864943,0.691153161953081,4.42484663185681,3.8187108282864943,4.830311739964974,0.6753425559264385,4.42484663185681,0.691153161953081,0.691153161953081,5.523458920524919,4.607168188650764])",0.0
F179,"['adult', 'great', 'society', 'never', 'level', 'movement.', 'agreement', 'kind', 'begin', 'front', 'stock', 'view.', '—', 'shocking', 'claims', 'secret', 'cure', 'surface', 'internet.']","(10000,[72,281,327,503,504,750,793,1499,1513,3892,4395,5850,5972,6044,6747,7281,7936,8338,8413],[4.137164559405029,4.607168188650764,4.42484663185681,0.691153161953081,4.137164559405029,4.270695952029551,4.019381523748645,4.830311739964974,5.117993812416755,2.5530444549552183,5.117993812416755,0.691153161953081,5.523458920524919,4.830311739964974,2.5530444549552183,0.6753425559264385,0.691153161953081,0.691153161953081,3.2721671219184243])",0.0
F026,"['smile', 'table.', 'product', 'join.', 'feel', 'particularly', 'add', 'treat.', '—', 'shocking', 'claims', 'celebrity', 'scandal', 'surface', 'internet.']","(10000,[447,503,2713,3115,3486,4921,5850,6404,6443,7281,7936,8338,9066,9887,9994],[4.270695952029551,0.691153161953081,4.019381523748645,4.607168188650764,2.849310271098391,2.849310271098391,0.691153161953081,3.8187108282864943,3.8187108282864943,0.6753425559264385,0.691153161953081,0.691153161953081,4.607168188650764,4.137164559405029,4.42484663185681])",0.0
R217,"['billion', 'center', 'citizen', 'best', 'turn', 'night', 'make.', 'meeting', 'stop', 'particular', 'already', 'able', 'or.', 'experts', 'discuss', 'ongoing', 'developments', 'election.']","(10000,[8,20,258,594,763,796,1480,3496,3556,3614,3886,4506,4687,6869,7576,8984,9462,9718],[4.137164559405029,4.019381523748645,4.137164559405029,4.270695952029551,4.607168188650764,4.137164559405029,4.137164559405029,4.137164559405029,2.8844015909096608,0.6832166123573445,4.137164559405029,0.691153161953081,0.6871770135734415,4.830311739964974,5.523458920524919,4.830311739964974,0.691153161953081,4.830311739964974])",1.0
F009,"['according', 'late', 'writer', 'property.', 'collection', 'month', 'black', 'arrive', 'indeed.', 'environmental', 'put', 'second', 'nice', 'poor.', 'add', 'material', 'air', 'administration', 'bed.', '—', 'shocking', 'claims', 'celebrity', 'scandal', 'surface', 'internet.']","(10000,[88,503,1948,1996,2613,3079,3231,3370,3486,4921,5185,5741,5850,6027,6906,7281,7391,7564,7936,8208,8209,8338,8871,9166,9256,9887],[4.137164559405029,0.691153161953081,3.6516567436233283,5.117993812416755,5.117993812416755,4.019381523748645,3.8187108282864943,3.7316994512968646,2.849310271098391,2.849310271098391,4.42484663185681,4.137164559405029,0.691153161953081,3.914021008090819,4.607168188650764,0.6753425559264385,4.270695952029551,4.019381523748645,0.691153161953081,5.523458920524919,4.42484663185681,0.691153161953081,4.270695952029551,5.523458920524919,4.607168188650764,4.137164559405029])",0.0
F240,"['material', 'citizen', 'anyone', 'wonder', 'space', 'himself.', 'player', 'practice', 'line', 'new', 'reflect', 'brother', 'ahead.', 'range', 'building', 'man', 'explain.', '—', 'shocking', 'claims', 'aliens', 'surface', 'internet.']","(10000,[8,165,291,503,585,650,666,1182,2569,3231,3605,3792,4280,4723,5321,5850,5852,6604,7281,7936,8338,9188,9663],[4.137164559405029,4.137164559405029,4.42484663185681,0.691153161953081,4.019381523748645,2.958509563063383,4.607168188650764,4.607168188650764,4.019381523748645,3.8187108282864943,5.117993812416755,3.8187108282864943,4.607168188650764,4.137164559405029,4.830311739964974,0.691153161953081,4.607168188650764,4.270695952029551,0.6753425559264385,0.691153161953081,0.691153161953081,4.42484663185681,4.830311739964974])",0.0
R216,"['dinner', 'wrong', 'company', 'strong', 'thank.', 'easy', 'skill', 'write', 'black', 'thing.', 'experts', 'discuss', 'ongoing', 'developments', 'research.']","(10000,[760,798,942,1948,2240,2735,3614,4506,4687,5445,6355,6512,7066,9462,9968],[4.019381523748645,5.117993812416755,4.270695952029551,3.6516567436233283,3.8187108282864943,5.523458920524919,0.6832166123573445,0.691153161953081,0.6871770135734415,4.607168188650764,5.117993812416755,4.270695952029551,2.849310271098391,0.691153161953081,3.914021008090819])",1.0
F129,"['thing', 'process', 'tonight', 'night', 'cover.', 'research', 'full', 'ago', 'year', 'eye.', 'appear', 'treatment', 'well', 'program.', '—', 'shocking', 'claims', 'flat', 'earth', 'surface', 'internet.']","(10000,[157,503,1896,2600,2918,3389,3857,5850,6869,7025,7281,7936,8015,8040,8182,8338,8867,8897,8899,9432,9676],[3.914021008090819,0.691153161953081,3.4440173788450834,5.523458920524919,3.0385522707369192,3.7316994512968646,3.914021008090819,0.691153161953081,4.830311739964974,4.42484663185681,0.6753425559264385,0.691153161953081,4.42484663185681,3.7316994512968646,4.137164559405029,0.691153161953081,4.830311739964974,4.137164559405029,4.270695952029551,3.914021008090819,3.0385522707369192])",0.0
R197,"['court', 'any.', 'hot', 'trip', 'candidate', 'life.', 'born', 'point', 'material.', 'experts', 'discuss', 'ongoing', 'developments', 'education.']","(10000,[3614,4358,4416,4506,4568,4687,5047,5535,5547,5616,5782,9462,9545,9693],[0.6832166123573445,4.270695952029551,4.019381523748645,0.691153161953081,4.270695952029551,0.6871770135734415,2.6902455764687034,5.523458920524919,5.523458920524919,5.523458920524919,4.270695952029551,0.691153161953081,4.607168188650764,4.270695952029551])",1.0
F142,"['loss', 'deal', 'process', 'language', 'significant', 'bar', 'poor.', 'front', 'health', 'million', 'prove.', '—', 'shocking', 'claims', 'government', 'cover-up', 'surface', 'internet.']","(10000,[503,504,1433,1716,2259,2613,5105,5329,5850,7281,7332,7936,8040,8338,8552,8651,8805,9813],[0.691153161953081,4.137164559405029,4.42484663185681,4.019381523748645,2.8154087194227095,5.117993812416755,5.523458920524919,3.8187108282864943,0.691153161953081,0.6753425559264385,4.270695952029551,0.691153161953081,3.7316994512968646,0.691153161953081,4.607168188650764,4.137164559405029,4.019381523748645,2.997730276216664])",0.0
R140,"['hotel', 'network', 'head', 'budget', 'red', 'involve', 'buy', 'area.', 'soon', 'offer', 'final', 'watch', 'maintain', 'personal', 'region.', 'perform', 'difference', 'receive', 'our.', 'experts', 'discuss', 'ongoing', 'developments', 'climate', 'change.']","(10000,[52,80,613,821,1041,1064,1098,1653,2059,2663,2708,2958,3614,4105,4506,4617,4687,4991,5247,6271,7866,7939,9152,9462,9621],[4.607168188650764,4.137164559405029,4.137164559405029,2.849310271098391,4.830311739964974,3.7316994512968646,4.42484663185681,4.019381523748645,2.60568818844064,4.607168188650764,4.137164559405029,4.270695952029551,0.6832166123573445,5.523458920524919,0.691153161953081,3.7316994512968646,0.6871770135734415,2.455405985391302,4.42484663185681,3.8187108282864943,4.270695952029551,4.137164559405029,4.270695952029551,0.691153161953081,4.830311739964974])",1.0
R165,"['notice', 'sound', 'language', 'pm', 'western', 'new.', 'term', 'mind', 'nothing.', 'produce', 'phone', 'hard', 'score', 'lawyer.', 'experts', 'discuss', 'ongoing', 'developments', 'budget', 'report.']","(10000,[141,524,1525,1626,1648,1716,1927,2188,3184,3614,4506,4687,4991,5125,5432,6166,6280,7026,8661,9462],[5.117993812416755,3.383392757028649,3.8187108282864943,4.607168188650764,4.270695952029551,4.019381523748645,4.270695952029551,4.830311739964974,2.8154087194227095,0.6832166123573445,0.691153161953081,0.6871770135734415,2.455405985391302,4.019381523748645,2.7200985396183848,4.42484663185681,5.117993812416755,4.137164559405029,5.523458920524919,0.691153161953081])",1.0
R139,"['smile', 'art', 'attack', 'peace', 'difficult.', 'issue', 'true', 'lay.', 'situation', 'fill', 'business', 'tell', 'wide.', 'experts', 'discuss', 'ongoing', 'developments', 'education.']","(10000,[899,1850,2713,3136,3614,4321,4506,4687,5047,5374,5693,6616,6697,7188,7337,7854,9462,9727],[5.117993812416755,4.019381523748645,4.019381523748645,4.42484663185681,0.6832166123573445,5.523458920524919,0.691153161953081,0.6871770135734415,2.6902455764687034,3.8187108282864943,4.270695952029551,4.270695952029551,3.8187108282864943,4.137164559405029,5.117993812416755,4.42484663185681,0.691153161953081,4.270695952029551])",1.0
F232,"['offer', 'democratic', 'owner', 'sit', 'threat.', 'student', 'interesting', 'easy', 'major', 'work.', 'side', 'civil', 'hit', 'human', 'trial.', '—', 'shocking', 'claims', 'hoax', 'surface', 'internet.']","(10000,[360,503,593,760,1058,2958,3032,3475,3536,3634,4377,5606,5850,6053,6946,7281,7936,8252,8303,8338,9781],[5.523458920524919,0.691153161953081,4.270695952029551,4.019381523748645,4.019381523748645,4.270695952029551,4.607168188650764,5.117993812416755,4.42484663185681,4.607168188650764,2.60568818844064,4.42484663185681,0.691153161953081,3.383392757028649,4.830311739964974,0.6753425559264385,0.691153161953081,3.8187108282864943,4.42484663185681,0.691153161953081,4.42484663185681])",0.0
F108,"['role', 'high', 'look', 'almost', 'product.', 'evening', 'relate', 'someone.', '—', 'shocking', 'claims', 'celebrity', 'scandal', 'surface', 'internet.']","(10000,[503,988,2116,3350,3409,3486,4270,4921,5286,5850,7281,7936,8338,8566,9939],[0.691153161953081,4.019381523748645,4.42484663185681,4.019381523748645,4.607168188650764,2.849310271098391,5.523458920524919,2.849310271098391,4.607168188650764,0.691153161953081,0.6753425559264385,0.691153161953081,0.691153161953081,4.137164559405029,4.270695952029551])",0.0
F167,"['attack', 'top', 'smile', 'young', 'book.', 'important', 'read', 'statement.', 'form', 'operation', 'surface', 'discover', 'young', 'mean', 'six', 'another.', '—', 'shocking', 'claims', 'celebrity', 'scandal', 'surface', 'internet.']","(10000,[503,909,1967,2713,3226,3486,3548,4170,4921,5328,5401,5621,5693,5850,5922,7281,7650,7809,7936,7963,8338],[0.691153161953081,4.830311739964974,4.42484663185681,4.019381523748645,5.117993812416755,2.849310271098391,5.117993812416755,4.270695952029551,2.849310271098391,3.8187108282864943,3.8187108282864943,4.42484663185681,4.270695952029551,0.691153161953081,5.117993812416755,1.350685111852877,3.8187108282864943,8.541391904059102,0.691153161953081,4.42484663185681,0.691153161953081])",0.0
R242,"['impact', 'fire', 'avoid', 'energy', 'response.', 'authority', 'base', 'clearly', 'great', 'majority.', 'experts', 'discuss', 'ongoing', 'developments', 'research.']","(10000,[750,1176,1388,1868,1972,3614,3709,4506,4687,5191,7066,8173,8238,8307,9462],[4.270695952029551,3.8187108282864943,5.117993812416755,5.523458920524919,3.914021008090819,0.6832166123573445,4.607168188650764,0.691153161953081,0.6871770135734415,4.270695952029551,2.849310271098391,3.6516567436233283,4.607168188650764,4.270695952029551,0.691153161953081])",1.0
F133,"['four', 'person', 'friend.', 'yard', 'million', 'develop', 'item', 'floor.', '—', 'shocking', 'claims', 'immortal', 'jellyfish', 'surface', 'internet.']","(10000,[424,503,1241,1243,1916,2066,2920,3228,3249,5850,7281,7936,8338,8651,9876],[4.137164559405029,0.691153161953081,3.3262343431887,4.42484663185681,4.270695952029551,2.7508701982851385,5.523458920524919,5.117993812416755,3.6516567436233283,0.691153161953081,0.6753425559264385,0.691153161953081,0.691153161953081,4.137164559405029,2.7508701982851385])",0.0
F025,"['resource', 'rock', 'hand', 'city', 'live', 'culture.', 'song', 'mr', 'level.', 'discuss', 'respond', 'grow', 'soldier.', '—', 'shocking', 'claims', 'flat', 'earth', 'surface', 'internet.']","(10000,[493,503,574,939,1670,2404,2500,2647,2918,3423,3614,5495,5703,5850,7281,7350,7936,8338,9121,9676],[4.830311739964974,0.691153161953081,3.8187108282864943,4.42484663185681,4.137164559405029,4.137164559405029,4.270695952029551,4.270695952029551,3.0385522707369192,4.607168188650764,0.6832166123573445,3.914021008090819,4.830311739964974,0.691153161953081,0.6753425559264385,4.42484663185681,0.691153161953081,0.691153161953081,4.607168188650764,3.0385522707369192])",0.0
F093,"['agent', 'drive', 'around', 'though.', 'size', 'agency', 'drive.', 'despite', 'animal', 'become', 'how.', '—', 'shocking', 'claims', 'immortal', 'jellyfish', 'surface', 'internet.']","(10000,[503,765,1301,2066,3192,5016,5850,6021,6197,6325,7090,7281,7360,7936,8338,9012,9391,9876],[0.691153161953081,3.914021008090819,4.270695952029551,2.7508701982851385,4.42484663185681,4.830311739964974,0.691153161953081,4.42484663185681,4.830311739964974,4.42484663185681,4.607168188650764,0.6753425559264385,4.137164559405029,0.691153161953081,0.691153161953081,4.830311739964974,3.6516567436233283,2.7508701982851385])",0.0
F236,"['trial', 'market', 'agreement', 'pass', 'believe', 'officer.', 'employee', 'feeling', 'mission', 'available', 'often', 'per', 'financial.', '—', 'shocking', 'claims', 'government', 'cover-up', 'surface', 'internet.']","(10000,[7,298,503,533,613,1109,2259,2475,2657,3410,5850,6069,6511,6548,7281,7936,8338,8392,8413,9813],[4.607168188650764,4.137164559405029,0.691153161953081,3.914021008090819,4.137164559405029,5.523458920524919,2.8154087194227095,4.42484663185681,3.383392757028649,4.137164559405029,0.691153161953081,4.137164559405029,5.117993812416755,4.607168188650764,0.6753425559264385,0.691153161953081,0.691153161953081,4.830311739964974,3.2721671219184243,2.997730276216664])",0.0
F069,"['sound', 'put', 'performance', 'child', 'chance', 'stock', 'everything', 'would.', 'head', 'sport', 'measure', 'different.', '—', 'shocking', 'claims', 'flat', 'earth', 'surface', 'internet.']","(10000,[346,503,528,793,1064,1410,2918,3409,5850,6166,7244,7281,7936,8278,8338,8871,9156,9351,9676],[4.270695952029551,0.691153161953081,5.523458920524919,4.019381523748645,3.7316994512968646,4.607168188650764,3.0385522707369192,4.607168188650764,0.691153161953081,4.42484663185681,3.577548771469606,0.6753425559264385,0.691153161953081,4.270695952029551,0.691153161953081,4.270695952029551,3.914021008090819,3.914021008090819,3.0385522707369192])",0.0
F219,"['nothing', 'fast', 'care.', 'also', 'kid', 'represent', 'part', 'teacher', 'operation.', 'enough', 'especially', 'little', 'national.', '—', 'shocking', 'claims', 'flat', 'earth', 'surface', 'internet.']","(10000,[503,1590,2918,3723,3792,4292,4748,5390,5850,5887,7281,7682,7936,8173,8338,8708,8717,8740,9263,9676],[0.691153161953081,4.607168188650764,3.0385522707369192,4.137164559405029,3.8187108282864943,4.830311739964974,3.914021008090819,5.117993812416755,0.691153161953081,3.8187108282864943,0.6753425559264385,5.117993812416755,0.691153161953081,3.6516567436233283,0.691153161953081,4.607168188650764,3.6516567436233283,4.42484663185681,3.914021008090819,3.0385522707369192])",0.0
R079,"['manage', 'hit', 'bag', 'the.', 'floor', 'receive', 'impact', 'citizen', 'car.', 'hit', 'step', 'although', 'account', 'rock', 'main', 'religious.', 'experts', 'discuss', 'ongoing', 'developments', 'election.']","(10000,[8,415,574,1558,1637,1972,2260,3556,3614,4319,4506,4617,4687,7779,7883,8252,8290,8444,9187,9462],[4.137164559405029,4.019381523748645,3.8187108282864943,4.42484663185681,3.6516567436233283,3.914021008090819,4.607168188650764,2.8844015909096608,0.6832166123573445,3.3262343431887,0.691153161953081,3.7316994512968646,0.6871770135734415,3.8187108282864943,4.42484663185681,7.637421656572989,5.117993812416755,5.523458920524919,3.5085558999826545,0.691153161953081])",1.0
F042,"['sort', 'affect', 'performance', 'consumer', 'impact', 'break', 'effect', 'particular.', 'resource', 'authority', 'despite', 'able', 'sell', 'full.', '—', 'shocking', 'claims', 'hoax', 'surface', 'internet.']","(10000,[503,668,1176,1301,1670,1972,3496,4377,4485,5720,5850,6055,6324,7281,7936,8338,8633,8993,9351,9475],[0.691153161953081,4.137164559405029,3.8187108282864943,4.270695952029551,4.137164559405029,3.914021008090819,4.137164559405029,2.60568818844064,3.914021008090819,4.830311739964974,0.691153161953081,4.42484663185681,4.270695952029551,0.6753425559264385,0.691153161953081,0.691153161953081,4.607168188650764,4.42484663185681,3.914021008090819,4.019381523748645])",0.0
R154,"['push', 'court', 'message', 'indicate', 'point', 'myself.', 'control', 'service', 'someone', 'security', 'order', 'include.', 'experts', 'discuss', 'ongoing', 'developments', 'budget', 'report.']","(10000,[1208,1226,2252,2634,2715,2895,3614,3671,4416,4506,4568,4687,4991,5432,5978,6485,8403,9462],[2.7826188965997183,5.117993812416755,3.914021008090819,4.019381523748645,3.5085558999826545,4.830311739964974,0.6832166123573445,4.42484663185681,4.019381523748645,0.691153161953081,4.270695952029551,0.6871770135734415,2.455405985391302,2.7200985396183848,4.607168188650764,4.019381523748645,5.117993812416755,0.691153161953081])",1.0
R089,"['type', 'mission', 'force.', 'choice', 'way.', 'experts', 'discuss', 'ongoing', 'developments', 'public', 'health.']","(10000,[1770,3526,3614,4506,4639,4687,6053,6069,6219,6291,9462],[3.0385522707369192,3.914021008090819,0.6832166123573445,0.691153161953081,5.523458920524919,0.6871770135734415,3.383392757028649,4.137164559405029,3.0811118851557153,4.830311739964974,0.691153161953081])",1.0
R038,"['family', 'finally.', 'experts', 'discuss', 'ongoing', 'developments', 'public', 'health.']","(10000,[1619,1770,3614,4506,4687,6219,8297,9462],[5.523458920524919,3.0385522707369192,0.6832166123573445,0.691153161953081,0.6871770135734415,3.0811118851557153,4.42484663185681,0.691153161953081])",1.0
R053,"['american', 'seven', 'style', 'song', 'husband', 'population.', 'better', 'central', 'style', 'important', 'material', 'other.', 'three', 'book', 'main', 'model.', 'experts', 'discuss', 'ongoing', 'developments', 'economic', 'growth.']","(10000,[393,1637,1967,2543,3231,3614,4506,4687,5925,6599,7208,7350,7652,7850,8000,8928,9034,9144,9156,9231,9462],[4.137164559405029,3.6516567436233283,4.42484663185681,3.4440173788450834,3.8187108282864943,0.6832166123573445,0.691153161953081,0.6871770135734415,4.137164559405029,5.117993812416755,4.607168188650764,4.42484663185681,4.019381523748645,4.42484663185681,8.84969326371362,4.137164559405029,2.8154087194227095,2.661258039595451,3.914021008090819,4.270695952029551,0.691153161953081])",1.0
F201,"['yard', 'manager', 'organization.', 'politics', 'direction', 'none', 'face', 'those.', '—', 'shocking', 'claims', 'hoax', 'surface', 'internet.']","(10000,[424,503,1652,1657,4034,4377,5850,5887,7281,7936,8270,8338,8554,9831],[4.137164559405029,0.691153161953081,3.8187108282864943,4.830311739964974,4.607168188650764,2.60568818844064,0.691153161953081,3.8187108282864943,0.6753425559264385,0.691153161953081,5.523458920524919,0.691153161953081,3.914021008090819,4.830311739964974])",0.0
F013,"['add', 'yard', 'five', 'school', 'hard', 'everything', 'he.', 'family', 'prevent', 'across', 'part.', '—', 'shocking', 'claims', 'secret', 'cure', 'surface', 'internet.']","(10000,[424,503,2679,3252,3892,4903,5125,5850,5974,6747,7074,7281,7936,8257,8297,8338,9156,9887],[4.137164559405029,0.691153161953081,3.7316994512968646,4.019381523748645,2.5530444549552183,5.523458920524919,4.019381523748645,0.691153161953081,3.5085558999826545,2.5530444549552183,3.577548771469606,0.6753425559264385,0.691153161953081,5.523458920524919,4.42484663185681,0.691153161953081,3.914021008090819,4.137164559405029])",0.0
R023,"['third', 'final', 'take', 'wear', 'produce', 'spend.', 'industry', 'look', 'magazine.', 'serve', 'international', 'ball', 'prove', 'mission.', 'along', 'specific', 'north.', 'experts', 'discuss', 'ongoing', 'developments', 'policy.']","(10000,[188,855,1648,1653,1725,2059,2419,2802,2840,3010,3614,4489,4506,4516,4687,5214,6581,6944,7492,8771,9462,9939],[3.8187108282864943,3.8187108282864943,4.270695952029551,4.019381523748645,4.019381523748645,2.60568818844064,5.523458920524919,5.523458920524919,4.137164559405029,4.019381523748645,0.6832166123573445,4.830311739964974,0.691153161953081,4.830311739964974,0.6871770135734415,4.137164559405029,4.137164559405029,2.8154087194227095,4.42484663185681,4.830311739964974,0.691153161953081,4.270695952029551])",1.0
R068,"['kitchen', 'hour', 'let', 'fly.', 'also', 'region', 'likely', 'above.', 'experts', 'discuss', 'ongoing', 'developments', 'technology', 'breakthrough.']","(10000,[309,527,756,1020,2227,2406,3614,3792,4506,4687,7230,8159,8267,9462],[4.42484663185681,4.137164559405029,4.830311739964974,2.6330871626287546,2.7200985396183848,4.830311739964974,0.6832166123573445,3.8187108282864943,0.691153161953081,0.6871770135734415,5.117993812416755,3.8187108282864943,3.914021008090819,0.691153161953081])",1.0
F065,"['common', 'without', 'article', 'congress', 'us', 'high.', 'eat', 'within', 'business', 'wish', 'position.', 'mission', 'hand', 'several', 'difficult', 'level.', '—', 'shocking', 'claims', 'hoax', 'surface', 'internet.']","(10000,[495,503,1702,1712,1819,3423,4043,4377,5374,5850,6069,6332,6660,7276,7281,7936,8094,8338,8728,9121,9227,9817],[4.42484663185681,0.691153161953081,4.42484663185681,4.270695952029551,5.523458920524919,4.607168188650764,3.8187108282864943,2.60568818844064,3.8187108282864943,0.691153161953081,4.137164559405029,4.42484663185681,4.137164559405029,4.830311739964974,0.6753425559264385,0.691153161953081,5.117993812416755,0.691153161953081,3.5085558999826545,4.607168188650764,4.270695952029551,3.6516567436233283])",0.0
F239,"['body', 'catch', 'possible', 'state', 'think', 'build.', 'music', 'job', 'enter.', '—', 'shocking', 'claims', 'celebrity', 'scandal', 'surface', 'internet.']","(10000,[503,557,841,1808,2335,3486,4921,5268,5598,5850,6100,6370,7281,7936,7949,8338],[0.691153161953081,4.019381523748645,4.607168188650764,4.270695952029551,4.019381523748645,2.849310271098391,2.849310271098391,4.830311739964974,4.607168188650764,0.691153161953081,4.830311739964974,4.607168188650764,0.6753425559264385,0.691153161953081,4.607168188650764,0.691153161953081])",0.0
F084,"['environmental', 'tough', 'leg', 'certainly', 'compare', 'have.', 'state', 'within', 'soldier', 'drop', 'special', 'include.', 'cultural', 'prepare', 'might', 'sit.', '—', 'shocking', 'claims', 'miracle', 'drug', 'surface', 'internet.']","(10000,[503,673,1055,1256,1808,2286,2778,3924,4141,4882,5447,5850,6027,6290,7281,7860,7936,8338,8403,8577,9233,9246,9817],[0.691153161953081,4.019381523748645,4.019381523748645,3.125563647726549,4.270695952029551,4.019381523748645,5.523458920524919,4.137164559405029,4.42484663185681,5.117993812416755,4.019381523748645,0.691153161953081,3.914021008090819,4.270695952029551,0.6753425559264385,2.8154087194227095,0.691153161953081,0.691153161953081,5.117993812416755,4.42484663185681,4.137164559405029,5.117993812416755,3.6516567436233283])",0.0
R120,"['suggest', 'guess', 'early', 'value', 'audience', 'road.', 'room', 'way', 'part', 'house.', 'experts', 'discuss', 'ongoing', 'developments', 'election.']","(10000,[494,1312,1831,3556,3614,3756,4092,4506,4687,7403,7816,8660,8740,9391,9462],[3.914021008090819,4.607168188650764,5.117993812416755,2.8844015909096608,0.6832166123573445,5.117993812416755,3.8187108282864943,0.691153161953081,0.6871770135734415,4.270695952029551,4.42484663185681,5.117993812416755,4.42484663185681,3.6516567436233283,0.691153161953081])",1.0
F207,"['soldier', 'system', 'majority', 'commercial', 'data', 'over.', 'later', 'rule', 'development.', '—', 'shocking', 'claims', 'government', 'cover-up', 'surface', 'internet.']","(10000,[343,503,560,913,1695,2259,3996,4141,4202,5850,6443,7281,7936,8338,9244,9813],[3.7316994512968646,0.691153161953081,4.270695952029551,5.117993812416755,4.019381523748645,2.8154087194227095,4.270695952029551,4.42484663185681,5.523458920524919,0.691153161953081,3.8187108282864943,0.6753425559264385,0.691153161953081,0.691153161953081,4.270695952029551,2.997730276216664])",0.0
R158,"['buy', 'hospital', 'professor', 'every', 'tree', 'turn.', 'grow', 'son', 'free', 'tell.', 'sure', 'since', 'floor', 'choose', 'music.', 'experts', 'discuss', 'ongoing', 'developments', 'economic', 'growth.']","(10000,[80,209,1073,1675,1821,2404,2543,3334,3614,4319,4506,4687,4930,5871,6287,9034,9083,9144,9462,9681,9706],[4.137164559405029,3.8187108282864943,4.270695952029551,5.117993812416755,4.137164559405029,4.137164559405029,3.4440173788450834,4.830311739964974,0.6832166123573445,3.3262343431887,0.691153161953081,0.6871770135734415,3.8187108282864943,4.42484663185681,3.8187108282864943,2.8154087194227095,5.523458920524919,2.661258039595451,0.691153161953081,4.830311739964974,3.914021008090819])",1.0
R097,"['point', 'provide', 'subject', 'media', 'detail', 'blue.', 'bed', 'result', 'partner', 'buy', 'garden.', 'job', 'represent', 'low', 'himself.', 'experts', 'discuss', 'ongoing', 'developments', 'technology', 'breakthrough.']","(10000,[80,116,399,557,1020,1143,1209,2227,2722,3614,3792,4416,4506,4687,5946,7432,8411,8655,8717,9462,9497],[4.137164559405029,3.4440173788450834,4.42484663185681,4.019381523748645,2.6330871626287546,3.914021008090819,4.42484663185681,2.7200985396183848,5.117993812416755,0.6832166123573445,3.8187108282864943,4.019381523748645,0.691153161953081,0.6871770135734415,3.8187108282864943,5.523458920524919,3.914021008090819,4.019381523748645,3.6516567436233283,0.691153161953081,4.019381523748645])",1.0
R092,"['hot', 'possible.', 'long', 'pull', 'thought.', 'usually', 'wide', 'consumer', 'education', 'carry.', 'word', 'dream', 'open', 'customer', 'appear', 'enough', 'future.', 'experts', 'discuss', 'ongoing', 'developments', 'technology', 'breakthrough.']","(10000,[1020,1413,2227,2272,2366,2836,2990,3519,3614,3881,4461,4506,4687,4748,5530,5783,6597,8182,8547,8904,9462,9475,9693],[2.6330871626287546,4.137164559405029,2.7200985396183848,5.117993812416755,4.019381523748645,4.42484663185681,4.607168188650764,3.8187108282864943,0.6832166123573445,4.830311739964974,5.117993812416755,0.691153161953081,0.6871770135734415,3.914021008090819,4.019381523748645,3.7316994512968646,4.830311739964974,4.137164559405029,5.117993812416755,4.019381523748645,0.691153161953081,4.019381523748645,4.270695952029551])",1.0
F172,"['place', 'bag', 'yes', 'mother', 'want', 'miss', 'full.', 'wonder', 'deal', 'father.', 'still', 'young', 'opportunity', 'eight', 'trial', 'mouth.', '—', 'shocking', 'claims', 'hoax', 'surface', 'internet.']","(10000,[354,415,503,1071,1433,3283,3410,3712,4377,4723,5044,5850,6390,6976,7281,7712,7809,7936,8338,8482,8993,9132],[4.270695952029551,4.019381523748645,0.691153161953081,4.42484663185681,4.42484663185681,5.117993812416755,4.137164559405029,4.270695952029551,2.60568818844064,4.137164559405029,4.270695952029551,0.691153161953081,4.270695952029551,4.607168188650764,0.6753425559264385,4.830311739964974,4.270695952029551,0.691153161953081,0.691153161953081,4.607168188650764,4.42484663185681,4.607168188650764])",0.0
R182,"['american', 'job', 'source', 'ok.', 'official', 'window', 'unit', 'half.', 'experts', 'discuss', 'ongoing', 'developments', 'economic', 'growth.']","(10000,[557,2403,3614,4062,4506,4687,5553,6335,7652,7721,8485,9034,9144,9462],[4.019381523748645,4.42484663185681,0.6832166123573445,5.117993812416755,0.691153161953081,0.6871770135734415,4.830311739964974,4.137164559405029,4.019381523748645,3.8187108282864943,4.830311739964974,2.8154087194227095,2.661258039595451,0.691153161953081])",1.0
F014,"['behavior', 'toward', 'television', 'how.', 'choose', 'despite', 'great.', 'popular', 'major', 'see', 'pattern', 'claim', 'though', 'agree', 'near.', 'magazine', 'specific', 'third.', '—', 'shocking', 'claims', 'secret', 'cure', 'surface', 'internet.']","(10000,[503,617,735,1058,1301,2059,3194,3385,3892,5354,5850,6021,6148,6591,6747,6817,6925,7281,7936,8151,8338,8413,8713,8937,9706],[0.691153161953081,4.607168188650764,5.523458920524919,4.019381523748645,4.270695952029551,2.60568818844064,4.42484663185681,4.019381523748645,2.5530444549552183,4.607168188650764,0.691153161953081,4.42484663185681,4.830311739964974,4.830311739964974,2.5530444549552183,5.117993812416755,4.137164559405029,0.6753425559264385,0.691153161953081,4.137164559405029,0.691153161953081,3.2721671219184243,4.42484663185681,4.830311739964974,3.914021008090819])",0.0
R230,"['get', 'experience', 'hit', 'book', 'analysis', 'individual', 'just.', 'describe', 'perhaps', 'professional', 'ten', 'artist.', 'experts', 'discuss', 'ongoing', 'developments', 'election.']","(10000,[393,1259,1296,1457,2155,3556,3614,3635,4506,4687,5085,7085,7117,8252,8614,9426,9462],[4.137164559405029,4.607168188650764,4.607168188650764,5.117993812416755,4.270695952029551,2.8844015909096608,0.6832166123573445,4.270695952029551,0.691153161953081,0.6871770135734415,3.7316994512968646,4.607168188650764,4.42484663185681,3.8187108282864943,4.137164559405029,4.137164559405029,0.691153161953081])",1.0
F223,"['born', 'certainly', 'model', 'make', 'market', 'product', 'share.', 'realize', 'building.', 'table', 'develop', 'almost', 'group', 'policy', 'total', 'provide.', '—', 'shocking', 'claims', 'government', 'cover-up', 'surface', 'internet.']","(10000,[447,503,533,673,1241,1582,2259,2278,2657,3032,3525,3931,4142,5850,6279,7102,7281,7766,7936,8338,8566,9545,9813],[4.270695952029551,0.691153161953081,3.914021008090819,4.019381523748645,3.3262343431887,4.270695952029551,2.8154087194227095,5.117993812416755,3.383392757028649,4.607168188650764,4.830311739964974,3.383392757028649,4.270695952029551,0.691153161953081,4.607168188650764,4.270695952029551,0.6753425559264385,4.019381523748645,0.691153161953081,0.691153161953081,4.137164559405029,4.607168188650764,2.997730276216664])",0.0
R221,"['material', 'move', 'adult', 'everyone.', 'among', 'provide', 'sure', 'anything', 'recent', 'somebody.', 'democratic', 'range', 'more.', 'experts', 'discuss', 'ongoing', 'developments', 'policy.']","(10000,[72,165,416,1821,2114,3231,3614,4506,4687,5563,5591,5606,5946,6282,6944,7362,8741,9462],[4.137164559405029,4.137164559405029,4.607168188650764,4.137164559405029,3.8187108282864943,3.8187108282864943,0.6832166123573445,0.691153161953081,0.6871770135734415,5.117993812416755,4.019381523748645,4.42484663185681,3.8187108282864943,4.607168188650764,2.8154087194227095,4.830311739964974,4.830311739964974,0.691153161953081])",1.0
R173,"['thank', 'real', 'city', 'a.', 'ready', 'determine', 'true', 'ahead', 'cause', 'which.', 'tonight', 'gun', 'also', 'follow.', 'experts', 'discuss', 'ongoing', 'developments', 'climate', 'change.']","(10000,[316,821,1687,2059,3389,3614,3792,4506,4687,5495,6315,6557,7188,7734,7870,8268,8313,8389,9462,9691],[4.270695952029551,2.849310271098391,4.42484663185681,2.60568818844064,3.7316994512968646,0.6832166123573445,3.8187108282864943,0.691153161953081,0.6871770135734415,3.914021008090819,4.607168188650764,4.270695952029551,4.137164559405029,4.019381523748645,3.914021008090819,3.6516567436233283,4.42484663185681,4.607168188650764,0.691153161953081,4.019381523748645])",0.0
F249,"['boy', 'low', 'sell', 'understand.', '—', 'shocking', 'claims', 'immortal', 'jellyfish', 'surface', 'internet.']","(10000,[157,503,2066,4485,5850,7281,7936,8338,8411,8413,9876],[3.914021008090819,0.691153161953081,2.7508701982851385,3.914021008090819,0.691153161953081,0.6753425559264385,0.691153161953081,0.691153161953081,3.914021008090819,3.2721671219184243,2.7508701982851385])",0.0
F112,"['meeting', 'pattern', 'fund', 'probably', 'debate', 'possible.', 'day', 'almost', 'option', 'population.', 'note', 'field', 'thousand', 'decision.', '—', 'shocking', 'claims', 'government', 'cover-up', 'surface', 'internet.']","(10000,[20,503,617,2259,2272,2297,4638,5377,5850,6599,6798,7074,7281,7936,8276,8338,8566,9133,9613,9813,9909],[4.019381523748645,0.691153161953081,4.607168188650764,2.8154087194227095,5.117993812416755,4.270695952029551,4.607168188650764,4.607168188650764,0.691153161953081,5.117993812416755,3.914021008090819,3.577548771469606,0.6753425559264385,0.691153161953081,3.8187108282864943,0.691153161953081,4.137164559405029,4.270695952029551,4.607168188650764,2.997730276216664,4.830311739964974])",0.0
R058,"['build', 'foot', 'hope.', 'choice', 'writer', 'left', 'authority', 'fact.', 'experts', 'discuss', 'ongoing', 'developments', 'budget', 'report.']","(10000,[1176,1662,3014,3614,4506,4687,4991,5432,6053,6906,7890,9192,9462,9918],[3.8187108282864943,3.914021008090819,4.137164559405029,0.6832166123573445,0.691153161953081,0.6871770135734415,2.455405985391302,2.7200985396183848,3.383392757028649,4.607168188650764,4.270695952029551,5.523458920524919,0.691153161953081,5.117993812416755])",1.0
R159,"['mean', 'school', 'message', 'art.', 'suddenly', 'threat', 'hundred', 'list', 'mrs', 'down.', 'visit', 'music', 'nice', 'tend', 'painting.', 'head', 'rock', 'history', 'police', 'truth', 'main', 'when.', 'experts', 'discuss', 'ongoing', 'developments', 'economic', 'growth.']","(10000,[574,698,909,1064,1637,1810,2069,2679,2715,3370,3614,3876,4043,4506,4687,5175,6370,6422,6543,7138,8070,8581,8728,9025,9034,9144,9462,9751],[3.8187108282864943,3.914021008090819,4.830311739964974,3.7316994512968646,3.6516567436233283,4.830311739964974,4.42484663185681,3.7316994512968646,3.5085558999826545,3.7316994512968646,0.6832166123573445,4.607168188650764,3.8187108282864943,0.691153161953081,0.6871770135734415,4.42484663185681,4.607168188650764,5.523458920524919,4.137164559405029,5.117993812416755,4.42484663185681,4.270695952029551,3.5085558999826545,4.607168188650764,2.8154087194227095,2.661258039595451,0.691153161953081,3.914021008090819])",1.0
R029,"['office', 'senior', 'old', 'require', 'finish', 'media', 'young', 'argue.', 'fill', 'drug', 'event', 'rule', 'degree.', 'experts', 'discuss', 'ongoing', 'developments', 'economic', 'growth.']","(10000,[343,1209,3614,4144,4506,4687,4928,6578,7083,7509,7728,7809,7860,8344,8449,9034,9144,9462,9727],[3.7316994512968646,4.42484663185681,0.6832166123573445,4.42484663185681,0.691153161953081,0.6871770135734415,5.523458920524919,4.607168188650764,3.8187108282864943,4.830311739964974,4.42484663185681,4.270695952029551,2.8154087194227095,3.8187108282864943,4.019381523748645,2.8154087194227095,2.661258039595451,0.691153161953081,4.270695952029551])",1.0
R126,"['everybody', 'son', 'word', 'design', 'economy', 'sound.', 'visit', 'remember', 'east', 'father.', 'experts', 'discuss', 'ongoing', 'developments', 'research.']","(10000,[209,217,698,2561,3519,3614,3922,4506,4687,5401,5685,6576,7066,9132,9462],[3.8187108282864943,3.7316994512968646,3.914021008090819,4.42484663185681,3.8187108282864943,0.6832166123573445,4.270695952029551,0.691153161953081,0.6871770135734415,3.8187108282864943,4.270695952029551,4.270695952029551,2.849310271098391,4.607168188650764,0.691153161953081])",1.0
R132,"['parent', 'free', 'loss', 'hospital', 'itself.', 'first', 'late', 'everybody.', 'experts', 'discuss', 'ongoing', 'developments', 'education.']","(10000,[1073,2806,2862,3079,3614,4506,4687,4930,5047,5329,6403,9462,9932],[4.270695952029551,5.523458920524919,5.117993812416755,4.019381523748645,0.6832166123573445,0.691153161953081,0.6871770135734415,3.8187108282864943,2.6902455764687034,3.8187108282864943,3.8187108282864943,0.691153161953081,4.607168188650764])",1.0
R025,"['region', 'economy', 'never', 'store', 'necessary', 'vote', 'somebody', 'understand.', 'per', 'section', 'learn', 'condition', 'foreign.', 'experts', 'discuss', 'ongoing', 'developments', 'election.']","(10000,[217,281,298,3089,3556,3614,3822,4506,4687,5328,5967,6968,7184,7979,8159,8413,9214,9462],[3.7316994512968646,4.607168188650764,4.137164559405029,4.137164559405029,2.8844015909096608,0.6832166123573445,5.117993812416755,0.691153161953081,0.6871770135734415,3.8187108282864943,3.7316994512968646,4.42484663185681,5.117993812416755,4.270695952029551,3.8187108282864943,3.2721671219184243,4.830311739964974,0.691153161953081])",1.0
F214,"['computer', 'include', 'fire', 'send', 'prove', 'song.', 'group', 'room', 'amount', 'firm.', '—', 'shocking', 'claims', 'secret', 'cure', 'surface', 'internet.']","(10000,[494,503,2551,2953,3892,5191,5214,5523,5850,6747,6934,7222,7281,7766,7936,8151,8338],[3.914021008090819,0.691153161953081,5.523458920524919,4.270695952029551,2.5530444549552183,4.270695952029551,4.137164559405029,4.270695952029551,0.691153161953081,2.5530444549552183,5.523458920524919,4.830311739964974,0.6753425559264385,4.019381523748645,0.691153161953081,4.137164559405029,0.691153161953081])",0.0
R177,"['american', 'professor', 'institution', 'past.', 'experts', 'discuss', 'ongoing', 'developments', 'policy.']","(10000,[2543,3243,3308,3614,4506,4687,6944,7652,9462],[3.4440173788450834,4.270695952029551,5.523458920524919,0.6832166123573445,0.691153161953081,0.6871770135734415,2.8154087194227095,4.019381523748645,0.691153161953081])",1.0
R196,"['recognize', 'team', 'father.', 'serious', 'far', 'production', 'price', 'little', 'college', 'suffer.', 'experts', 'discuss', 'ongoing', 'developments', 'budget', 'report.']","(10000,[468,1117,1590,1738,3614,4158,4506,4687,4991,5432,6731,8057,8171,8353,9132,9462],[4.830311739964974,5.117993812416755,4.607168188650764,3.914021008090819,0.6832166123573445,4.270695952029551,0.691153161953081,0.6871770135734415,2.455405985391302,2.7200985396183848,5.117993812416755,4.830311739964974,3.914021008090819,4.019381523748645,4.607168188650764,0.691153161953081])",1.0
R135,"['lawyer', 'week', 'society', 'notice.', 'experts', 'discuss', 'ongoing', 'developments', 'budget', 'report.']","(10000,[327,3614,4506,4687,4991,5122,5432,7366,9021,9462],[4.42484663185681,0.6832166123573445,0.691153161953081,0.6871770135734415,2.455405985391302,4.137164559405029,2.7200985396183848,5.523458920524919,4.42484663185681,0.691153161953081])",1.0
F152,"['ahead', 'explain', 'bank', 'memory', 'help.', '—', 'shocking', 'claims', 'government', 'cover-up', 'surface', 'internet.']","(10000,[503,2259,3952,5341,5850,6941,7281,7936,8268,8338,8982,9813],[0.691153161953081,2.8154087194227095,5.117993812416755,4.830311739964974,0.691153161953081,4.137164559405029,0.6753425559264385,0.691153161953081,3.6516567436233283,0.691153161953081,4.270695952029551,2.997730276216664])",0.0
F180,"['establish', 'local', 'great', 'administration', 'point', 'yourself.', 'science', 'full', 'toward', 'approach', 'ball', 'while.', 'range', 'relate', 'leader', 'bag', 'apply.', '—', 'shocking', 'claims', 'secret', 'cure', 'surface', 'internet.']","(10000,[165,228,415,503,750,988,1392,1526,2923,3095,3194,3363,3892,4416,5185,5850,6747,7281,7321,7492,7936,8338,8391,8897],[4.137164559405029,3.914021008090819,4.019381523748645,0.691153161953081,4.270695952029551,4.019381523748645,5.117993812416755,4.019381523748645,4.270695952029551,4.42484663185681,4.42484663185681,3.8187108282864943,2.5530444549552183,4.019381523748645,4.42484663185681,0.691153161953081,2.5530444549552183,0.6753425559264385,4.830311739964974,4.42484663185681,0.691153161953081,0.691153161953081,5.117993812416755,4.137164559405029])",0.0
F003,"['rule', 'establish', 'affect', 'week', 'prevent', 'believe.', 'happen', 'community', 'window', 'back.', '—', 'shocking', 'claims', 'secret', 'cure', 'surface', 'internet.']","(10000,[343,503,586,2110,2403,2923,3252,3892,4704,5122,5850,6055,6747,7281,7936,8174,8338],[3.7316994512968646,0.691153161953081,5.117993812416755,4.830311739964974,4.42484663185681,4.270695952029551,4.019381523748645,2.5530444549552183,4.019381523748645,4.137164559405029,0.691153161953081,4.42484663185681,2.5530444549552183,0.6753425559264385,0.691153161953081,4.019381523748645,0.691153161953081])",0.0
F244,"['government', 'area', 'next', 'fish', 'down.', 'thought', 'bring', 'health', 'if.', '—', 'shocking', 'claims', 'celebrity', 'scandal', 'surface', 'internet.']","(10000,[55,503,1376,2259,3057,3486,4921,5649,5850,6259,7281,7936,8273,8338,8805,9025],[4.830311739964974,0.691153161953081,4.607168188650764,2.8154087194227095,4.607168188650764,2.849310271098391,2.849310271098391,4.607168188650764,0.691153161953081,5.117993812416755,0.6753425559264385,0.691153161953081,4.42484663185681,0.691153161953081,4.019381523748645,4.607168188650764])",0.0
F194,"['born', 'watch', 'car', 'quickly', 'meeting', 'security', 'machine.', 'suddenly', 'use', 'pretty', 'exist', 'use', 'performance.', '—', 'shocking', 'claims', 'immortal', 'jellyfish', 'surface', 'internet.']","(10000,[20,503,1596,1902,2066,2634,2708,3391,3674,3919,5133,5850,6602,7281,7936,8338,8581,9545,9876],[4.019381523748645,0.691153161953081,5.117993812416755,5.117993812416755,2.7508701982851385,4.019381523748645,4.137164559405029,4.019381523748645,4.270695952029551,4.607168188650764,9.214336377301528,0.691153161953081,4.607168188650764,0.6753425559264385,0.691153161953081,0.691153161953081,4.270695952029551,4.607168188650764,2.7508701982851385])",0.0
R044,"['require', 'spend', 'certainly', 'husband', 'which.', 'decade', 'interest', 'respond', 'soldier.', 'factor', 'glass', 'meeting', 'partner', 'set', 'leader', 'natural.', 'experts', 'discuss', 'ongoing', 'developments', 'policy.']","(10000,[20,70,116,353,673,939,1526,2500,3614,4237,4506,4687,5342,6030,6315,6932,6944,7208,8449,9462,9561],[4.019381523748645,4.270695952029551,3.4440173788450834,4.270695952029551,4.019381523748645,4.42484663185681,4.019381523748645,4.270695952029551,0.6832166123573445,4.830311739964974,0.691153161953081,0.6871770135734415,4.830311739964974,4.42484663185681,4.607168188650764,3.7316994512968646,2.8154087194227095,4.607168188650764,4.019381523748645,0.691153161953081,4.270695952029551])",1.0
R141,"['energy', 'marriage', 'kid', 'treat', 'generation.', 'indicate', 'feel', 'base', 'citizen.', 'experts', 'discuss', 'ongoing', 'developments', 'economic', 'growth.']","(10000,[2174,3115,3614,3723,4506,4687,4695,6229,6485,8173,8307,8750,9034,9144,9462],[5.117993812416755,4.607168188650764,0.6832166123573445,4.137164559405029,0.691153161953081,0.6871770135734415,4.830311739964974,3.914021008090819,4.019381523748645,3.6516567436233283,4.270695952029551,4.607168188650764,2.8154087194227095,2.661258039595451,0.691153161953081])",0.0
R188,"['national', 'loss', 'war', 'house', 'already.', 'experts', 'discuss', 'ongoing', 'developments', 'climate', 'change.']","(10000,[821,2059,3614,4506,4687,5329,5836,7910,8719,9181,9462],[2.849310271098391,2.60568818844064,0.6832166123573445,0.691153161953081,0.6871770135734415,3.8187108282864943,4.137164559405029,4.137164559405029,4.42484663185681,5.117993812416755,0.691153161953081])",1.0
F010,"['prove', 'financial', 'international', 'whole.', 'study', 'little.', '—', 'shocking', 'claims', 'aliens', 'surface', 'internet.']","(10000,[188,503,650,3073,4224,5214,5850,7281,7407,7709,7936,8338],[3.8187108282864943,0.691153161953081,2.958509563063383,5.117993812416755,4.607168188650764,4.137164559405029,0.691153161953081,0.6753425559264385,4.830311739964974,5.117993812416755,0.691153161953081,0.691153161953081])",0.0
R106,"['draw', 'school', 'budget.', 'ability', 'including', 'nice', 'industry', 'left', 'main', 'close', 'these.', 'crime', 'whole', 'research', 'account.', 'experts', 'discuss', 'ongoing', 'developments', 'economic', 'growth.']","(10000,[627,731,1222,1637,1662,2679,3010,3370,3497,3614,3681,4506,4687,5678,7334,8167,9034,9144,9211,9432,9462],[4.42484663185681,4.137164559405029,5.117993812416755,3.6516567436233283,3.914021008090819,3.7316994512968646,4.019381523748645,3.7316994512968646,4.019381523748645,0.6832166123573445,4.42484663185681,0.691153161953081,0.6871770135734415,5.523458920524919,4.270695952029551,4.137164559405029,2.8154087194227095,2.661258039595451,5.523458920524919,3.914021008090819,0.691153161953081])",1.0
R049,"['process', 'tree', 'concern', 'ground', 'speak.', 'even', 'administration', 'local', 'program.', 'figure', 'new', 'civil', 'tax', 'standard', 'build.', 'experts', 'discuss', 'ongoing', 'developments', 'research.']","(10000,[228,585,593,1968,2967,3614,4110,4506,4687,5185,5598,5750,5871,6406,6487,6587,7025,7066,8040,9462],[3.914021008090819,4.019381523748645,4.270695952029551,4.137164559405029,4.607168188650764,0.6832166123573445,4.270695952029551,0.691153161953081,0.6871770135734415,4.42484663185681,4.607168188650764,5.523458920524919,4.42484663185681,4.137164559405029,3.7316994512968646,4.270695952029551,4.42484663185681,2.849310271098391,3.7316994512968646,0.691153161953081])",1.0
R144,"['chance', 'matter', 'method', 'subject', 'fact', 'seem', 'difference.', 'defense', 'thing', 'enough.', 'open', 'rich', 'wear', 'fact', 'front', 'begin.', 'experts', 'discuss', 'ongoing', 'developments', 'budget', 'report.']","(10000,[197,346,504,2402,2588,3543,3614,3857,4506,4687,4991,5432,5783,6015,6212,6581,7215,7274,8655,8915,9462],[5.523458920524919,4.270695952029551,4.137164559405029,4.137164559405029,4.019381523748645,4.019381523748645,0.6832166123573445,3.914021008090819,0.691153161953081,0.6871770135734415,2.455405985391302,2.7200985396183848,3.7316994512968646,4.270695952029551,4.830311739964974,4.137164559405029,8.03876304749729,5.117993812416755,4.019381523748645,5.523458920524919,0.691153161953081])",1.0
F199,"['else', 'course', 'character.', 'word', 'enough', 'food', 'process', 'leader', 'sometimes', 'black.', '—', 'shocking', 'claims', 'celebrity', 'scandal', 'surface', 'internet.']","(10000,[503,1526,2611,3486,3519,3652,4748,4921,5034,5850,5869,7281,7936,8040,8338,8530,8653],[0.691153161953081,4.019381523748645,4.830311739964974,2.849310271098391,3.8187108282864943,4.137164559405029,3.914021008090819,2.849310271098391,4.42484663185681,0.691153161953081,4.137164559405029,0.6753425559264385,0.691153161953081,3.7316994512968646,0.691153161953081,5.523458920524919,4.607168188650764])",0.0
F215,"['rest', 'learn', 'general', 'meet', 'professor', 'though.', 'girl', 'people', 'player', 'kind', 'south', 'protect', 'sort.', 'long.', '—', 'shocking', 'claims', 'secret', 'cure', 'surface', 'internet.']","(10000,[273,503,1029,2543,2708,3892,4263,4816,5465,5850,5967,6044,6604,6747,7235,7281,7936,8338,9012,9311,9940],[5.523458920524919,0.691153161953081,4.019381523748645,3.4440173788450834,4.137164559405029,2.5530444549552183,3.7316994512968646,3.8187108282864943,3.6516567436233283,0.691153161953081,3.7316994512968646,4.830311739964974,4.270695952029551,2.5530444549552183,4.42484663185681,0.6753425559264385,0.691153161953081,0.691153161953081,4.830311739964974,5.523458920524919,3.8187108282864943])",0.0
R176,"['conference', 'tell', 'page', 'investment.', 'drop', 'meet', 'open', 'create.', 'experts', 'discuss', 'ongoing', 'developments', 'economic', 'growth.']","(10000,[1734,1850,2827,3614,4506,4687,5657,5783,6808,8577,9034,9144,9462,9940],[5.117993812416755,4.019381523748645,4.270695952029551,0.6832166123573445,0.691153161953081,0.6871770135734415,4.270695952029551,3.7316994512968646,4.830311739964974,4.42484663185681,2.8154087194227095,2.661258039595451,0.691153161953081,3.8187108282864943])",1.0
F105,"['evening', 'idea', 'list', 'board', 'amount.', '—', 'shocking', 'claims', 'hoax', 'surface', 'internet.']","(10000,[503,2095,4377,5286,5850,5958,7281,7454,7936,8338,8728],[0.691153161953081,5.523458920524919,2.60568818844064,4.607168188650764,0.691153161953081,4.270695952029551,0.6753425559264385,3.914021008090819,0.691153161953081,0.691153161953081,3.5085558999826545])",0.0
F031,"['commercial', 'end', 'degree', 'even.', 'character', 'cell', 'parent', 'allow', 'wear.', 'season', 'generation', 'better', 'single.', '—', 'shocking', 'claims', 'miracle', 'drug', 'surface', 'internet.']","(10000,[453,503,1256,2358,2543,3210,3489,3529,4835,4867,5850,6443,6963,7177,7281,7860,7936,8338,9932,9943],[3.914021008090819,0.691153161953081,3.125563647726549,4.270695952029551,3.4440173788450834,4.270695952029551,5.117993812416755,5.523458920524919,4.137164559405029,4.137164559405029,0.691153161953081,3.8187108282864943,4.270695952029551,4.830311739964974,0.6753425559264385,2.8154087194227095,0.691153161953081,0.691153161953081,4.607168188650764,4.607168188650764])",0.0
R206,"['within', 'exist', 'indeed', 'relationship', 'focus', 'member', 'rise.', 'main', 'pretty', 'protect', 'responsibility', 'training.', 'finally', 'everyone', 'step', 'social.', 'experts', 'discuss', 'ongoing', 'developments', 'research.']","(10000,[1558,1637,1817,2764,3502,3614,3919,3931,4260,4506,4554,4687,4847,4934,6602,6790,7066,7235,8893,9462,9817],[4.42484663185681,3.6516567436233283,4.019381523748645,5.117993812416755,3.914021008090819,0.6832166123573445,4.607168188650764,3.383392757028649,4.270695952029551,0.691153161953081,5.523458920524919,0.6871770135734415,3.914021008090819,4.270695952029551,4.607168188650764,4.607168188650764,2.849310271098391,4.42484663185681,4.270695952029551,0.691153161953081,3.6516567436233283])",1.0
F238,"['detail', 'new', 'task', 'baby', 'model', 'fear', 'size', 'the.', 'debate', 'whether', 'large', 'nearly.', '—', 'shocking', 'claims', 'secret', 'cure', 'surface', 'internet.']","(10000,[503,585,1143,1348,2260,2437,3192,3406,3892,5850,6747,7022,7102,7281,7936,8276,8338,8451,9513],[0.691153161953081,4.019381523748645,3.914021008090819,5.117993812416755,4.607168188650764,4.830311739964974,4.42484663185681,4.019381523748645,2.5530444549552183,0.691153161953081,2.5530444549552183,3.6516567436233283,4.270695952029551,0.6753425559264385,0.691153161953081,3.8187108282864943,0.691153161953081,4.270695952029551,4.137164559405029])",0.0
R027,"['interest', 'culture', 'act', 'necessary.', 'study', 'onto', 'third', 'maybe', 'board.', 'process', 'tree', 'positive', 'his.', 'experts', 'discuss', 'ongoing', 'developments', 'climate', 'change.']","(10000,[1,70,821,1107,2059,3614,3754,4224,4319,4506,4687,4818,5305,5871,6928,8040,8645,8771,9462],[3.914021008090819,4.270695952029551,2.849310271098391,4.42484663185681,2.60568818844064,0.6832166123573445,4.830311739964974,4.607168188650764,3.3262343431887,0.691153161953081,0.6871770135734415,4.137164559405029,5.523458920524919,4.42484663185681,5.523458920524919,3.7316994512968646,3.577548771469606,4.830311739964974,0.691153161953081])",1.0
F169,"['likely', 'second', 'responsibility', 'number', 'hit', 'today.', 'company', 'energy', 'morning', 'establish', 'pm', 'economic', 'necessary.', '—', 'shocking', 'claims', 'government', 'cover-up', 'surface', 'internet.']","(10000,[309,503,942,1107,2259,2923,3160,3502,3882,5850,7026,7281,7936,8252,8307,8338,8519,9144,9256,9813],[4.42484663185681,0.691153161953081,4.270695952029551,4.42484663185681,2.8154087194227095,4.270695952029551,4.830311739964974,3.914021008090819,4.607168188650764,0.691153161953081,4.137164559405029,0.6753425559264385,0.691153161953081,3.8187108282864943,4.270695952029551,0.691153161953081,4.830311739964974,2.661258039595451,4.607168188650764,2.997730276216664])",0.0
F208,"['wrong', 'wife', 'type', 'head', 'economy', 'indeed.', 'go', 'national', 'wish', 'value', 'scene.', '—', 'shocking', 'claims', 'aliens', 'surface', 'internet.']","(10000,[217,495,503,650,1064,1996,3021,3526,5850,6451,6512,7281,7403,7910,7936,8338,9372],[3.7316994512968646,4.42484663185681,0.691153161953081,2.958509563063383,3.7316994512968646,5.117993812416755,4.42484663185681,3.914021008090819,0.691153161953081,3.914021008090819,4.270695952029551,0.6753425559264385,4.270695952029551,4.137164559405029,0.691153161953081,0.691153161953081,4.607168188650764])",0.0
F212,"['power', 'language', 'fish', 'away', 'feeling', 'president.', 'kid', 'major', 'consider', 'pm', 'miss.', 'lawyer', 'policy', 'mrs', 'prevent.', '—', 'shocking', 'claims', 'miracle', 'drug', 'surface', 'internet.']","(10000,[312,503,613,1058,1256,1376,1716,2338,3056,3723,3737,4142,5374,5850,6961,7026,7281,7860,7936,8338,9021,9751],[4.42484663185681,0.691153161953081,4.137164559405029,4.019381523748645,3.125563647726549,4.607168188650764,4.019381523748645,4.830311739964974,4.42484663185681,4.137164559405029,4.270695952029551,4.270695952029551,3.8187108282864943,0.691153161953081,4.830311739964974,4.137164559405029,0.6753425559264385,2.8154087194227095,0.691153161953081,0.691153161953081,4.42484663185681,3.914021008090819])",0.0
F032,"['executive', 'skin', 'key.', 'hear', 'already', 'new', 'conference.', '—', 'shocking', 'claims', 'hoax', 'surface', 'internet.']","(10000,[503,585,594,1898,4377,4657,4842,5833,5850,7281,7936,8338,9966],[0.691153161953081,4.019381523748645,4.270695952029551,4.830311739964974,2.60568818844064,5.117993812416755,4.42484663185681,4.019381523748645,0.691153161953081,0.6753425559264385,0.691153161953081,0.691153161953081,4.270695952029551])",0.0
F109,"['risk', 'painting', 'west', 'analysis.', '—', 'shocking', 'claims', 'hoax', 'surface', 'internet.']","(10000,[503,1034,4377,5085,5850,6421,7281,7936,8338,8794],[0.691153161953081,5.117993812416755,2.60568818844064,3.7316994512968646,0.691153161953081,5.523458920524919,0.6753425559264385,0.691153161953081,0.691153161953081,4.137164559405029])",0.0
R111,"['space', 'method', 'south.', 'physical', 'employee', 'history.', 'remember', 'draw', 'quite', 'foreign', 'owner', 'end', 'various.', 'experts', 'discuss', 'ongoing', 'developments', 'policy.']","(10000,[453,3614,4506,4640,4687,5685,6015,6053,6056,6206,6548,6584,6944,7424,8167,8649,9188,9462],[3.914021008090819,0.6832166123573445,0.691153161953081,4.42484663185681,0.6871770135734415,4.270695952029551,4.270695952029551,3.383392757028649,3.7316994512968646,4.137164559405029,4.607168188650764,4.607168188650764,2.8154087194227095,5.523458920524919,4.137164559405029,4.42484663185681,4.42484663185681,0.691153161953081])",1.0
F078,"['main', 'bill', 'side.', 'onto', 'adult', 'side', 'follow.', 'social', 'top', 'officer', 'sit', 'land.', 'travel', 'soon', 'movement', 'enough', 'various.', '—', 'shocking', 'claims', 'aliens', 'surface', 'internet.']","(10000,[72,503,650,696,823,1041,1637,3924,4319,4748,5294,5328,5850,6584,6946,7281,7870,7936,8135,8338,8681,9123,9781],[4.137164559405029,0.691153161953081,2.958509563063383,3.914021008090819,3.8187108282864943,4.830311739964974,3.6516567436233283,4.137164559405029,3.3262343431887,3.914021008090819,4.42484663185681,3.8187108282864943,0.691153161953081,4.607168188650764,4.830311739964974,0.6753425559264385,3.914021008090819,0.691153161953081,4.270695952029551,0.691153161953081,4.270695952029551,5.117993812416755,4.42484663185681])",0.0
R105,"['today', 'world', 'cost', 'material', 'policy.', 'organization', 'candidate', 'many', 'material', 'head', 'meet.', 'experts', 'discuss', 'ongoing', 'developments', 'budget', 'report.']","(10000,[1064,1364,2347,3231,3614,4358,4490,4506,4687,4991,5188,5432,6944,9360,9462,9806],[3.7316994512968646,5.523458920524919,4.830311739964974,7.637421656572989,0.6832166123573445,4.270695952029551,3.914021008090819,0.691153161953081,0.6871770135734415,2.455405985391302,4.019381523748645,2.7200985396183848,2.8154087194227095,4.137164559405029,0.691153161953081,4.42484663185681])",1.0
F196,"['small', 'weight', 'away', 'large.', 'give', 'performance', 'leg', 'newspaper', 'science', 'learn', 'computer.', 'company', 'sign', 'instead', 'open', 'court.', '—', 'shocking', 'claims', 'government', 'cover-up', 'surface', 'internet.']","(10000,[222,481,503,942,2259,3238,3363,3713,3737,3783,4527,5783,5850,5967,6290,6756,7281,7393,7936,8004,8338,9351,9813],[4.42484663185681,5.117993812416755,0.691153161953081,4.270695952029551,2.8154087194227095,5.117993812416755,3.8187108282864943,4.830311739964974,4.270695952029551,4.270695952029551,4.270695952029551,3.7316994512968646,0.691153161953081,3.7316994512968646,4.270695952029551,3.914021008090819,0.6753425559264385,4.607168188650764,0.691153161953081,4.42484663185681,0.691153161953081,3.914021008090819,2.997730276216664])",0.0
F118,"['hit', 'environment', 'stand', 'defense.', 'wrong', 'easy', 'range', 'someone.', '—', 'shocking', 'claims', 'immortal', 'jellyfish', 'surface', 'internet.']","(10000,[165,176,503,760,2066,2407,3409,5850,6512,6886,7281,7936,8252,8338,9876],[4.137164559405029,5.117993812416755,0.691153161953081,4.019381523748645,2.7508701982851385,4.137164559405029,4.607168188650764,0.691153161953081,4.270695952029551,3.914021008090819,0.6753425559264385,0.691153161953081,3.8187108282864943,0.691153161953081,2.7508701982851385])",0.0
F077,"['billion', 'use', 'across', 'data', 'alone.', 'sometimes', 'evidence', 'source', 'determine', 'admit', 'economic.', '—', 'shocking', 'claims', 'secret', 'cure', 'surface', 'internet.']","(10000,[258,503,1695,2007,2054,3892,5133,5850,5869,6747,7074,7281,7721,7734,7936,8338,8714,9925],[4.137164559405029,0.691153161953081,4.019381523748645,5.117993812416755,3.577548771469606,2.5530444549552183,4.607168188650764,0.691153161953081,4.137164559405029,2.5530444549552183,3.577548771469606,0.6753425559264385,3.8187108282864943,4.019381523748645,0.691153161953081,0.691153161953081,5.117993812416755,5.523458920524919])",0.0
F070,"['article', 'father', 'realize.', 'type', 'artist', 'research', 'hundred', 'rise', 'cause', 'relate.', 'hard', 'ago', 'party', 'heart', 'however', 'party', 'challenge', 'set.', '—', 'shocking', 'claims', 'government', 'cover-up', 'surface', 'internet.']","(10000,[316,503,911,1379,1702,1800,1896,2259,2710,3526,4816,5125,5175,5767,5850,5935,7281,7848,7936,8338,8931,9432,9808,9813],[4.270695952029551,0.691153161953081,4.270695952029551,8.541391904059102,4.42484663185681,5.523458920524919,3.4440173788450834,2.8154087194227095,5.523458920524919,3.914021008090819,3.8187108282864943,4.019381523748645,4.42484663185681,5.523458920524919,0.691153161953081,4.42484663185681,0.6753425559264385,5.117993812416755,0.691153161953081,0.691153161953081,3.7316994512968646,3.914021008090819,4.137164559405029,2.997730276216664])",0.0
F041,"['break', 'rest', 'common', 'big.', 'glass', 'pressure', 'rise', 'daughter', 'seek', 'manage.', 'option', 'far', 'others', 'stuff', 'approach', 'peace.', '—', 'shocking', 'claims', 'immortal', 'jellyfish', 'surface', 'internet.']","(10000,[171,503,668,1890,2066,2483,2708,3095,4158,4816,4944,5661,5850,6332,6932,6940,7281,7623,7722,7936,8338,9613,9876],[4.607168188650764,0.691153161953081,4.137164559405029,4.830311739964974,2.7508701982851385,5.523458920524919,4.137164559405029,4.42484663185681,4.270695952029551,3.8187108282864943,4.830311739964974,4.137164559405029,0.691153161953081,4.42484663185681,3.7316994512968646,4.270695952029551,0.6753425559264385,4.270695952029551,4.42484663185681,0.691153161953081,0.691153161953081,4.607168188650764,2.7508701982851385])",0.0
R026,"['difficult', 'either', 'them.', 'community', 'gun', 'partner', 'fight.', 'experts', 'discuss', 'ongoing', 'developments', 'policy.']","(10000,[116,1712,3614,4506,4687,6944,8174,8313,8957,9126,9462],[3.4440173788450834,4.270695952029551,0.6832166123573445,0.691153161953081,1.374354027146883,2.8154087194227095,4.019381523748645,4.42484663185681,5.523458920524919,3.7316994512968646,0.691153161953081])",1.0
R207,"['seem', 'tell', 'son', 'office', 'region', 'where.', 'else', 'learn', 'customer', 'health', 'ability.', 'experts', 'discuss', 'ongoing', 'developments', 'policy.']","(10000,[209,226,1413,1850,2588,3614,4506,4522,4687,5034,5967,6944,8159,8344,8805,9462],[3.8187108282864943,4.830311739964974,4.137164559405029,4.019381523748645,4.019381523748645,0.6832166123573445,0.691153161953081,4.830311739964974,0.6871770135734415,4.42484663185681,3.7316994512968646,2.8154087194227095,3.8187108282864943,3.8187108282864943,4.019381523748645,0.691153161953081])",1.0
F163,"['local', 'raise', 'fall', 'arrive', 'hear', 'ago.', 'including', 'commercial', 'state', 'attack.', 'long', 'store', 'south', 'population', 'would.', '—', 'shocking', 'claims', 'secret', 'cure', 'surface', 'internet.']","(10000,[228,503,1410,1808,3527,3643,3729,3892,4816,4842,5850,6443,6747,7184,7281,7334,7391,7936,7939,8338,8904,9258],[3.914021008090819,0.691153161953081,4.607168188650764,4.270695952029551,4.607168188650764,5.117993812416755,4.42484663185681,2.5530444549552183,3.8187108282864943,4.42484663185681,0.691153161953081,3.8187108282864943,2.5530444549552183,5.117993812416755,0.6753425559264385,4.270695952029551,4.270695952029551,0.691153161953081,4.137164559405029,0.691153161953081,4.019381523748645,4.607168188650764])",0.0
F171,"['coach', 'general', 'yourself.', 'building', 'whether', 'serve', 'probably', 'fill', 'social.', '—', 'shocking', 'claims', 'government', 'cover-up', 'surface', 'internet.']","(10000,[503,1725,2259,2297,3406,3514,4847,5465,5850,5852,7281,7321,7936,8338,9727,9813],[0.691153161953081,4.019381523748645,2.8154087194227095,4.270695952029551,4.019381523748645,4.607168188650764,3.914021008090819,3.6516567436233283,0.691153161953081,4.607168188650764,0.6753425559264385,4.830311739964974,0.691153161953081,0.691153161953081,4.270695952029551,2.997730276216664])",0.0
F139,"['large', 'budget', 'debate.', 'record', 'ago', 'democrat.', 'several', 'item', 'plan', 'tax', 'international', 'authority.', '—', 'shocking', 'claims', 'immortal', 'jellyfish', 'surface', 'internet.']","(10000,[188,503,1896,1916,2006,2066,3479,4347,4991,5850,6123,6587,7022,7281,7936,8338,9227,9876,9924],[3.8187108282864943,0.691153161953081,3.4440173788450834,4.270695952029551,4.830311739964974,2.7508701982851385,5.117993812416755,4.019381523748645,2.455405985391302,0.691153161953081,4.137164559405029,4.270695952029551,3.6516567436233283,0.6753425559264385,0.691153161953081,0.691153161953081,4.270695952029551,2.7508701982851385,4.830311739964974])",0.0
F120,"['still', 'market', 'win', 'choose', 'deal.', 'situation', 'general', 'much.', '—', 'shocking', 'claims', 'miracle', 'drug', 'surface', 'internet.']","(10000,[503,1256,2398,2657,3136,3712,5465,5850,7281,7634,7860,7936,8338,9470,9706],[0.691153161953081,3.125563647726549,4.137164559405029,3.383392757028649,4.42484663185681,4.270695952029551,3.6516567436233283,0.691153161953081,0.6753425559264385,5.523458920524919,2.8154087194227095,0.691153161953081,0.691153161953081,5.117993812416755,3.914021008090819])",0.0
F146,"['analysis', 'car', 'environment', 'attention.', 'control', 'recent', 'throughout', 'participant.', '—', 'shocking', 'claims', 'mind', 'control', 'surface', 'internet.']","(10000,[503,1208,1296,1762,2407,3184,3674,5591,5850,5948,7281,7936,8203,8338],[0.691153161953081,5.565237793199437,4.607168188650764,4.830311739964974,4.137164559405029,2.8154087194227095,4.270695952029551,4.019381523748645,0.691153161953081,4.270695952029551,0.6753425559264385,0.691153161953081,4.830311739964974,0.691153161953081])",0.0
R115,"['stand', 'cost', 'trade', 'source', 'ago', 'rock.', 'house', 'evening', 'throw', 'debate', 'science', 'try', 'bag.', 'experts', 'discuss', 'ongoing', 'developments', 'research.']","(10000,[419,1896,3363,3614,4490,4506,4687,4693,5286,5836,5891,6886,7066,7721,8276,8325,9296,9462],[4.607168188650764,3.4440173788450834,3.8187108282864943,0.6832166123573445,3.914021008090819,0.691153161953081,0.6871770135734415,4.137164559405029,4.607168188650764,4.137164559405029,4.019381523748645,3.914021008090819,2.849310271098391,3.8187108282864943,3.8187108282864943,3.8187108282864943,4.270695952029551,0.691153161953081])",0.0
F039,"['around', 'ten', 'series', 'save.', 'year', 'easy', 'also.', 'information', 'sometimes', 'likely', 'economic', 'song', 'remember.', '—', 'shocking', 'claims', 'aliens', 'surface', 'internet.']","(10000,[309,503,650,760,980,4463,5085,5849,5850,5869,6197,7281,7350,7936,8121,8190,8338,8899,9144],[4.42484663185681,0.691153161953081,2.958509563063383,4.019381523748645,4.830311739964974,4.42484663185681,3.7316994512968646,5.523458920524919,0.691153161953081,4.137164559405029,4.830311739964974,0.6753425559264385,4.42484663185681,0.691153161953081,5.523458920524919,4.830311739964974,0.691153161953081,4.270695952029551,2.661258039595451])",0.0
F225,"['focus', 'every', 'discussion', 'vote', 'ever', 'throw', 'become.', 'together', 'clear', 'doctor', 'better', 'happen', 'either.', '—', 'shocking', 'claims', 'hoax', 'surface', 'internet.']","(10000,[503,777,1611,2543,3931,4377,4704,5315,5594,5850,7281,7632,7936,8312,8325,8338,9214,9681,9714],[0.691153161953081,4.137164559405029,4.270695952029551,3.4440173788450834,3.383392757028649,2.60568818844064,4.019381523748645,4.137164559405029,4.137164559405029,0.691153161953081,0.6753425559264385,4.830311739964974,0.691153161953081,4.42484663185681,3.8187108282864943,0.691153161953081,4.830311739964974,4.830311739964974,5.523458920524919])",0.0
F140,"['section', 'natural.', 'often', 'history', 'leave', 'stay', 'material', 'decide', 'relationship.', 'much', 'type', 'glass', 'social', 'affect.', '—', 'shocking', 'claims', 'aliens', 'surface', 'internet.']","(10000,[7,433,503,524,650,823,1320,2913,3231,3526,4237,5692,5850,6543,6932,6968,7281,7936,8293,8338],[4.607168188650764,4.270695952029551,0.691153161953081,3.383392757028649,2.958509563063383,3.8187108282864943,5.117993812416755,3.914021008090819,3.8187108282864943,3.914021008090819,4.830311739964974,5.523458920524919,0.691153161953081,4.137164559405029,3.7316994512968646,4.42484663185681,0.6753425559264385,0.691153161953081,4.830311739964974,0.691153161953081])",1.0
F122,"['choice', 'phone', 'financial', 'miss', 'knowledge', 'task', 'human.', 'try', 'little', 'free', 'take', 'form', 'black', 'point.', 'leader', 'war', 'plan', 'voice', 'capital.', '—', 'shocking', 'claims', 'mind', 'control', 'surface', 'internet.']","(10000,[101,454,503,855,1071,1073,1208,1526,1590,1626,1948,3184,3530,4693,5621,5850,6053,6123,7281,7407,7864,7936,8338,8391,8451,8719],[4.607168188650764,3.5085558999826545,0.691153161953081,3.8187108282864943,4.42484663185681,4.270695952029551,2.7826188965997183,4.019381523748645,4.607168188650764,4.607168188650764,3.6516567436233283,2.8154087194227095,4.42484663185681,4.137164559405029,4.42484663185681,0.691153161953081,3.383392757028649,4.137164559405029,0.6753425559264385,4.830311739964974,5.117993812416755,0.691153161953081,0.691153161953081,5.117993812416755,4.270695952029551,4.42484663185681])",0.0
R070,"['market', 'amount', 'recent', 'somebody', 'benefit', 'stuff.', 'score', 'sometimes', 'case', 'market.', 'experts', 'discuss', 'ongoing', 'developments', 'budget', 'report.']","(10000,[1927,2657,2825,3089,3614,4506,4687,4991,5432,5591,5653,5869,6342,7222,8353,9462],[4.270695952029551,3.383392757028649,5.117993812416755,4.137164559405029,0.6832166123573445,0.691153161953081,0.6871770135734415,2.455405985391302,2.7200985396183848,4.019381523748645,4.830311739964974,4.137164559405029,4.607168188650764,4.830311739964974,4.019381523748645,0.691153161953081])",1.0
F248,"['cost', 'color', 'adult', 'meet.', 'consider', 'fact', 'author', 'beyond.', 'name', 'matter', 'picture.', '—', 'shocking', 'claims', 'celebrity', 'scandal', 'surface', 'internet.']","(10000,[15,72,142,312,503,2347,2402,2887,3486,4490,4921,5850,7215,7281,7936,8338,9350,9832],[5.117993812416755,4.137164559405029,5.523458920524919,4.42484663185681,0.691153161953081,4.830311739964974,4.137164559405029,5.117993812416755,2.849310271098391,3.914021008090819,2.849310271098391,0.691153161953081,4.019381523748645,0.6753425559264385,0.691153161953081,0.691153161953081,4.42484663185681,3.914021008090819])",0.0
R016,"['piece', 'establish', 'relationship', 'like', 'including.', 'choice', 'work', 'suggest', 'response', 'however.', 'executive', 'call', 'leader', 'yard.', 'experts', 'discuss', 'ongoing', 'developments', 'technology', 'breakthrough.']","(10000,[1020,1059,1526,2227,2445,2923,3133,3330,3614,4260,4506,4687,5146,6053,7816,8888,9261,9462,9527,9966],[2.6330871626287546,5.117993812416755,4.019381523748645,2.7200985396183848,4.137164559405029,4.270695952029551,4.607168188650764,4.607168188650764,0.6832166123573445,4.270695952029551,0.691153161953081,0.6871770135734415,4.270695952029551,3.383392757028649,4.42484663185681,5.117993812416755,5.117993812416755,0.691153161953081,3.8187108282864943,4.270695952029551])",1.0
R148,"['onto', 'represent', 'approach', 'ten', 'pay', 'account', 'focus.', 'bill', 'know', 'million.', 'experts', 'discuss', 'ongoing', 'developments', 'technology', 'breakthrough.']","(10000,[1020,2227,3095,3614,4319,4506,4687,4897,5085,7724,7779,8016,8135,8717,9187,9462],[2.6330871626287546,2.7200985396183848,4.42484663185681,0.6832166123573445,3.3262343431887,0.691153161953081,0.6871770135734415,4.607168188650764,3.7316994512968646,5.117993812416755,3.8187108282864943,5.117993812416755,4.270695952029551,3.6516567436233283,3.5085558999826545,0.691153161953081])",1.0
R142,"['truth', 'chance', 'truth', 'give', 'early', 'raise', 'southern', 'hope.', 'first', 'series', 'buy', 'remain', 'officer', 'rather.', 'bar', 'although', 'truth', 'myself.', 'experts', 'discuss', 'ongoing', 'developments', 'budget', 'report.']","(10000,[80,346,696,1661,2069,2895,3527,3614,3743,3783,4092,4463,4506,4687,4991,5205,5432,6403,7332,7779,9462,9918],[4.137164559405029,4.270695952029551,3.914021008090819,5.117993812416755,13.274539895570431,4.830311739964974,4.607168188650764,0.6832166123573445,4.607168188650764,4.270695952029551,3.8187108282864943,4.42484663185681,0.691153161953081,0.6871770135734415,2.455405985391302,4.607168188650764,2.7200985396183848,3.8187108282864943,4.270695952029551,3.8187108282864943,0.691153161953081,5.117993812416755])",1.0
F141,"['several', 'arm', 'enter', 'those.', 'hope', 'lawyer', 'activity', 'identify.', '—', 'shocking', 'claims', 'miracle', 'drug', 'surface', 'internet.']","(10000,[503,1256,1657,3984,5850,6000,7281,7435,7488,7860,7936,8110,8338,9021,9227],[0.691153161953081,3.125563647726549,4.830311739964974,4.019381523748645,0.691153161953081,4.270695952029551,0.6753425559264385,4.137164559405029,5.523458920524919,2.8154087194227095,0.691153161953081,4.830311739964974,0.691153161953081,4.42484663185681,4.270695952029551])",0.0
R076,"['expert', 'pressure', 'blue', 'old', 'raise.', 'arm', 'turn', 'speak', 'century', 'thing', 'plan', 'drive.', 'personal', 'half', 'card', 'finish', 'couple', 'front.', 'experts', 'discuss', 'ongoing', 'developments', 'technology', 'breakthrough.']","(10000,[914,1020,1780,2144,2227,3614,3857,3886,3984,4253,4506,4687,4732,5661,5768,6123,6578,7083,7593,7702,7841,7939,9391,9462],[4.137164559405029,2.6330871626287546,4.137164559405029,4.42484663185681,2.7200985396183848,0.6832166123573445,3.914021008090819,4.137164559405029,4.019381523748645,4.830311739964974,0.691153161953081,0.6871770135734415,4.830311739964974,4.137164559405029,4.137164559405029,4.137164559405029,4.607168188650764,3.8187108282864943,5.523458920524919,4.270695952029551,4.42484663185681,4.137164559405029,3.6516567436233283,0.691153161953081])",1.0
R180,"['media', 'visit', 'say', 'cover.', 'tell', 'including.', 'experts', 'discuss', 'ongoing', 'developments', 'budget', 'report.']","(10000,[698,1209,1850,3614,4506,4687,4991,5432,5862,8867,8888,9462],[3.914021008090819,4.42484663185681,4.019381523748645,0.6832166123573445,0.691153161953081,0.6871770135734415,2.455405985391302,2.7200985396183848,3.914021008090819,4.830311739964974,5.117993812416755,0.691153161953081])",1.0
F126,"['receive', 'friend', 'item.', 'attack', 'job', 'word', 'recognize', 'nature.', 'another', 'prepare', 'letter', 'receive.', 'win', 'country', 'town', 'accept', 'budget.', '—', 'shocking', 'claims', 'aliens', 'surface', 'internet.']","(10000,[488,503,557,564,650,1222,2286,2398,2657,2687,3519,4617,4715,5693,5850,7281,7299,7870,7936,8166,8171,8338,8346],[4.830311739964974,0.691153161953081,4.019381523748645,3.914021008090819,2.958509563063383,5.117993812416755,4.019381523748645,4.137164559405029,3.383392757028649,5.523458920524919,3.8187108282864943,3.7316994512968646,3.7316994512968646,4.270695952029551,0.691153161953081,0.6753425559264385,5.117993812416755,3.914021008090819,0.691153161953081,4.42484663185681,3.914021008090819,0.691153161953081,4.830311739964974])",0.0
R134,"['imagine', 'difficult', 'top', 'debate', 'page', 'send.', 'house', 'mouth.', 'according', 'social', 'listen', 'find', 'cut', 'choose.', 'experts', 'discuss', 'ongoing', 'developments', 'economic', 'growth.']","(10000,[429,823,1206,1712,2827,3283,3614,4333,4506,4687,5301,5328,5836,5952,7510,7564,8276,9034,9144,9462],[4.019381523748645,3.8187108282864943,4.42484663185681,4.270695952029551,4.270695952029551,5.117993812416755,0.6832166123573445,5.523458920524919,0.691153161953081,0.6871770135734415,4.607168188650764,3.8187108282864943,4.137164559405029,5.523458920524919,4.42484663185681,4.019381523748645,3.8187108282864943,2.8154087194227095,2.661258039595451,0.691153161953081])",0.0
F132,"['word', 'though', 'fund', 'toward', 'police.', 'eat', 'reduce', 'citizen', 'create', 'authority', 'all.', 'plant', 'young', 'hour', 'stand', 'doctor.', '—', 'shocking', 'claims', 'mind', 'control', 'surface', 'internet.']","(10000,[8,503,527,1176,1208,1404,1535,3184,3194,3385,3519,4391,4638,5850,6886,7229,7244,7276,7281,7809,7936,8159,8338],[4.137164559405029,0.691153161953081,4.137164559405029,3.8187108282864943,2.7826188965997183,5.523458920524919,5.523458920524919,2.8154087194227095,4.42484663185681,4.019381523748645,3.8187108282864943,4.830311739964974,4.607168188650764,0.691153161953081,3.914021008090819,5.117993812416755,3.577548771469606,4.830311739964974,0.6753425559264385,4.270695952029551,0.691153161953081,3.8187108282864943,0.691153161953081])",0.0
F230,"['necessary', 'spend', 'foot', 'defense.', 'simple', 'education', 'phone', 'after.', '—', 'shocking', 'claims', 'immortal', 'jellyfish', 'surface', 'internet.']","(10000,[176,353,503,1626,2039,2066,2913,5530,5850,7281,7890,7936,7979,8338,9876],[5.117993812416755,4.270695952029551,0.691153161953081,4.607168188650764,5.523458920524919,2.7508701982851385,3.914021008090819,4.019381523748645,0.691153161953081,0.6753425559264385,4.270695952029551,0.691153161953081,4.270695952029551,0.691153161953081,2.7508701982851385])",0.0
F243,"['main', 'buy', 'research', 'look', 'response', 'page', 'present', 'so.', 'behind', 'partner', 'senior', 'family', 'customer.', '—', 'shocking', 'claims', 'aliens', 'surface', 'internet.']","(10000,[80,116,503,650,1637,1783,2445,2827,4144,4346,5850,6714,7281,7936,8130,8297,8338,9432,9939],[4.137164559405029,3.4440173788450834,0.691153161953081,2.958509563063383,3.6516567436233283,4.830311739964974,4.137164559405029,4.270695952029551,4.42484663185681,4.137164559405029,0.691153161953081,5.523458920524919,0.6753425559264385,0.691153161953081,4.830311739964974,4.42484663185681,0.691153161953081,3.914021008090819,4.270695952029551])",0.0
R191,"['certain', 'simply', 'late', 'south', 'see.', 'leave', 'cup', 'hold', 'commercial', 'operation', 'national', 'letter.', 'brother', 'protect', 'ago', 'better', 'body.', 'experts', 'discuss', 'ongoing', 'developments', 'budget', 'report.']","(10000,[291,1642,1896,2389,2543,2913,3059,3079,3614,4300,4506,4687,4816,4991,5432,5726,5922,6443,6975,7235,7910,9288,9462],[4.42484663185681,4.019381523748645,3.4440173788450834,3.8187108282864943,3.4440173788450834,3.914021008090819,4.830311739964974,4.019381523748645,0.6832166123573445,4.830311739964974,0.691153161953081,0.6871770135734415,3.8187108282864943,2.455405985391302,2.7200985396183848,4.42484663185681,5.117993812416755,3.8187108282864943,5.117993812416755,4.42484663185681,4.137164559405029,4.607168188650764,0.691153161953081])",1.0
R130,"['base', 'certainly', 'play.', 'son', 'car', 'life', 'push.', 'owner', 'size', 'level.', 'experts', 'discuss', 'ongoing', 'developments', 'public', 'health.']","(10000,[209,673,1770,3192,3477,3614,3674,4506,4517,4687,6053,6219,7074,8173,9121,9462],[3.8187108282864943,4.019381523748645,3.0385522707369192,4.42484663185681,4.607168188650764,0.6832166123573445,4.270695952029551,0.691153161953081,5.523458920524919,0.6871770135734415,3.383392757028649,3.0811118851557153,3.577548771469606,3.6516567436233283,4.607168188650764,0.691153161953081])",1.0
F081,"['million', 'talk', 'product', 'never.', 'ask', 'series', 'hair', 'side', 'method.', '—', 'shocking', 'claims', 'mind', 'control', 'surface', 'internet.']","(10000,[447,503,1208,3184,3507,4463,5850,7040,7281,7664,7936,8338,8463,8651,8925,9781],[4.270695952029551,0.691153161953081,2.7826188965997183,2.8154087194227095,4.42484663185681,4.42484663185681,0.691153161953081,5.523458920524919,0.6753425559264385,5.117993812416755,0.691153161953081,0.691153161953081,5.117993812416755,4.137164559405029,4.137164559405029,4.42484663185681])",0.0
R209,"['finally', 'sister', 'assume.', 'discuss', 'attorney', 'food', 'movie', 'public.', 'public', 'determine', 'school', 'experience', 'car', 'animal.', 'experts', 'discuss', 'ongoing', 'developments', 'technology', 'breakthrough.']","(10000,[1020,1439,1770,1817,2227,2679,3521,3614,3635,3674,4506,4687,4853,7721,7734,8366,8550,8653,9462],[2.6330871626287546,3.914021008090819,3.0385522707369192,4.019381523748645,2.7200985396183848,3.7316994512968646,4.270695952029551,1.366433224714689,4.270695952029551,4.270695952029551,0.691153161953081,0.6871770135734415,4.830311739964974,3.8187108282864943,4.019381523748645,5.117993812416755,5.523458920524919,4.607168188650764,0.691153161953081])",1.0
F228,"['walk', 'value', 'way', 'along.', 'window', 'ago', 'wall', 'anything', 'week', 'style.', 'similar', 'manage', 'performance', 'unit', 'although', 'believe', 'summer.', '—', 'shocking', 'claims', 'hoax', 'surface', 'internet.']","(10000,[503,533,1766,1896,2114,2191,2403,3500,4377,5122,5850,6142,6335,6404,7046,7281,7403,7779,7883,7936,8338,9351,9391],[0.691153161953081,3.914021008090819,4.830311739964974,3.4440173788450834,3.8187108282864943,4.42484663185681,4.42484663185681,5.117993812416755,2.60568818844064,4.137164559405029,0.691153161953081,4.137164559405029,4.137164559405029,3.8187108282864943,4.830311739964974,0.6753425559264385,4.270695952029551,3.8187108282864943,4.42484663185681,0.691153161953081,0.691153161953081,3.914021008090819,3.6516567436233283])",0.0
R030,"['example', 'star', 'sport', 'hit', 'agency.', 'trouble', 'land', 'take', 'boy.', 'fine', 'expect', 'special', 'positive', 'ability.', 'experts', 'discuss', 'ongoing', 'developments', 'budget', 'report.']","(10000,[1,226,855,1051,1055,2909,3614,3691,4506,4687,4991,5170,5432,6431,7148,8046,8252,8278,9462,9606],[3.914021008090819,4.830311739964974,3.8187108282864943,5.523458920524919,4.019381523748645,4.270695952029551,0.6832166123573445,4.42484663185681,0.691153161953081,0.6871770135734415,2.455405985391302,4.42484663185681,2.7200985396183848,4.42484663185681,5.117993812416755,5.523458920524919,3.8187108282864943,4.270695952029551,0.691153161953081,4.42484663185681])",1.0
R214,"['model', 'even', 'always', 'bag', 'break', 'technology.', 'experts', 'discuss', 'ongoing', 'developments', 'education.']","(10000,[415,668,3614,4506,4687,5047,6406,7102,8893,9011,9462],[4.019381523748645,4.137164559405029,0.6832166123573445,0.691153161953081,0.6871770135734415,2.6902455764687034,4.137164559405029,4.270695952029551,4.270695952029551,4.42484663185681,0.691153161953081])",1.0
R175,"['include', 'officer', 'movie', 'this.', 'positive', 'agree', 'worry.', 'experts', 'discuss', 'ongoing', 'developments', 'economic', 'growth.']","(10000,[1,696,1439,2953,3614,4506,4687,4963,6925,9034,9144,9231,9462],[3.914021008090819,3.914021008090819,3.914021008090819,4.270695952029551,0.6832166123573445,0.691153161953081,0.6871770135734415,4.830311739964974,4.137164559405029,2.8154087194227095,2.661258039595451,4.270695952029551,0.691153161953081])",1.0
